file,pred_class,conf,top5_classes,top5_conf
..\Data\Rest Ungelabelt\001e53127c8049dc94ead93b884b92fa.jpeg,Data Store Object,0.13344450294971466,"['Data Store Object', 'Data Mart', 'Composite Provider', 'Data Source', 'Datenvorschau']","[0.13344450294971466, 0.09534694999456406, 0.07079210132360458, 0.07058428972959518, 0.07036133855581284]"
..\Data\Rest Ungelabelt\001e80166ed44602808dc75c92d81d3e.jpeg,Excel,0.18397067487239838,"['Excel', 'Bewegungsdaten', 'Data Flow Object', 'ABAP Dictionary', 'DTP']","[0.18397067487239838, 0.06807075440883636, 0.06805294007062912, 0.06802753359079361, 0.06799809634685516]"
..\Data\Rest Ungelabelt\002f7cca46e7451797539bfc9520b39f.png,Data Store Object,0.13379926979541779,"['Data Store Object', 'Datenvorschau', 'Transformationen', 'Composite Provider', 'Data Mart']","[0.13379926979541779, 0.07742930203676224, 0.07687965780496597, 0.07508327066898346, 0.07309002429246902]"
..\Data\Rest Ungelabelt\0042c7e49bb143ca9b50b3d6336c003b.png,Excel,0.1846637725830078,"['Excel', 'Composite Provider', 'Bewegungsdaten', 'Transformationen', 'Data Store Object']","[0.1846637725830078, 0.06794848293066025, 0.06794549524784088, 0.06794524192810059, 0.06794483959674835]"
..\Data\Rest Ungelabelt\0048fa9d132c47cf8e7b7e7a2397c340.png,Data Store Object,0.1683657169342041,"['Data Store Object', 'Data Source', 'Composite Provider', 'DTP', 'BW4Cockpit (Stammdaten)']","[0.1683657169342041, 0.07224664092063904, 0.07164464145898819, 0.06909789890050888, 0.06879150122404099]"
..\Data\Rest Ungelabelt\0056d6ebd8c045ea8bac5910b8aee061.jpeg,Bewegungsdaten,0.1232631728053093,"['Bewegungsdaten', 'ABAP Dictionary', 'Datenvorschau', 'Composite Provider', 'Data Store Object']","[0.1232631728053093, 0.08628732711076736, 0.08518679440021515, 0.07175692170858383, 0.07088828831911087]"
..\Data\Rest Ungelabelt\005a2c943c5a4344bc058a3680a62c43.png,Query,0.18425656855106354,"['Query', 'Data Source', 'Data Mart', 'Transformationen', 'Data Store Object']","[0.18425656855106354, 0.06802785396575928, 0.06799528002738953, 0.06799012422561646, 0.06798011809587479]"
..\Data\Rest Ungelabelt\00635eb81d3f44929ff3ab042ce740d7.jpeg,Data Flow Object,0.1404659003019333,"['Data Flow Object', 'Composite Provider', 'ABAP Dictionary', 'Bewegungsdaten', 'Transformationen']","[0.1404659003019333, 0.08892571181058884, 0.07144676893949509, 0.07064865529537201, 0.07019314914941788]"
..\Data\Rest Ungelabelt\008e8269e68341848a3680ebc4f11910.jpeg,Data Source,0.1280783712863922,"['Data Source', 'Datenvorschau', 'Data Store Object', 'Data Mart', 'Bewegungsdaten']","[0.1280783712863922, 0.09093490988016129, 0.07664752006530762, 0.07172912359237671, 0.07068213075399399]"
..\Data\Rest Ungelabelt\0095bdfa2afa442c9a6d3a70a1723eda.png,Data Store Object,0.15769027173519135,"['Data Store Object', 'Query', 'Data Source', 'DTP', 'BW4Cockpit (Stammdaten)']","[0.15769027173519135, 0.07888436317443848, 0.07066730409860611, 0.06967179477214813, 0.06947973370552063]"
..\Data\Rest Ungelabelt\00986dc258864b0994fb41c2b9e554c1.png,Datenvorschau,0.10736799985170364,"['Datenvorschau', 'Transformationen', 'Composite Provider', 'Data Source', 'Data Flow Object']","[0.10736799985170364, 0.10293594002723694, 0.07864367216825485, 0.07249370217323303, 0.07195460796356201]"
..\Data\Rest Ungelabelt\00e580ac595043df840cfc31fb279981.png,Bewegungsdaten,0.1825532168149948,"['Bewegungsdaten', 'Datenvorschau', 'ABAP Dictionary', 'BW4Cockpit (Stammdaten)', 'Data Store Object']","[0.1825532168149948, 0.06863044202327728, 0.06818043440580368, 0.06811901926994324, 0.06807699799537659]"
..\Data\Rest Ungelabelt\0103d447db2e4d2491e86bb010e698b1.png,Query,0.18327218294143677,"['Query', 'Data Source', 'Data Store Object', 'BW4Cockpit (Stammdaten)', 'Data Mart']","[0.18327218294143677, 0.06821686029434204, 0.06816541403532028, 0.06807264685630798, 0.06806104630231857]"
..\Data\Rest Ungelabelt\0139d94c53f14f6b97d38f62f6f3e816.png,Datenvorschau,0.1519639492034912,"['Datenvorschau', 'DTP', 'Composite Provider', 'Query', 'Excel']","[0.1519639492034912, 0.08383046835660934, 0.07011779397726059, 0.06967268884181976, 0.06951890140771866]"
..\Data\Rest Ungelabelt\01679ef4d9434aa7b38d61e810c0f938.png,Data Source,0.09917343407869339,"['Data Source', 'Datenvorschau', 'Data Store Object', 'DTP', 'Query']","[0.09917343407869339, 0.09075462818145752, 0.08209209144115448, 0.07673904299736023, 0.07577420026063919]"
..\Data\Rest Ungelabelt\016eeb8aba964d9ea7b429608ff83174.png,Query,0.17590445280075073,"['Query', 'Data Store Object', 'Data Source', 'ABAP Dictionary', 'Data Mart']","[0.17590445280075073, 0.07127903401851654, 0.06870903074741364, 0.0685625970363617, 0.06846287846565247]"
..\Data\Rest Ungelabelt\018bffa8a2794a24ba97583f43898e75.png,Query,0.1846855729818344,"['Query', 'Data Store Object', 'BW4Cockpit (Stammdaten)', 'Data Flow Object', 'Data Mart']","[0.1846855729818344, 0.06794317811727524, 0.06794294714927673, 0.06794291734695435, 0.06794285029172897]"
..\Data\Rest Ungelabelt\01a91b38a37142d7a9aa5450c5b838b6.png,Data Flow Object,0.1832086741924286,"['Data Flow Object', 'Composite Provider', 'Transformationen', 'Excel', 'DTP']","[0.1832086741924286, 0.06861375272274017, 0.068031907081604, 0.06801531463861465, 0.06801509857177734]"
..\Data\Rest Ungelabelt\01b88a99ec9a48fca3eceab03d8cef18.png,ABAP Dictionary,0.18303658068180084,"['ABAP Dictionary', 'Transformationen', 'DTP', 'Datenvorschau', 'Query']","[0.18303658068180084, 0.06830286979675293, 0.06820792704820633, 0.06809531152248383, 0.06805899739265442]"
..\Data\Rest Ungelabelt\01de77ac7d664dcf8bbe87355db1b7ad.png,Data Store Object,0.1567203253507614,"['Data Store Object', 'Composite Provider', 'Query', 'Data Source', 'Data Mart']","[0.1567203253507614, 0.07614568620920181, 0.0731281116604805, 0.06987069547176361, 0.06985277682542801]"
..\Data\Rest Ungelabelt\01f44f44f0be4eec99eaf86f508079c5.png,Query,0.1846858710050583,"['Query', 'BW4Cockpit (Stammdaten)', 'Data Mart', 'Data Store Object', 'Composite Provider']","[0.1846858710050583, 0.06794300675392151, 0.06794288754463196, 0.06794288754463196, 0.06794285029172897]"
..\Data\Rest Ungelabelt\01fb3347d82c4936973658456c6eebd5.png,Datenvorschau,0.13741831481456757,"['Datenvorschau', 'Bewegungsdaten', 'Composite Provider', 'Excel', 'Data Store Object']","[0.13741831481456757, 0.09603763371706009, 0.06968997418880463, 0.06968741118907928, 0.06968705356121063]"
..\Data\Rest Ungelabelt\021881df718240f787671e5332c76d0d.png,Data Flow Object,0.18465086817741394,"['Data Flow Object', 'Composite Provider', 'DTP', 'ABAP Dictionary', 'Datenvorschau']","[0.18465086817741394, 0.0679585337638855, 0.06794494390487671, 0.06794474273920059, 0.06794466823339462]"
..\Data\Rest Ungelabelt\022b206a1e7e4d3285a66da9bb5a9b13.jpeg,Excel,0.182303324341774,"['Excel', 'Bewegungsdaten', 'Datenvorschau', 'DTP', 'BW4Cockpit (Stammdaten)']","[0.182303324341774, 0.0685897022485733, 0.06843198835849762, 0.06808535009622574, 0.06807438284158707]"
..\Data\Rest Ungelabelt\029d3b815eb549dabd60d5ead91c9d57.png,Datenvorschau,0.14766739308834076,"['Datenvorschau', 'Data Source', 'Data Store Object', 'Composite Provider', 'Data Mart']","[0.14766739308834076, 0.08309227228164673, 0.07240373641252518, 0.07037164270877838, 0.07019118219614029]"
..\Data\Rest Ungelabelt\02aabdd829bd4fc2b10919172e2def75.png,Query,0.12095203250646591,"['Query', 'Data Store Object', 'Data Source', 'DTP', 'BW4Cockpit (Stammdaten)']","[0.12095203250646591, 0.0875358060002327, 0.07948111742734909, 0.07542058825492859, 0.07220932841300964]"
..\Data\Rest Ungelabelt\02cb392004bd4a18802dc3d7ecbed824.png,Data Source,0.10310995578765869,"['Data Source', 'Composite Provider', 'Data Store Object', 'Datenvorschau', 'Data Mart']","[0.10310995578765869, 0.08869530260562897, 0.08221504092216492, 0.08182471990585327, 0.07350526750087738]"
..\Data\Rest Ungelabelt\02cf13481bb946ea8eed5e775f0031d5.jpeg,Data Store Object,0.17344523966312408,"['Data Store Object', 'Composite Provider', 'Data Source', 'DTP', 'Datenvorschau']","[0.17344523966312408, 0.0709088146686554, 0.06957623362541199, 0.0688140019774437, 0.06877496093511581]"
..\Data\Rest Ungelabelt\02d477db309e4bed98b0093859231b2f.png,Data Store Object,0.1726398468017578,"['Data Store Object', 'Transformationen', 'Query', 'DTP', 'Data Mart']","[0.1726398468017578, 0.07108060270547867, 0.06976629048585892, 0.06890209764242172, 0.06869903206825256]"
..\Data\Rest Ungelabelt\02d79d48ae4a49d69b0aa53b7ad7f402.png,Excel,0.1841500848531723,"['Excel', 'Bewegungsdaten', 'BW4Cockpit (Stammdaten)', 'Datenvorschau', 'Composite Provider']","[0.1841500848531723, 0.06807506084442139, 0.06801292300224304, 0.06799493730068207, 0.06797961890697479]"
..\Data\Rest Ungelabelt\02e6e14cfb7a4b43acc5548a0a908752.png,Data Source,0.1310417652130127,"['Data Source', 'Query', 'Data Store Object', 'Datenvorschau', 'Data Mart']","[0.1310417652130127, 0.08834967762231827, 0.07629740238189697, 0.07219065725803375, 0.0715930387377739]"
..\Data\Rest Ungelabelt\02ec3501a96c4b80b75110cc458d35d9.png,Data Store Object,0.13050627708435059,"['Data Store Object', 'Data Source', 'Data Mart', 'Datenvorschau', 'Query']","[0.13050627708435059, 0.09048737585544586, 0.07850352674722672, 0.07030149549245834, 0.0700869932770729]"
..\Data\Rest Ungelabelt\0315c1062d5147cb96c8f47abc11d038.png,Data Flow Object,0.18445029854774475,"['Data Flow Object', 'Composite Provider', 'Datenvorschau', 'Excel', 'Data Store Object']","[0.18445029854774475, 0.06798887997865677, 0.06797484308481216, 0.06796643137931824, 0.0679643452167511]"
..\Data\Rest Ungelabelt\031f2df6fed448828d16c0f195a741a6.png,Excel,0.1846660077571869,"['Excel', 'Datenvorschau', 'Composite Provider', 'Bewegungsdaten', 'DTP']","[0.1846660077571869, 0.06794852763414383, 0.06794547289609909, 0.06794474273920059, 0.06794431060552597]"
..\Data\Rest Ungelabelt\033240c566684c77b34046236c2e8de4.png,Datenvorschau,0.16601090133190155,"['Datenvorschau', 'Query', 'Data Source', 'BW4Cockpit (Stammdaten)', 'Excel']","[0.16601090133190155, 0.07325094193220139, 0.07166138291358948, 0.06956642866134644, 0.06896890699863434]"
..\Data\Rest Ungelabelt\033821fad8724711ae45ca8001f69043.png,Data Store Object,0.18399691581726074,"['Data Store Object', 'DTP', 'BW4Cockpit (Stammdaten)', 'Composite Provider', 'Query']","[0.18399691581726074, 0.06822413951158524, 0.06800317019224167, 0.06798245757818222, 0.06797905266284943]"
..\Data\Rest Ungelabelt\03544f156d624d59a2ac78405f2444bd.png,Datenvorschau,0.1841878741979599,"['Datenvorschau', 'Composite Provider', 'Transformationen', 'Excel', 'Data Store Object']","[0.1841878741979599, 0.06806467473506927, 0.06801522523164749, 0.06799270212650299, 0.06797876954078674]"
..\Data\Rest Ungelabelt\035f1d510d9649999525cef8195a7169.jpeg,Bewegungsdaten,0.09854758530855179,"['Bewegungsdaten', 'Excel', 'BW4Cockpit (Stammdaten)', 'Datenvorschau', 'Composite Provider']","[0.09854758530855179, 0.08579688519239426, 0.08239693939685822, 0.07620470225811005, 0.07543113082647324]"
..\Data\Rest Ungelabelt\0365430944474e249359e70d45c42012.png,Data Store Object,0.1842518001794815,"['Data Store Object', 'DTP', 'Query', 'BW4Cockpit (Stammdaten)', 'Data Source']","[0.1842518001794815, 0.0680299922823906, 0.0680108368396759, 0.06799761950969696, 0.06797557324171066]"
..\Data\Rest Ungelabelt\038a5d3e0b8843388d8904abc7a82539.png,Composite Provider,0.16673599183559418,"['Composite Provider', 'Data Store Object', 'Transformationen', 'DTP', 'Data Mart']","[0.16673599183559418, 0.07366485148668289, 0.07173766940832138, 0.06881818920373917, 0.06880688667297363]"
..\Data\Rest Ungelabelt\0397e38bd46d443092554289ba08f8f0.png,Query,0.11801579594612122,"['Query', 'Data Store Object', 'Data Source', 'Data Mart', 'Datenvorschau']","[0.11801579594612122, 0.09662017226219177, 0.07578085362911224, 0.07307092100381851, 0.07263435423374176]"
..\Data\Rest Ungelabelt\03aa4f8c406b4f36ae3a89a1a784d984.png,Data Source,0.14812146127223969,"['Data Source', 'Transformationen', 'DTP', 'ABAP Dictionary', 'Datenvorschau']","[0.14812146127223969, 0.0794486328959465, 0.0718635842204094, 0.07115422934293747, 0.07053409516811371]"
..\Data\Rest Ungelabelt\03b359fa5d3d48148433b6d78a2e3cfa.png,Excel,0.18454711139202118,"['Excel', 'Bewegungsdaten', 'Data Flow Object', 'Transformationen', 'ABAP Dictionary']","[0.18454711139202118, 0.06800659000873566, 0.06794997304677963, 0.06794986873865128, 0.06794977188110352]"
..\Data\Rest Ungelabelt\03b4225b87d34712af9c10ad3429650d.jpeg,Bewegungsdaten,0.12814961373806,"['Bewegungsdaten', 'ABAP Dictionary', 'Datenvorschau', 'Excel', 'Composite Provider']","[0.12814961373806, 0.10258618742227554, 0.07007817178964615, 0.07001771777868271, 0.06993773579597473]"
..\Data\Rest Ungelabelt\03df0f50018642bb8c956c462b6f7a24.png,ABAP Dictionary,0.11470159888267517,"['ABAP Dictionary', 'Transformationen', 'BW4Cockpit (Stammdaten)', 'DTP', 'Excel']","[0.11470159888267517, 0.0988258644938469, 0.08125171810388565, 0.07108987867832184, 0.07070103287696838]"
..\Data\Rest Ungelabelt\045267fe778f4d30a5fe9f8c51514133.png,Data Store Object,0.1383071094751358,"['Data Store Object', 'Data Mart', 'Data Source', 'Datenvorschau', 'DTP']","[0.1383071094751358, 0.08703640103340149, 0.07546667754650116, 0.07049514353275299, 0.06997130811214447]"
..\Data\Rest Ungelabelt\045a1422b9494899964f6af5f3b0913a.png,Composite Provider,0.13268724083900452,"['Composite Provider', 'Data Store Object', 'Query', 'DTP', 'Data Source']","[0.13268724083900452, 0.0818251296877861, 0.07710335403680801, 0.07357483357191086, 0.0719665065407753]"
..\Data\Rest Ungelabelt\0470ab402b4d46bdaab23c6152b2c55b.png,Datenvorschau,0.1554236114025116,"['Datenvorschau', 'Data Source', 'Query', 'BW4Cockpit (Stammdaten)', 'Data Store Object']","[0.1554236114025116, 0.08340748399496078, 0.06929576396942139, 0.06922632455825806, 0.06920364499092102]"
..\Data\Rest Ungelabelt\04726aa0aeaa4e3286cb2b3552a3d870.png,Bewegungsdaten,0.18468746542930603,"['Bewegungsdaten', 'ABAP Dictionary', 'BW4Cockpit (Stammdaten)', 'Composite Provider', 'DTP']","[0.18468746542930603, 0.06794271618127823, 0.06794271618127823, 0.06794271618127823, 0.06794271618127823]"
..\Data\Rest Ungelabelt\0474e771314b4eb39afb6e26d9290fde.jpeg,Data Flow Object,0.14542357623577118,"['Data Flow Object', 'Composite Provider', 'Transformationen', 'ABAP Dictionary', 'Bewegungsdaten']","[0.14542357623577118, 0.08652500808238983, 0.07179085910320282, 0.06983492523431778, 0.06973778456449509]"
..\Data\Rest Ungelabelt\04a4c8bf85a64c5d8069dd1c3c3ffdb8.png,Data Store Object,0.10871414840221405,"['Data Store Object', 'Composite Provider', 'Query', 'Datenvorschau', 'Data Mart']","[0.10871414840221405, 0.08559704571962357, 0.08134471625089645, 0.07881467789411545, 0.07627000659704208]"
..\Data\Rest Ungelabelt\04d38e340aac47fab17247fe7e76bf80.jpeg,Data Store Object,0.18357887864112854,"['Data Store Object', 'DTP', 'Composite Provider', 'BW4Cockpit (Stammdaten)', 'Data Source']","[0.18357887864112854, 0.06822598725557327, 0.06805762648582458, 0.06805723160505295, 0.06804341822862625]"
..\Data\Rest Ungelabelt\05154b63dded4e8e843c8b70eeaf73e7.png,Data Store Object,0.12128264456987381,"['Data Store Object', 'Datenvorschau', 'Data Source', 'Data Mart', 'Query']","[0.12128264456987381, 0.08652646839618683, 0.07753245532512665, 0.07412305474281311, 0.07212361693382263]"
..\Data\Rest Ungelabelt\051fd45ad6fa4bd4b48f1483d537561f.png,Bewegungsdaten,0.15130218863487244,"['Bewegungsdaten', 'ABAP Dictionary', 'Datenvorschau', 'Data Flow Object', 'BW4Cockpit (Stammdaten)']","[0.15130218863487244, 0.07309311628341675, 0.07280486822128296, 0.07179726660251617, 0.071418397128582]"
..\Data\Rest Ungelabelt\0521e0dd3135441da378645d174bd61e.jpeg,Bewegungsdaten,0.18431858718395233,"['Bewegungsdaten', 'ABAP Dictionary', 'Datenvorschau', 'BW4Cockpit (Stammdaten)', 'Composite Provider']","[0.18431858718395233, 0.06807772815227509, 0.06797511875629425, 0.06796581298112869, 0.06796563416719437]"
..\Data\Rest Ungelabelt\054cbb9e9c914ae3b4bdc7e8f1edf733.png,Data Source,0.13511694967746735,"['Data Source', 'Datenvorschau', 'DTP', 'Data Store Object', 'Query']","[0.13511694967746735, 0.0792105495929718, 0.07864522188901901, 0.07231277972459793, 0.07209724932909012]"
..\Data\Rest Ungelabelt\0575649cc9604b299e2bbf594f0bcae0.png,Data Source,0.12343966215848923,"['Data Source', 'Datenvorschau', 'Query', 'Transformationen', 'ABAP Dictionary']","[0.12343966215848923, 0.09355806559324265, 0.07536600530147552, 0.07169266790151596, 0.07155002653598785]"
..\Data\Rest Ungelabelt\0594bfad09a34defabb31db3a38c2fcf.png,Datenvorschau,0.10533290356397629,"['Datenvorschau', 'Data Source', 'Transformationen', 'DTP', 'Query']","[0.10533290356397629, 0.09363409876823425, 0.0801742747426033, 0.07733369618654251, 0.07478753477334976]"
..\Data\Rest Ungelabelt\05a65d0462f547139fbd81e9e54a45c9.png,Data Store Object,0.17573828995227814,"['Data Store Object', 'Data Source', 'Data Mart', 'Query', 'Datenvorschau']","[0.17573828995227814, 0.07096093893051147, 0.06889190524816513, 0.0688193142414093, 0.06862214207649231]"
..\Data\Rest Ungelabelt\05bac7e525524846906d8bd7f3e04243.png,Bewegungsdaten,0.16427111625671387,"['Bewegungsdaten', 'Excel', 'ABAP Dictionary', 'Data Flow Object', 'BW4Cockpit (Stammdaten)']","[0.16427111625671387, 0.07842477411031723, 0.0688476487994194, 0.06884613633155823, 0.06884608417749405]"
..\Data\Rest Ungelabelt\0618134fdf1644c4952f901071a4e736.jpeg,Data Store Object,0.10260789096355438,"['Data Store Object', 'Data Source', 'Data Mart', 'Datenvorschau', 'BW4Cockpit (Stammdaten)']","[0.10260789096355438, 0.09996650367975235, 0.08257357776165009, 0.07881376892328262, 0.07087571918964386]"
..\Data\Rest Ungelabelt\06386aed7b0d4615ac43461fea916864.jpeg,Datenvorschau,0.17402176558971405,"['Datenvorschau', 'Transformationen', 'Data Store Object', 'Data Source', 'Excel']","[0.17402176558971405, 0.06967747211456299, 0.06910131871700287, 0.06901166588068008, 0.06897972524166107]"
..\Data\Rest Ungelabelt\064e27fe351246b69692476b241ffb41.png,Data Store Object,0.18107713758945465,"['Data Store Object', 'Data Source', 'Composite Provider', 'Data Mart', 'DTP']","[0.18107713758945465, 0.06879527121782303, 0.06833929568529129, 0.06832635402679443, 0.0682365745306015]"
..\Data\Rest Ungelabelt\066f07ffa34747a6b0e66740d8d2fb88.png,Query,0.18195553123950958,"['Query', 'Composite Provider', 'Data Store Object', 'DTP', 'Transformationen']","[0.18195553123950958, 0.06919943541288376, 0.06808751821517944, 0.06807950139045715, 0.0680784285068512]"
..\Data\Rest Ungelabelt\06e66f7676a34a55b99147fa2bcf356c.jpeg,DTP,0.13674496114253998,"['DTP', 'ABAP Dictionary', 'Data Source', 'Transformationen', 'Data Store Object']","[0.13674496114253998, 0.08183938264846802, 0.07516032457351685, 0.07471448183059692, 0.07046937197446823]"
..\Data\Rest Ungelabelt\06e8485920c14f4ba9ec7f4604cfee6e.jpeg,Data Store Object,0.1504001021385193,"['Data Store Object', 'Data Mart', 'Composite Provider', 'Datenvorschau', 'Data Source']","[0.1504001021385193, 0.08584057539701462, 0.06995061784982681, 0.06945578753948212, 0.06940865516662598]"
..\Data\Rest Ungelabelt\07025680acce46b6a3038893efc2596e.png,Datenvorschau,0.18024559319019318,"['Datenvorschau', 'Query', 'Data Source', 'BW4Cockpit (Stammdaten)', 'ABAP Dictionary']","[0.18024559319019318, 0.06899558752775192, 0.06880390644073486, 0.06828223168849945, 0.06825532764196396]"
..\Data\Rest Ungelabelt\07241ea7ff2343859e985628d7598046.jpeg,Query,0.1845749467611313,"['Query', 'Datenvorschau', 'Data Flow Object', 'Data Source', 'Composite Provider']","[0.1845749467611313, 0.06796028465032578, 0.06795752048492432, 0.06795728951692581, 0.06795396655797958]"
..\Data\Rest Ungelabelt\072fff3bc7ae4586b533e94de5c2fdab.jpeg,Data Flow Object,0.1843242049217224,"['Data Flow Object', 'Composite Provider', 'Datenvorschau', 'ABAP Dictionary', 'Excel']","[0.1843242049217224, 0.06810370832681656, 0.06796272099018097, 0.06796219944953918, 0.06796157360076904]"
..\Data\Rest Ungelabelt\0734cffe01c04b0980b29d72373451a4.png,Data Flow Object,0.18468494713306427,"['Data Flow Object', 'Composite Provider', 'ABAP Dictionary', 'BW4Cockpit (Stammdaten)', 'Bewegungsdaten']","[0.18468494713306427, 0.06794386357069016, 0.06794282793998718, 0.06794282793998718, 0.06794282793998718]"
..\Data\Rest Ungelabelt\07398fb1ede54f18bd098651f8849e06.jpeg,Data Source,0.1791723668575287,"['Data Source', 'Datenvorschau', 'Query', 'Data Store Object', 'Data Mart']","[0.1791723668575287, 0.07057052850723267, 0.06820780038833618, 0.06820598244667053, 0.06820490956306458]"
..\Data\Rest Ungelabelt\073ea02d081a41d5a054f7232752cc9e.jpeg,Bewegungsdaten,0.10207422077655792,"['Bewegungsdaten', 'ABAP Dictionary', 'Datenvorschau', 'Data Source', 'DTP']","[0.10207422077655792, 0.0992216020822525, 0.08277294039726257, 0.07704205065965652, 0.07166267186403275]"
..\Data\Rest Ungelabelt\076ee3cf0bae4e6dbb2cb0e0b4a64f4d.png,Data Store Object,0.16162599623203278,"['Data Store Object', 'Data Source', 'BW4Cockpit (Stammdaten)', 'Bewegungsdaten', 'Datenvorschau']","[0.16162599623203278, 0.07313808798789978, 0.07136300206184387, 0.07033725082874298, 0.06968037039041519]"
..\Data\Rest Ungelabelt\07807ac19f2d48f68700f379f7860324.png,DTP,0.16817113757133484,"['DTP', 'ABAP Dictionary', 'Transformationen', 'BW4Cockpit (Stammdaten)', 'Data Store Object']","[0.16817113757133484, 0.07135099917650223, 0.0706050768494606, 0.06945602595806122, 0.06940044462680817]"
..\Data\Rest Ungelabelt\07894982347a4924850a1bb49763335e.png,DTP,0.17522874474525452,"['DTP', 'Transformationen', 'Excel', 'ABAP Dictionary', 'Data Source']","[0.17522874474525452, 0.07157725095748901, 0.06881032884120941, 0.06866119056940079, 0.06846029311418533]"
..\Data\Rest Ungelabelt\079ba5cdbeff4077b801e97dc2b14691.png,Datenvorschau,0.15503616631031036,"['Datenvorschau', 'Data Store Object', 'Data Source', 'Data Mart', 'Composite Provider']","[0.15503616631031036, 0.07372426986694336, 0.07179174572229385, 0.0717761218547821, 0.07164424657821655]"
..\Data\Rest Ungelabelt\07c8c4bd4ad64ff2b0c98b3642a88650.png,Query,0.14428550004959106,"['Query', 'Data Store Object', 'Data Source', 'Data Mart', 'Composite Provider']","[0.14428550004959106, 0.07780156284570694, 0.07461445778608322, 0.07173691689968109, 0.07156930863857269]"
..\Data\Rest Ungelabelt\07d3145ef3ee4e4c89fd97be8d4dbd41.png,Data Source,0.16456516087055206,"['Data Source', 'BW4Cockpit (Stammdaten)', 'Data Mart', 'Bewegungsdaten', 'ABAP Dictionary']","[0.16456516087055206, 0.07164580374956131, 0.07014112919569016, 0.06997459381818771, 0.06965086609125137]"
..\Data\Rest Ungelabelt\07dddd99095b4283a3186f57b5675cfc.png,Data Store Object,0.17093689739704132,"['Data Store Object', 'Data Source', 'Datenvorschau', 'Data Mart', 'Query']","[0.17093689739704132, 0.07175254076719284, 0.07045434415340424, 0.06910591572523117, 0.06871341913938522]"
..\Data\Rest Ungelabelt\07e878aa41bd41cfa74d654af056e808.jpeg,Data Store Object,0.10072091966867447,"['Data Store Object', 'Data Mart', 'Data Source', 'Composite Provider', 'Datenvorschau']","[0.10072091966867447, 0.09436003863811493, 0.08282438665628433, 0.07859217375516891, 0.07390207797288895]"
..\Data\Rest Ungelabelt\07e94373dd2c4b819169b3fc2bd89855.png,Datenvorschau,0.1080162525177002,"['Datenvorschau', 'Data Source', 'Composite Provider', 'Transformationen', 'Query']","[0.1080162525177002, 0.08865977078676224, 0.07967999577522278, 0.07765824347734451, 0.07392869144678116]"
..\Data\Rest Ungelabelt\07f46f2bdc164cfdbff753997a8cc5a1.png,Data Flow Object,0.1830063760280609,"['Data Flow Object', 'Composite Provider', 'Datenvorschau', 'Transformationen', 'DTP']","[0.1830063760280609, 0.06872456520795822, 0.06802893429994583, 0.06802456080913544, 0.06802410632371902]"
..\Data\Rest Ungelabelt\080c64c15c3d4f81a6ecd0728fc3624a.png,DTP,0.10681085288524628,"['DTP', 'Composite Provider', 'Datenvorschau', 'Query', 'Transformationen']","[0.10681085288524628, 0.08714529871940613, 0.08478762954473495, 0.07521957159042358, 0.07417304813861847]"
..\Data\Rest Ungelabelt\080ecc4191e14c0fb000ead50d163a75.png,Query,0.13509215414524078,"['Query', 'Data Store Object', 'Data Source', 'Datenvorschau', 'Excel']","[0.13509215414524078, 0.08880340307950974, 0.07169543951749802, 0.07144162058830261, 0.07087557017803192]"
..\Data\Rest Ungelabelt\0834133d3dad41c9a718103bb201fddd.png,Query,0.184682235121727,"['Query', 'Data Source', 'Transformationen', 'Composite Provider', 'Data Mart']","[0.184682235121727, 0.06794405728578568, 0.067943274974823, 0.06794315576553345, 0.06794313341379166]"
..\Data\Rest Ungelabelt\08346c00d5824481ae79415f12c46cc2.png,Data Flow Object,0.18456712365150452,"['Data Flow Object', 'Composite Provider', 'DTP', 'ABAP Dictionary', 'Excel']","[0.18456712365150452, 0.06798890978097916, 0.06795204430818558, 0.06795137375593185, 0.0679493099451065]"
..\Data\Rest Ungelabelt\08358ccbdcf14961bf6631a89f80ea95.png,Query,0.18466150760650635,"['Query', 'BW4Cockpit (Stammdaten)', 'Data Store Object', 'Data Mart', 'Composite Provider']","[0.18466150760650635, 0.06794700771570206, 0.0679466649889946, 0.06794600933790207, 0.06794498860836029]"
..\Data\Rest Ungelabelt\085ad81b06bb461483c52197a3312251.png,Data Store Object,0.13299494981765747,"['Data Store Object', 'Data Source', 'BW4Cockpit (Stammdaten)', 'DTP', 'Query']","[0.13299494981765747, 0.09059077501296997, 0.07237802445888519, 0.07184501737356186, 0.07118500769138336]"
..\Data\Rest Ungelabelt\0880d9b880f14f07b2c01de155d4a88c.png,Query,0.10987847298383713,"['Query', 'Data Source', 'ABAP Dictionary', 'Datenvorschau', 'Data Store Object']","[0.10987847298383713, 0.08503502607345581, 0.08276941627264023, 0.07668234407901764, 0.0749395489692688]"
..\Data\Rest Ungelabelt\08c12ad3a9d9492aa6cc11a41fd56a70.jpeg,Data Store Object,0.0981367975473404,"['Data Store Object', 'Datenvorschau', 'Excel', 'Composite Provider', 'Query']","[0.0981367975473404, 0.09266889840364456, 0.08124583214521408, 0.07961514592170715, 0.07451967895030975]"
..\Data\Rest Ungelabelt\08cec396deed45f7aa286560eaaeda7a.png,Datenvorschau,0.11182600259780884,"['Datenvorschau', 'Composite Provider', 'ABAP Dictionary', 'Transformationen', 'Data Flow Object']","[0.11182600259780884, 0.09970612823963165, 0.07756812870502472, 0.07253499329090118, 0.07163084298372269]"
..\Data\Rest Ungelabelt\091372eab55c4c15923b31908b72b40f.png,Excel,0.18466734886169434,"['Excel', 'Bewegungsdaten', 'Datenvorschau', 'Composite Provider', 'Data Store Object']","[0.18466734886169434, 0.0679486095905304, 0.06794469058513641, 0.06794437766075134, 0.06794419139623642]"
..\Data\Rest Ungelabelt\0928b42df8c041afb406243f1d3b891f.png,Datenvorschau,0.15408314764499664,"['Datenvorschau', 'Data Source', 'Transformationen', 'Bewegungsdaten', 'Excel']","[0.15408314764499664, 0.07525350153446198, 0.07108796387910843, 0.07096508145332336, 0.0708310529589653]"
..\Data\Rest Ungelabelt\098ecb8baa7643bd8441a39c34aff480.png,Data Store Object,0.1765865981578827,"['Data Store Object', 'Data Source', 'DTP', 'BW4Cockpit (Stammdaten)', 'Query']","[0.1765865981578827, 0.0703706219792366, 0.06914319843053818, 0.06870035082101822, 0.06850492209196091]"
..\Data\Rest Ungelabelt\09a06e5cf05e4535b1ddfaf8b8c0a3f6.png,Composite Provider,0.1319582760334015,"['Composite Provider', 'Data Flow Object', 'Data Store Object', 'DTP', 'Transformationen']","[0.1319582760334015, 0.09963666647672653, 0.07018493115901947, 0.06985852867364883, 0.06984018534421921]"
..\Data\Rest Ungelabelt\09b21e4f43114cd7806d70b90c616d0a.png,Datenvorschau,0.10718641430139542,"['Datenvorschau', 'Data Store Object', 'Composite Provider', 'DTP', 'Data Mart']","[0.10718641430139542, 0.10002776980400085, 0.07394786924123764, 0.07351549714803696, 0.07327234745025635]"
..\Data\Rest Ungelabelt\09be576c2a5a40dbbd1d050c796c3314.png,Data Source,0.17102879285812378,"['Data Source', 'Query', 'Datenvorschau', 'Data Mart', 'Data Store Object']","[0.17102879285812378, 0.07370375841856003, 0.06906141340732574, 0.06874198466539383, 0.06867017596960068]"
..\Data\Rest Ungelabelt\09cf1d3938354319b27b909b96fb302f.jpeg,Data Flow Object,0.17025654017925262,"['Data Flow Object', 'DTP', 'Composite Provider', 'BW4Cockpit (Stammdaten)', 'Data Store Object']","[0.17025654017925262, 0.07052084803581238, 0.06976030021905899, 0.06972681730985641, 0.06940970569849014]"
..\Data\Rest Ungelabelt\09f75d8d73b041808fa236029cab7614.png,Bewegungsdaten,0.0896182507276535,"['Bewegungsdaten', 'Excel', 'BW4Cockpit (Stammdaten)', 'Composite Provider', 'Data Flow Object']","[0.0896182507276535, 0.08101223409175873, 0.07847105711698532, 0.07712992280721664, 0.07702633738517761]"
..\Data\Rest Ungelabelt\09ffcff114344796b89182c8b48919ea.png,Transformationen,0.1846475750207901,"['Transformationen', 'Composite Provider', 'Data Flow Object', 'ABAP Dictionary', 'Datenvorschau']","[0.1846475750207901, 0.0679580494761467, 0.06794565171003342, 0.06794517487287521, 0.06794511526823044]"
..\Data\Rest Ungelabelt\0a22ca8076ba4418b7784072124cbb1f.png,Data Store Object,0.1845530867576599,"['Data Store Object', 'DTP', 'BW4Cockpit (Stammdaten)', 'Data Mart', 'Composite Provider']","[0.1845530867576599, 0.0679866299033165, 0.06795936822891235, 0.06795182824134827, 0.06795147061347961]"
..\Data\Rest Ungelabelt\0a30beae20d94a5ab398b575556be570.jpeg,Data Source,0.10485108941793442,"['Data Source', 'Transformationen', 'Data Mart', 'Datenvorschau', 'Data Store Object']","[0.10485108941793442, 0.08012250065803528, 0.07979395240545273, 0.07722850143909454, 0.07718227058649063]"
..\Data\Rest Ungelabelt\0a47a0e871384871931b39e3eb24260b.png,Data Store Object,0.16522139310836792,"['Data Store Object', 'Datenvorschau', 'ABAP Dictionary', 'Data Mart', 'Composite Provider']","[0.16522139310836792, 0.07075244188308716, 0.07041415572166443, 0.06991364806890488, 0.06977107375860214]"
..\Data\Rest Ungelabelt\0a6f953458964961987e661e459d9e6c.png,Data Store Object,0.13535188138484955,"['Data Store Object', 'Datenvorschau', 'Data Mart', 'Composite Provider', 'DTP']","[0.13535188138484955, 0.08530326932668686, 0.07466940581798553, 0.07201264053583145, 0.07088889926671982]"
..\Data\Rest Ungelabelt\0a737f36c8b24d96aeb18950115681d7.png,Data Mart,0.1095065101981163,"['Data Mart', 'Data Store Object', 'Data Source', 'Datenvorschau', 'Composite Provider']","[0.1095065101981163, 0.09440795332193375, 0.07786877453327179, 0.0757463276386261, 0.07486893981695175]"
..\Data\Rest Ungelabelt\0a81dea7401c487c8d58410c03911cb2.png,Query,0.16992402076721191,"['Query', 'Data Store Object', 'Data Source', 'Data Mart', 'Datenvorschau']","[0.16992402076721191, 0.0740443542599678, 0.0692938044667244, 0.06879466027021408, 0.06871608644723892]"
..\Data\Rest Ungelabelt\0a8e7ea164a7483784aa68f0f6b573a6.png,Query,0.10016734153032303,"['Query', 'Data Store Object', 'Data Source', 'Composite Provider', 'Transformationen']","[0.10016734153032303, 0.0973660945892334, 0.08228777348995209, 0.07566879689693451, 0.07481682300567627]"
..\Data\Rest Ungelabelt\0ad90690bc5c44adb405f4cd26311c2e.jpeg,Data Store Object,0.182273730635643,"['Data Store Object', 'Data Source', 'Query', 'Data Mart', 'DTP']","[0.182273730635643, 0.06846190989017487, 0.06845603883266449, 0.06813448667526245, 0.0681210458278656]"
..\Data\Rest Ungelabelt\0add27d608864fe88b51b5e5b264b23b.png,Datenvorschau,0.12128400057554245,"['Datenvorschau', 'Data Store Object', 'Data Mart', 'Composite Provider', 'Data Source']","[0.12128400057554245, 0.10188476741313934, 0.07275477051734924, 0.07141605764627457, 0.0708872452378273]"
..\Data\Rest Ungelabelt\0b28f965fbdc470ea154442de067f792.png,Query,0.10993878543376923,"['Query', 'Data Store Object', 'Data Source', 'Datenvorschau', 'DTP']","[0.10993878543376923, 0.09590097516775131, 0.08514591306447983, 0.07168376445770264, 0.07140838354825974]"
..\Data\Rest Ungelabelt\0b9012ec623b436f9ae9597bb06bf62e.png,Data Store Object,0.12870430946350098,"['Data Store Object', 'Composite Provider', 'Datenvorschau', 'Data Flow Object', 'Data Mart']","[0.12870430946350098, 0.08986645936965942, 0.0750674158334732, 0.07168402522802353, 0.07152338325977325]"
..\Data\Rest Ungelabelt\0bb59e2450904725b640306c1fe2653b.png,Data Store Object,0.18201278150081635,"['Data Store Object', 'DTP', 'BW4Cockpit (Stammdaten)', 'ABAP Dictionary', 'Query']","[0.18201278150081635, 0.06899438053369522, 0.06823498010635376, 0.06808079779148102, 0.06808017194271088]"
..\Data\Rest Ungelabelt\0bcb457576a746dd8897c4cbc977df9e.jpeg,DTP,0.11639715731143951,"['DTP', 'Composite Provider', 'Transformationen', 'Datenvorschau', 'Data Source']","[0.11639715731143951, 0.0917777344584465, 0.07896026968955994, 0.07515695691108704, 0.07290631532669067]"
..\Data\Rest Ungelabelt\0bd2a003c9e6408181b9874305a22f56.png,ABAP Dictionary,0.17572946846485138,"['ABAP Dictionary', 'Composite Provider', 'Datenvorschau', 'Bewegungsdaten', 'DTP']","[0.17572946846485138, 0.06986922770738602, 0.06952863931655884, 0.06864669919013977, 0.06857322156429291]"
..\Data\Rest Ungelabelt\0bd40e551d1f4af7bfb4be11c3477290.png,Data Source,0.13356120884418488,"['Data Source', 'Datenvorschau', 'Data Store Object', 'Composite Provider', 'Transformationen']","[0.13356120884418488, 0.09234446287155151, 0.07215338200330734, 0.07128823548555374, 0.07069313526153564]"
..\Data\Rest Ungelabelt\0bde14f9e12344158746d583c50afb5e.jpeg,Query,0.18141552805900574,"['Query', 'Data Store Object', 'Data Source', 'Datenvorschau', 'Data Mart']","[0.18141552805900574, 0.06907100230455399, 0.06823893636465073, 0.06818991899490356, 0.06815135478973389]"
..\Data\Rest Ungelabelt\0becd807a49f4fb5adc1fe91871fee8d.png,Datenvorschau,0.16117390990257263,"['Datenvorschau', 'Data Source', 'Query', 'Data Store Object', 'Excel']","[0.16117390990257263, 0.07988405227661133, 0.06911703944206238, 0.06907902657985687, 0.06897919625043869]"
..\Data\Rest Ungelabelt\0c09c5ced6e943e4af60a4f367591a4b.jpeg,Data Store Object,0.18280842900276184,"['Data Store Object', 'Composite Provider', 'DTP', 'Data Mart', 'Query']","[0.18280842900276184, 0.06854341179132462, 0.06816934049129486, 0.06812575459480286, 0.06805530190467834]"
..\Data\Rest Ungelabelt\0c12edffb8c24c499829ab37dba8554b.png,Data Source,0.12655498087406158,"['Data Source', 'Data Store Object', 'Data Mart', 'Query', 'Transformationen']","[0.12655498087406158, 0.08282799273729324, 0.0799911767244339, 0.07478794455528259, 0.07145483046770096]"
..\Data\Rest Ungelabelt\0c1423d394d94f13a11d8a24ab43d128.png,Datenvorschau,0.1528283953666687,"['Datenvorschau', 'Composite Provider', 'Data Store Object', 'Bewegungsdaten', 'Data Source']","[0.1528283953666687, 0.07639613002538681, 0.07607124745845795, 0.06991709768772125, 0.06957709789276123]"
..\Data\Rest Ungelabelt\0c1603f24b864d6fbe694d9a2a818c7d.png,Query,0.17810991406440735,"['Query', 'Composite Provider', 'Data Store Object', 'Transformationen', 'Data Source']","[0.17810991406440735, 0.06992186605930328, 0.06861146539449692, 0.06853749603033066, 0.0684632807970047]"
..\Data\Rest Ungelabelt\0c187a38e8d24a4e9f6f92f76e385490.png,Data Flow Object,0.15017437934875488,"['Data Flow Object', 'Composite Provider', 'Query', 'Transformationen', 'ABAP Dictionary']","[0.15017437934875488, 0.07592662423849106, 0.07416113466024399, 0.07102666795253754, 0.07038761675357819]"
..\Data\Rest Ungelabelt\0c27ba3d87514a50b9d4c2d7e606e036.jpeg,Query,0.10543987900018692,"['Query', 'Data Source', 'DTP', 'Datenvorschau', 'Transformationen']","[0.10543987900018692, 0.10390492528676987, 0.07676871865987778, 0.07406937330961227, 0.07265166938304901]"
..\Data\Rest Ungelabelt\0c2b2353c7f24fa1ae872ea3f4c2765a.jpeg,Data Source,0.13353176414966583,"['Data Source', 'Datenvorschau', 'Data Store Object', 'Data Mart', 'Bewegungsdaten']","[0.13353176414966583, 0.08861139416694641, 0.07515605539083481, 0.071571946144104, 0.07031646370887756]"
..\Data\Rest Ungelabelt\0c6520f848f349ef868e98cbe09ee7f8.jpeg,Query,0.18466806411743164,"['Query', 'BW4Cockpit (Stammdaten)', 'Data Source', 'Data Mart', 'Composite Provider']","[0.18466806411743164, 0.067947156727314, 0.06794535368680954, 0.06794501841068268, 0.06794416159391403]"
..\Data\Rest Ungelabelt\0c67eb9aa9d14fc3a037b837abd402a0.png,Query,0.17857816815376282,"['Query', 'Data Store Object', 'Composite Provider', 'Datenvorschau', 'Excel']","[0.17857816815376282, 0.070172980427742, 0.06839478015899658, 0.06832553446292877, 0.06832023710012436]"
..\Data\Rest Ungelabelt\0c8deab6bac648b7909689dd31791d61.png,Composite Provider,0.11184598505496979,"['Composite Provider', 'Data Source', 'Data Store Object', 'Data Flow Object', 'Data Mart']","[0.11184598505496979, 0.08779331296682358, 0.08079646527767181, 0.07318823784589767, 0.0731627568602562]"
..\Data\Rest Ungelabelt\0ca70cd3ae224eaea9fcbf04a5972a04.jpeg,Composite Provider,0.09141229093074799,"['Composite Provider', 'Datenvorschau', 'Data Store Object', 'Data Source', 'Query']","[0.09141229093074799, 0.08559112995862961, 0.0819329097867012, 0.08110100775957108, 0.07849124819040298]"
..\Data\Rest Ungelabelt\0cab5710111d4a29ae022d43da24960f.png,Data Store Object,0.15057431161403656,"['Data Store Object', 'Data Mart', 'Data Source', 'Datenvorschau', 'Query']","[0.15057431161403656, 0.07649525254964828, 0.07462017983198166, 0.07177793234586716, 0.07043218612670898]"
..\Data\Rest Ungelabelt\0cdb3348f7f1403aad32136b12f8db33.png,Data Source,0.1053956151008606,"['Data Source', 'Data Store Object', 'Query', 'BW4Cockpit (Stammdaten)', 'DTP']","[0.1053956151008606, 0.09268082678318024, 0.0901457816362381, 0.07352805882692337, 0.07209296524524689]"
..\Data\Rest Ungelabelt\0cf01b4d67e44a3aae93f78be95451eb.png,Composite Provider,0.10412028431892395,"['Composite Provider', 'Data Store Object', 'Excel', 'Datenvorschau', 'Data Flow Object']","[0.10412028431892395, 0.08298265933990479, 0.08256013691425323, 0.07871618866920471, 0.07752685993909836]"
..\Data\Rest Ungelabelt\0cfb70d4ce124bd58705b9649aac6847.png,Query,0.15115690231323242,"['Query', 'Data Store Object', 'Data Source', 'Data Mart', 'DTP']","[0.15115690231323242, 0.08024773001670837, 0.072986900806427, 0.06988108903169632, 0.06982755661010742]"
..\Data\Rest Ungelabelt\0d1c4a9080d248288fb425ef7fbe7a88.jpeg,Bewegungsdaten,0.16284732520580292,"['Bewegungsdaten', 'Excel', 'Datenvorschau', 'BW4Cockpit (Stammdaten)', 'ABAP Dictionary']","[0.16284732520580292, 0.07361134886741638, 0.07113281637430191, 0.07041081041097641, 0.06938550621271133]"
..\Data\Rest Ungelabelt\0d49bd6b06f045af9774fa9dcdf0361b.png,Transformationen,0.14699451625347137,"['Transformationen', 'Data Source', 'Datenvorschau', 'Query', 'Composite Provider']","[0.14699451625347137, 0.08102444559335709, 0.07370427250862122, 0.07070259004831314, 0.07044121623039246]"
..\Data\Rest Ungelabelt\0d4a86bcf40e4702a1c3974a050be207.jpeg,Data Store Object,0.13542702794075012,"['Data Store Object', 'Composite Provider', 'Data Mart', 'Query', 'Datenvorschau']","[0.13542702794075012, 0.09080394357442856, 0.07357022911310196, 0.07123134285211563, 0.07001427561044693]"
..\Data\Rest Ungelabelt\0d9065faac57427da813c43e61a4bb3e.png,Data Flow Object,0.14030054211616516,"['Data Flow Object', 'Composite Provider', 'ABAP Dictionary', 'Transformationen', 'DTP']","[0.14030054211616516, 0.0929350033402443, 0.06984985619783401, 0.06981703639030457, 0.06972794234752655]"
..\Data\Rest Ungelabelt\0dbc02e8d4ea48049c1f94f4f52733ee.png,Data Store Object,0.1596633493900299,"['Data Store Object', 'Data Mart', 'Data Source', 'Datenvorschau', 'Query']","[0.1596633493900299, 0.07601215690374374, 0.07218030840158463, 0.06996713578701019, 0.06933378428220749]"
..\Data\Rest Ungelabelt\0de992317b804ae285e53e8c4b4de40c.png,Data Store Object,0.18466328084468842,"['Data Store Object', 'Composite Provider', 'Data Mart', 'BW4Cockpit (Stammdaten)', 'DTP']","[0.18466328084468842, 0.06794905662536621, 0.06794621050357819, 0.0679447203874588, 0.0679447203874588]"
..\Data\Rest Ungelabelt\0df3c23d943142818a0849709a30b704.png,Data Flow Object,0.13355720043182373,"['Data Flow Object', 'Composite Provider', 'DTP', 'Transformationen', 'Excel']","[0.13355720043182373, 0.09863459318876266, 0.06992731243371964, 0.06987916678190231, 0.06978636234998703]"
..\Data\Rest Ungelabelt\0e00dac6b3994ccab8b27e6b1de8a9c2.jpeg,Data Flow Object,0.17181959748268127,"['Data Flow Object', 'Composite Provider', 'ABAP Dictionary', 'Datenvorschau', 'Transformationen']","[0.17181959748268127, 0.07167647778987885, 0.07073536515235901, 0.06864434480667114, 0.06860996037721634]"
..\Data\Rest Ungelabelt\0e2451902c854a43984ed5a6a7eff2fe.jpeg,Data Flow Object,0.16813646256923676,"['Data Flow Object', 'Composite Provider', 'ABAP Dictionary', 'Excel', 'DTP']","[0.16813646256923676, 0.07460441440343857, 0.06904451549053192, 0.06897994875907898, 0.06897427141666412]"
..\Data\Rest Ungelabelt\0e343f1e2949466ab7e901155161a016.png,Query,0.09393244981765747,"['Query', 'Data Store Object', 'Data Mart', 'Datenvorschau', 'Composite Provider']","[0.09393244981765747, 0.09221907705068588, 0.09102105349302292, 0.07609149813652039, 0.07460929453372955]"
..\Data\Rest Ungelabelt\0e42df769ea0412891722a5686d0fb0d.png,Data Source,0.18348515033721924,"['Data Source', 'Datenvorschau', 'Query', 'Data Mart', 'Transformationen']","[0.18348515033721924, 0.06820094585418701, 0.06814158707857132, 0.06804989278316498, 0.06803404539823532]"
..\Data\Rest Ungelabelt\0e5c542bb2bc45c88b91bb07a3ec6955.png,Bewegungsdaten,0.182199165225029,"['Bewegungsdaten', 'ABAP Dictionary', 'Datenvorschau', 'BW4Cockpit (Stammdaten)', 'Data Store Object']","[0.182199165225029, 0.06847073137760162, 0.06829341500997543, 0.06823462247848511, 0.06818997114896774]"
..\Data\Rest Ungelabelt\0e72d9201ed3486db1cabf08e126e577.png,Bewegungsdaten,0.10772929340600967,"['Bewegungsdaten', 'Data Store Object', 'Datenvorschau', 'BW4Cockpit (Stammdaten)', 'Data Source']","[0.10772929340600967, 0.09164682030677795, 0.08156559616327286, 0.07373359799385071, 0.07314074039459229]"
..\Data\Rest Ungelabelt\0e8c4def2c5e456993d60a73619ce073.png,Excel,0.18466190993785858,"['Excel', 'Bewegungsdaten', 'Composite Provider', 'Datenvorschau', 'DTP']","[0.18466190993785858, 0.06794856488704681, 0.06794693320989609, 0.06794511526823044, 0.0679449513554573]"
..\Data\Rest Ungelabelt\0e92654b10e0431bb9db4766c10a5a4e.png,Query,0.09107476472854614,"['Query', 'Datenvorschau', 'Transformationen', 'Data Source', 'Composite Provider']","[0.09107476472854614, 0.08688250184059143, 0.08630234748125076, 0.07961627840995789, 0.0767742320895195]"
..\Data\Rest Ungelabelt\0eaee88b96174a75a73d9a60f1b0d7b0.png,Query,0.18452158570289612,"['Query', 'Data Store Object', 'BW4Cockpit (Stammdaten)', 'Data Mart', 'Datenvorschau']","[0.18452158570289612, 0.06797757744789124, 0.06796960532665253, 0.06795801967382431, 0.06795620918273926]"
..\Data\Rest Ungelabelt\0eb9bd3503cd431184f63f3dc42bee6d.png,Query,0.15437987446784973,"['Query', 'Data Store Object', 'Datenvorschau', 'Data Source', 'Data Mart']","[0.15437987446784973, 0.0782575011253357, 0.07035953551530838, 0.0703357681632042, 0.07030084729194641]"
..\Data\Rest Ungelabelt\0ec7b403efcb4906a963e7ebbf799c44.png,Data Source,0.11750500649213791,"['Data Source', 'Query', 'Datenvorschau', 'Data Store Object', 'DTP']","[0.11750500649213791, 0.08944174647331238, 0.08371870964765549, 0.07274540513753891, 0.07225310057401657]"
..\Data\Rest Ungelabelt\0edb233034d64deb8df90561ee42994b.png,Data Source,0.11462610214948654,"['Data Source', 'DTP', 'Datenvorschau', 'Data Store Object', 'Query']","[0.11462610214948654, 0.10765992105007172, 0.07256262004375458, 0.07121596485376358, 0.07095886021852493]"
..\Data\Rest Ungelabelt\0edb9104b2de4448ab3e25c26ede5d12.png,Datenvorschau,0.10786677151918411,"['Datenvorschau', 'Data Store Object', 'Data Source', 'Transformationen', 'DTP']","[0.10786677151918411, 0.08550773561000824, 0.08091127127408981, 0.07895800471305847, 0.07497302442789078]"
..\Data\Rest Ungelabelt\0ef2c4dcc2ea4ee1a53d385a9e1a03b6.png,Data Store Object,0.17579881846904755,"['Data Store Object', 'Data Mart', 'Query', 'DTP', 'ABAP Dictionary']","[0.17579881846904755, 0.06923311203718185, 0.06899887323379517, 0.06894106417894363, 0.06879398971796036]"
..\Data\Rest Ungelabelt\0f047586a99a4eb3866a265c83338376.png,Query,0.18468345701694489,"['Query', 'Data Source', 'Data Store Object', 'Data Mart', 'BW4Cockpit (Stammdaten)']","[0.18468345701694489, 0.06794344633817673, 0.06794334948062897, 0.06794315576553345, 0.06794309616088867]"
..\Data\Rest Ungelabelt\0f1b096c7d27452b89fae707ee69faf7.png,Composite Provider,0.14332769811153412,"['Composite Provider', 'Datenvorschau', 'Excel', 'Bewegungsdaten', 'Data Store Object']","[0.14332769811153412, 0.08104895800352097, 0.07271231710910797, 0.07162754237651825, 0.07118582725524902]"
..\Data\Rest Ungelabelt\0f5506761d904b20b4ba59fea489dd47.png,Bewegungsdaten,0.14553269743919373,"['Bewegungsdaten', 'DTP', 'BW4Cockpit (Stammdaten)', 'ABAP Dictionary', 'Data Source']","[0.14553269743919373, 0.08953987807035446, 0.06977962702512741, 0.06957761198282242, 0.0695284754037857]"
..\Data\Rest Ungelabelt\0f8d37b7296a45cfaf6cfa483f9906e2.png,Excel,0.18467198312282562,"['Excel', 'Datenvorschau', 'BW4Cockpit (Stammdaten)', 'DTP', 'Bewegungsdaten']","[0.18467198312282562, 0.06794717162847519, 0.06794411689043045, 0.06794396042823792, 0.06794395297765732]"
..\Data\Rest Ungelabelt\0fbca07540e84c19b37681e0e9c4164d.png,Datenvorschau,0.08794047683477402,"['Datenvorschau', 'Composite Provider', 'Bewegungsdaten', 'Data Flow Object', 'BW4Cockpit (Stammdaten)']","[0.08794047683477402, 0.0875692144036293, 0.08245857059955597, 0.07980406284332275, 0.0793338268995285]"
..\Data\Rest Ungelabelt\0fcdf5ff4ecc4cb3a7f587fb4388db86.jpeg,ABAP Dictionary,0.18192677199840546,"['ABAP Dictionary', 'Transformationen', 'BW4Cockpit (Stammdaten)', 'Excel', 'DTP']","[0.18192677199840546, 0.0688796117901802, 0.06825242936611176, 0.06815222650766373, 0.06812506914138794]"
..\Data\Rest Ungelabelt\0fea8dd7bc274379949bf1b329824c56.png,Data Store Object,0.1543678194284439,"['Data Store Object', 'Query', 'Data Source', 'Data Mart', 'BW4Cockpit (Stammdaten)']","[0.1543678194284439, 0.0819096714258194, 0.07053691148757935, 0.06955831497907639, 0.06952965259552002]"
..\Data\Rest Ungelabelt\101b1cd423de41589d370677266d6e17.jpeg,Query,0.18393158912658691,"['Query', 'Data Source', 'Data Mart', 'Composite Provider', 'BW4Cockpit (Stammdaten)']","[0.18393158912658691, 0.06827148795127869, 0.06798627227544785, 0.06798351556062698, 0.06798271834850311]"
..\Data\Rest Ungelabelt\101b88fb30044b79b33ef391ce82af71.png,Query,0.1828037053346634,"['Query', 'Data Source', 'Datenvorschau', 'Data Flow Object', 'Composite Provider']","[0.1828037053346634, 0.06852935999631882, 0.06814203411340714, 0.068123459815979, 0.06806116551160812]"
..\Data\Rest Ungelabelt\103bec9d88304d54bea759f7c272aaca.jpeg,Query,0.18461862206459045,"['Query', 'Data Flow Object', 'Composite Provider', 'Datenvorschau', 'BW4Cockpit (Stammdaten)']","[0.18461862206459045, 0.06796001642942429, 0.06795552372932434, 0.06794751435518265, 0.0679471418261528]"
..\Data\Rest Ungelabelt\1040f54212cd4cfd95ca5cd6fdece26b.png,Data Source,0.10221992433071136,"['Data Source', 'Transformationen', 'Datenvorschau', 'DTP', 'Composite Provider']","[0.10221992433071136, 0.08820726722478867, 0.08548212796449661, 0.07841528952121735, 0.0731971338391304]"
..\Data\Rest Ungelabelt\1048ad1668ea4237836de90856c52980.jpeg,ABAP Dictionary,0.13472729921340942,"['ABAP Dictionary', 'Datenvorschau', 'Transformationen', 'Composite Provider', 'DTP']","[0.13472729921340942, 0.08082976192235947, 0.07492277771234512, 0.07332422584295273, 0.07265447080135345]"
..\Data\Rest Ungelabelt\104a3929ce8145a99fdc0caa5e964405.png,Data Store Object,0.18432599306106567,"['Data Store Object', 'BW4Cockpit (Stammdaten)', 'Query', 'DTP', 'Data Source']","[0.18432599306106567, 0.06806470453739166, 0.06798303872346878, 0.06797569990158081, 0.0679648369550705]"
..\Data\Rest Ungelabelt\105aaf96e2ae48348cb124a11ee03b89.png,Data Store Object,0.09822249412536621,"['Data Store Object', 'Datenvorschau', 'BW4Cockpit (Stammdaten)', 'Query', 'Data Source']","[0.09822249412536621, 0.09270084649324417, 0.08560964465141296, 0.07882280647754669, 0.07511189579963684]"
..\Data\Rest Ungelabelt\1063802066d9436084b9d5b31e391e3b.png,Datenvorschau,0.12092109769582748,"['Datenvorschau', 'Data Store Object', 'Data Source', 'Data Mart', 'Composite Provider']","[0.12092109769582748, 0.10132065415382385, 0.07343598455190659, 0.07205937057733536, 0.07054098695516586]"
..\Data\Rest Ungelabelt\106ffcf4e5014d19a4e917d99d183903.png,Query,0.1794787049293518,"['Query', 'Data Source', 'Data Store Object', 'DTP', 'Transformationen']","[0.1794787049293518, 0.06979130953550339, 0.06848351657390594, 0.0682707279920578, 0.06825373321771622]"
..\Data\Rest Ungelabelt\108632c585b9464383f560c120214b29.png,Data Store Object,0.13529473543167114,"['Data Store Object', 'BW4Cockpit (Stammdaten)', 'Composite Provider', 'Data Source', 'ABAP Dictionary']","[0.13529473543167114, 0.08369403332471848, 0.0733673945069313, 0.07241469621658325, 0.07204513251781464]"
..\Data\Rest Ungelabelt\108a3260eee6437ba3c4d1f2af11c772.jpeg,DTP,0.1520637720823288,"['DTP', 'ABAP Dictionary', 'Transformationen', 'Excel', 'Data Flow Object']","[0.1520637720823288, 0.08046118915081024, 0.073290154337883, 0.06956019997596741, 0.06948364526033401]"
..\Data\Rest Ungelabelt\10bc016204b44e50a87b999c624cd69e.png,Data Source,0.1657259315252304,"['Data Source', 'Query', 'Datenvorschau', 'DTP', 'Transformationen']","[0.1657259315252304, 0.0728197693824768, 0.07273216545581818, 0.06918268650770187, 0.06902473419904709]"
..\Data\Rest Ungelabelt\10cbce5c33aa46d18ad82585165639ff.png,Datenvorschau,0.13618174195289612,"['Datenvorschau', 'Data Source', 'Data Store Object', 'Composite Provider', 'Excel']","[0.13618174195289612, 0.09089067578315735, 0.07219576090574265, 0.0707523301243782, 0.07023818790912628]"
..\Data\Rest Ungelabelt\10ebbf245450411888e826530af7b61d.png,Query,0.14191050827503204,"['Query', 'Data Source', 'Transformationen', 'Composite Provider', 'Excel']","[0.14191050827503204, 0.07481132447719574, 0.07442765682935715, 0.07359562814235687, 0.07327599823474884]"
..\Data\Rest Ungelabelt\110010bf432341729655d816321c420e.jpeg,DTP,0.18468421697616577,"['DTP', 'ABAP Dictionary', 'Transformationen', 'Query', 'Data Source']","[0.18468421697616577, 0.0679437667131424, 0.0679430365562439, 0.06794297695159912, 0.06794290989637375]"
..\Data\Rest Ungelabelt\114bf18f6b9b43eaaaa039a9d7987748.png,Datenvorschau,0.18189282715320587,"['Datenvorschau', 'Data Store Object', 'Data Source', 'Data Mart', 'Composite Provider']","[0.18189282715320587, 0.06885318458080292, 0.06830596178770065, 0.0681641548871994, 0.0681406632065773]"
..\Data\Rest Ungelabelt\116811d2295f471c8711fd852e01761c.png,Data Store Object,0.1713869571685791,"['Data Store Object', 'Query', 'Data Source', 'DTP', 'ABAP Dictionary']","[0.1713869571685791, 0.07288353890180588, 0.06958011537790298, 0.06880316138267517, 0.06863172352313995]"
..\Data\Rest Ungelabelt\116e6f8a17074b8a802a59441202e948.jpeg,Data Source,0.1157226487994194,"['Data Source', 'Data Store Object', 'DTP', 'Query', 'BW4Cockpit (Stammdaten)']","[0.1157226487994194, 0.11133700609207153, 0.0709041953086853, 0.07052087783813477, 0.07047323137521744]"
..\Data\Rest Ungelabelt\1178d50620654438bc3a91694cf9c165.png,Transformationen,0.1846531629562378,"['Transformationen', 'Composite Provider', 'Excel', 'Data Source', 'Data Flow Object']","[0.1846531629562378, 0.06795307993888855, 0.06794753670692444, 0.06794528663158417, 0.0679449737071991]"
..\Data\Rest Ungelabelt\117f3cb22a2949efa1fa5c8be9bdc4e4.png,Query,0.14523813128471375,"['Query', 'Data Store Object', 'Transformationen', 'Data Source', 'BW4Cockpit (Stammdaten)']","[0.14523813128471375, 0.07808960974216461, 0.07373582571744919, 0.07261287420988083, 0.0704350546002388]"
..\Data\Rest Ungelabelt\11a7465f2f15488c80ebb83ffe0c0b2c.png,Transformationen,0.18465465307235718,"['Transformationen', 'Composite Provider', 'DTP', 'Excel', 'Data Source']","[0.18465465307235718, 0.0679543986916542, 0.06794585287570953, 0.06794554740190506, 0.06794480234384537]"
..\Data\Rest Ungelabelt\11b5bf32f47946b980e1fb49348116af.jpeg,Data Store Object,0.18446415662765503,"['Data Store Object', 'DTP', 'BW4Cockpit (Stammdaten)', 'Composite Provider', 'Query']","[0.18446415662765503, 0.06799706816673279, 0.06798449158668518, 0.06796184927225113, 0.06795865297317505]"
..\Data\Rest Ungelabelt\11b7221c320740a18085e5fb2ddeb676.png,Datenvorschau,0.1157817617058754,"['Datenvorschau', 'Data Store Object', 'Composite Provider', 'Bewegungsdaten', 'Data Mart']","[0.1157817617058754, 0.10804514586925507, 0.07300212234258652, 0.07101956009864807, 0.0709637776017189]"
..\Data\Rest Ungelabelt\11cb8d9e3597435abc614cfa47a5d53c.png,Data Source,0.15902596712112427,"['Data Source', 'Datenvorschau', 'Data Store Object', 'Query', 'Data Mart']","[0.15902596712112427, 0.07411972433328629, 0.07341862469911575, 0.07054994255304337, 0.0694182813167572]"
..\Data\Rest Ungelabelt\11ce7ffa1c824abb809a66e3dc04ea94.jpeg,Bewegungsdaten,0.13034319877624512,"['Bewegungsdaten', 'Datenvorschau', 'ABAP Dictionary', 'Data Store Object', 'Data Source']","[0.13034319877624512, 0.09480389207601547, 0.07271599024534225, 0.07077770680189133, 0.07077253609895706]"
..\Data\Rest Ungelabelt\11ffe33cd89c4a9b9e19ea7e3d97bd1f.png,Data Flow Object,0.18468163907527924,"['Data Flow Object', 'Composite Provider', 'ABAP Dictionary', 'Bewegungsdaten', 'DTP']","[0.18468163907527924, 0.06794533133506775, 0.0679430291056633, 0.06794299930334091, 0.06794299930334091]"
..\Data\Rest Ungelabelt\12064780c89a477099ddd76ccb93efcd.png,Query,0.1569128781557083,"['Query', 'Data Store Object', 'Data Source', 'DTP', 'ABAP Dictionary']","[0.1569128781557083, 0.07877454906702042, 0.07045421004295349, 0.06997745484113693, 0.06961247324943542]"
..\Data\Rest Ungelabelt\1215e5f4dc0e4b70a70c4196f2500adc.png,Data Flow Object,0.1670941859483719,"['Data Flow Object', 'Composite Provider', 'DTP', 'Transformationen', 'Data Source']","[0.1670941859483719, 0.07684896141290665, 0.06873372942209244, 0.06873252987861633, 0.06873242557048798]"
..\Data\Rest Ungelabelt\1249b365925e4ce4879144e766937ca6.png,Data Flow Object,0.18418249487876892,"['Data Flow Object', 'Composite Provider', 'ABAP Dictionary', 'Datenvorschau', 'DTP']","[0.18418249487876892, 0.0681133046746254, 0.06798184663057327, 0.06797929853200912, 0.06797756254673004]"
..\Data\Rest Ungelabelt\124fa635ea2842b7835ed37f0c02d566.png,Transformationen,0.11129111796617508,"['Transformationen', 'Data Source', 'Datenvorschau', 'BW4Cockpit (Stammdaten)', 'Composite Provider']","[0.11129111796617508, 0.0840086042881012, 0.07996565103530884, 0.0757407546043396, 0.07357640564441681]"
..\Data\Rest Ungelabelt\125156783c5941679d2598869e39e15d.jpeg,ABAP Dictionary,0.101218082010746,"['ABAP Dictionary', 'DTP', 'Data Store Object', 'Transformationen', 'Composite Provider']","[0.101218082010746, 0.08604343980550766, 0.08254516124725342, 0.07925339788198471, 0.07613248378038406]"
..\Data\Rest Ungelabelt\1251961f916d4a8ab0f8091d06ddfd89.png,Data Source,0.09557532519102097,"['Data Source', 'Data Mart', 'Data Store Object', 'Query', 'Datenvorschau']","[0.09557532519102097, 0.0884249359369278, 0.08791650831699371, 0.07977183163166046, 0.07863566279411316]"
..\Data\Rest Ungelabelt\125b73abc030453995c08f94452781cd.png,Query,0.15259741246700287,"['Query', 'BW4Cockpit (Stammdaten)', 'Data Store Object', 'Data Source', 'DTP']","[0.15259741246700287, 0.07721087336540222, 0.07280345261096954, 0.07104314863681793, 0.0703652948141098]"
..\Data\Rest Ungelabelt\127d05983d6b43f1937a33290ab96aa8.png,DTP,0.12431024014949799,"['DTP', 'Datenvorschau', 'Composite Provider', 'Data Store Object', 'Data Source']","[0.12431024014949799, 0.08229091018438339, 0.07841134816408157, 0.07564233988523483, 0.07476837933063507]"
..\Data\Rest Ungelabelt\12938677d1c2413d916175cac93a376e.png,Datenvorschau,0.16809749603271484,"['Datenvorschau', 'Composite Provider', 'Data Store Object', 'DTP', 'Data Source']","[0.16809749603271484, 0.07235447317361832, 0.07064157724380493, 0.06994583457708359, 0.06898230314254761]"
..\Data\Rest Ungelabelt\12a612bbe913401387014ca90dadd441.png,Composite Provider,0.1584371030330658,"['Composite Provider', 'Data Store Object', 'DTP', 'Query', 'Transformationen']","[0.1584371030330658, 0.07757779955863953, 0.0709175243973732, 0.06994141638278961, 0.06950844079256058]"
..\Data\Rest Ungelabelt\12a71ba71417494fae82eeecdf4ff6b0.png,Data Store Object,0.11997807770967484,"['Data Store Object', 'Datenvorschau', 'Data Mart', 'Data Source', 'Composite Provider']","[0.11997807770967484, 0.10677333176136017, 0.07161016762256622, 0.07070603221654892, 0.07037034630775452]"
..\Data\Rest Ungelabelt\12ea703fa5194e63b8937d95aecbdb97.png,Datenvorschau,0.11810100823640823,"['Datenvorschau', 'Composite Provider', 'Data Flow Object', 'Transformationen', 'Data Source']","[0.11810100823640823, 0.08937179297208786, 0.07523708045482635, 0.0735490545630455, 0.0726475790143013]"
..\Data\Rest Ungelabelt\12f6a1ff7cdb413285b09c7c70e57417.png,Query,0.18468502163887024,"['Query', 'BW4Cockpit (Stammdaten)', 'Data Source', 'Composite Provider', 'Data Mart']","[0.18468502163887024, 0.06794319301843643, 0.06794310361146927, 0.06794289499521255, 0.06794289499521255]"
..\Data\Rest Ungelabelt\12fdf3e413e14390bd3adcd29dcd648e.png,Datenvorschau,0.11803688853979111,"['Datenvorschau', 'Data Store Object', 'Data Source', 'Data Mart', 'Composite Provider']","[0.11803688853979111, 0.09980083256959915, 0.07694470137357712, 0.07178226113319397, 0.0712258368730545]"
..\Data\Rest Ungelabelt\13124d988bb845858c72cad857925e74.png,BW4Cockpit (Stammdaten),0.18355771899223328,"['BW4Cockpit (Stammdaten)', 'Query', 'Excel', 'Datenvorschau', 'DTP']","[0.18355771899223328, 0.06826337426900864, 0.06809961795806885, 0.06806351244449615, 0.068008191883564]"
..\Data\Rest Ungelabelt\133f641eb908403bb2270ba29685b622.jpeg,Data Flow Object,0.15980394184589386,"['Data Flow Object', 'Composite Provider', 'ABAP Dictionary', 'Data Store Object', 'Transformationen']","[0.15980394184589386, 0.08086109161376953, 0.06910324096679688, 0.06903399527072906, 0.06902711093425751]"
..\Data\Rest Ungelabelt\136db412c55a464c9248b9fe81d0ae73.jpeg,Composite Provider,0.12669989466667175,"['Composite Provider', 'Data Flow Object', 'Datenvorschau', 'DTP', 'Transformationen']","[0.12669989466667175, 0.08013293892145157, 0.07804755866527557, 0.0743512511253357, 0.07316240668296814]"
..\Data\Rest Ungelabelt\13845d1e8fde4dddbca26509291cb610.jpeg,Composite Provider,0.15279994904994965,"['Composite Provider', 'Transformationen', 'Excel', 'Data Flow Object', 'Datenvorschau']","[0.15279994904994965, 0.08055595308542252, 0.07202208787202835, 0.06996580213308334, 0.06964998692274094]"
..\Data\Rest Ungelabelt\13d304d488254db8b01e5d0c6d5ede5b.png,Query,0.17386670410633087,"['Query', 'Data Store Object', 'Data Source', 'BW4Cockpit (Stammdaten)', 'Data Mart']","[0.17386670410633087, 0.07055169343948364, 0.06990568339824677, 0.06933216750621796, 0.06862287223339081]"
..\Data\Rest Ungelabelt\13dfa2513f1049d4bc723f2e0a3d708c.png,Data Store Object,0.12184962630271912,"['Data Store Object', 'Query', 'DTP', 'Data Source', 'BW4Cockpit (Stammdaten)']","[0.12184962630271912, 0.09964274615049362, 0.073170006275177, 0.07199904322624207, 0.0709320679306984]"
..\Data\Rest Ungelabelt\13e5dda3d082410980056e4e5059df76.png,Data Source,0.11196397244930267,"['Data Source', 'Datenvorschau', 'Transformationen', 'Composite Provider', 'Excel']","[0.11196397244930267, 0.10600083321332932, 0.07751055806875229, 0.07186964899301529, 0.07034619152545929]"
..\Data\Rest Ungelabelt\140e6ab5678049ab8781548a3b54c301.jpeg,Data Store Object,0.11472926288843155,"['Data Store Object', 'Data Source', 'Query', 'ABAP Dictionary', 'DTP']","[0.11472926288843155, 0.0893825814127922, 0.08757138252258301, 0.07175379991531372, 0.07142510265111923]"
..\Data\Rest Ungelabelt\142843a3de104547b3e84904a8f58838.jpeg,Data Source,0.1838567554950714,"['Data Source', 'Datenvorschau', 'Data Store Object', 'DTP', 'Data Mart']","[0.1838567554950714, 0.06824777275323868, 0.0680379644036293, 0.06799156218767166, 0.06798761337995529]"
..\Data\Rest Ungelabelt\14489e4996894492931f50a429c562e4.jpeg,DTP,0.10427796840667725,"['DTP', 'BW4Cockpit (Stammdaten)', 'ABAP Dictionary', 'Data Source', 'Bewegungsdaten']","[0.10427796840667725, 0.10272762924432755, 0.07987158745527267, 0.07458360493183136, 0.07270829379558563]"
..\Data\Rest Ungelabelt\144ed3bbd69d4322b5ff90e42da24acd.png,Query,0.11297676712274551,"['Query', 'Data Source', 'Datenvorschau', 'Data Store Object', 'Data Mart']","[0.11297676712274551, 0.10145130753517151, 0.07521852850914001, 0.0732400044798851, 0.0719757005572319]"
..\Data\Rest Ungelabelt\147cef48d8224cd4be8f04fc66343937.png,Data Store Object,0.18344497680664062,"['Data Store Object', 'DTP', 'BW4Cockpit (Stammdaten)', 'Query', 'ABAP Dictionary']","[0.18344497680664062, 0.06831309199333191, 0.06807850301265717, 0.06806722283363342, 0.06802315264940262]"
..\Data\Rest Ungelabelt\149d0c32239348218f345216fcc04d30.png,Datenvorschau,0.11886899918317795,"['Datenvorschau', 'Data Source', 'Data Store Object', 'Transformationen', 'Data Mart']","[0.11886899918317795, 0.09225247800350189, 0.08007819205522537, 0.0729857012629509, 0.07198112457990646]"
..\Data\Rest Ungelabelt\14b091803b3e41eeb10caeb7f17ebf28.png,Bewegungsdaten,0.1329147070646286,"['Bewegungsdaten', 'ABAP Dictionary', 'BW4Cockpit (Stammdaten)', 'DTP', 'Excel']","[0.1329147070646286, 0.07934963703155518, 0.07764719426631927, 0.07505237311124802, 0.07217725366353989]"
..\Data\Rest Ungelabelt\14ee95aaa57d486286176af6d0852b80.png,Query,0.17971815168857574,"['Query', 'Data Store Object', 'BW4Cockpit (Stammdaten)', 'Data Source', 'Data Mart']","[0.17971815168857574, 0.06932982057332993, 0.06853415071964264, 0.06851878017187119, 0.06824853271245956]"
..\Data\Rest Ungelabelt\14f4b7c454b34fcdb7f15d684b6188ae.png,BW4Cockpit (Stammdaten),0.18403659760951996,"['BW4Cockpit (Stammdaten)', 'Query', 'Excel', 'Datenvorschau', 'Data Store Object']","[0.18403659760951996, 0.06819438934326172, 0.06799439340829849, 0.06798594444990158, 0.06798161566257477]"
..\Data\Rest Ungelabelt\14fdd34fd6b2427384abc61636ec44bc.png,Excel,0.17433886229991913,"['Excel', 'Query', 'Composite Provider', 'Data Store Object', 'Datenvorschau']","[0.17433886229991913, 0.07034794986248016, 0.06934910267591476, 0.0693095326423645, 0.06871878355741501]"
..\Data\Rest Ungelabelt\15007e3e76ea4534aa0db1f8d1b9fea4.png,Data Store Object,0.15926502645015717,"['Data Store Object', 'Datenvorschau', 'Data Source', 'Composite Provider', 'BW4Cockpit (Stammdaten)']","[0.15926502645015717, 0.07437737286090851, 0.07256108522415161, 0.07004974782466888, 0.06958157569169998]"
..\Data\Rest Ungelabelt\1503633fe30e4aaf87be5e7748291d9c.png,Transformationen,0.18463893234729767,"['Transformationen', 'Composite Provider', 'Data Source', 'Data Flow Object', 'Data Store Object']","[0.18463893234729767, 0.06796038895845413, 0.06794696301221848, 0.06794599443674088, 0.06794597208499908]"
..\Data\Rest Ungelabelt\150557ece4214747a1d81883bcd77ff3.jpeg,Query,0.18461379408836365,"['Query', 'Composite Provider', 'Data Store Object', 'Data Flow Object', 'DTP']","[0.18461379408836365, 0.06795211881399155, 0.06795111298561096, 0.06795013695955276, 0.06794951856136322]"
..\Data\Rest Ungelabelt\150c973b348048fe8829304f651611ce.png,Transformationen,0.10941387712955475,"['Transformationen', 'Query', 'BW4Cockpit (Stammdaten)', 'Data Store Object', 'Composite Provider']","[0.10941387712955475, 0.09771015495061874, 0.07790811359882355, 0.07575048506259918, 0.07144630700349808]"
..\Data\Rest Ungelabelt\152f2814a2c145fb9355d848f197f7ed.png,Bewegungsdaten,0.13188967108726501,"['Bewegungsdaten', 'BW4Cockpit (Stammdaten)', 'Data Store Object', 'DTP', 'Datenvorschau']","[0.13188967108726501, 0.08287015557289124, 0.07405559718608856, 0.07288204878568649, 0.07219376415014267]"
..\Data\Rest Ungelabelt\15417a052a59428a94aa147e01c6873f.jpeg,Data Flow Object,0.11725343018770218,"['Data Flow Object', 'Composite Provider', 'Transformationen', 'ABAP Dictionary', 'Bewegungsdaten']","[0.11725343018770218, 0.11055820435285568, 0.07050643861293793, 0.07040587812662125, 0.07031917572021484]"
..\Data\Rest Ungelabelt\154972ceb744426583fc4c32a2a5f5ba.png,Data Store Object,0.13255828619003296,"['Data Store Object', 'Query', 'Data Source', 'DTP', 'Data Mart']","[0.13255828619003296, 0.0779799148440361, 0.07663822174072266, 0.07349236309528351, 0.07191571593284607]"
..\Data\Rest Ungelabelt\15628c3332b940a5b5062d2c8a907122.png,DTP,0.13908278942108154,"['DTP', 'Data Store Object', 'BW4Cockpit (Stammdaten)', 'Excel', 'Bewegungsdaten']","[0.13908278942108154, 0.07785496860742569, 0.07715165615081787, 0.07383544743061066, 0.07107307761907578]"
..\Data\Rest Ungelabelt\15653346c3ff4d3c98fbe0d1d7d19d08.jpeg,Data Store Object,0.13619330525398254,"['Data Store Object', 'Data Source', 'Data Mart', 'Datenvorschau', 'Query']","[0.13619330525398254, 0.0810164213180542, 0.07814597338438034, 0.07289155572652817, 0.07114638388156891]"
..\Data\Rest Ungelabelt\15a6713aa54548b0a5109be97fce9eef.png,Query,0.12359820306301117,"['Query', 'Data Store Object', 'Data Source', 'Transformationen', 'Composite Provider']","[0.12359820306301117, 0.07770058512687683, 0.07757756114006042, 0.07677613943815231, 0.0761987641453743]"
..\Data\Rest Ungelabelt\15a6f6a4517140f1907ffcc1424faa93.png,Data Store Object,0.15992186963558197,"['Data Store Object', 'Data Mart', 'Data Source', 'Datenvorschau', 'Query']","[0.15992186963558197, 0.07486153393983841, 0.07335928082466125, 0.06995964050292969, 0.0692630261182785]"
..\Data\Rest Ungelabelt\15f7900cd3d04ca4b3b056761e7f959b.png,Data Source,0.17325818538665771,"['Data Source', 'Datenvorschau', 'Transformationen', 'Query', 'Excel']","[0.17325818538665771, 0.07182231545448303, 0.06991373747587204, 0.06858044117689133, 0.06850656867027283]"
..\Data\Rest Ungelabelt\1600bc73dfdc43d3b5a3a5e2fe86c4ee.png,Excel,0.18464438617229462,"['Excel', 'ABAP Dictionary', 'Transformationen', 'Bewegungsdaten', 'BW4Cockpit (Stammdaten)']","[0.18464438617229462, 0.06795170158147812, 0.06794928759336472, 0.0679488405585289, 0.06794585287570953]"
..\Data\Rest Ungelabelt\1646696a56a2401c969e762f091fb8c0.png,Data Flow Object,0.1837836056947708,"['Data Flow Object', 'Composite Provider', 'ABAP Dictionary', 'DTP', 'Transformationen']","[0.1837836056947708, 0.06834995746612549, 0.06799394637346268, 0.06798829883337021, 0.06798796355724335]"
..\Data\Rest Ungelabelt\1662dc1d95544de290653275411f4e79.png,Data Store Object,0.08970097452402115,"['Data Store Object', 'Datenvorschau', 'Composite Provider', 'Query', 'Excel']","[0.08970097452402115, 0.08623487502336502, 0.08066540211439133, 0.08048953115940094, 0.0768883228302002]"
..\Data\Rest Ungelabelt\167917cd584f4ad28fb08127af62d551.png,Datenvorschau,0.17496076226234436,"['Datenvorschau', 'Data Source', 'Data Store Object', 'Data Mart', 'Query']","[0.17496076226234436, 0.07152774184942245, 0.06907787173986435, 0.06855601072311401, 0.06852734088897705]"
..\Data\Rest Ungelabelt\16adb1a286014b38a8b511e482e865b6.png,Query,0.17649248242378235,"['Query', 'Data Store Object', 'Data Source', 'Datenvorschau', 'Data Mart']","[0.17649248242378235, 0.06992689520120621, 0.06951084733009338, 0.06860992312431335, 0.06851384043693542]"
..\Data\Rest Ungelabelt\16aec2bcb0964e6083db259c3ffbf7f7.jpeg,Bewegungsdaten,0.10696429014205933,"['Bewegungsdaten', 'ABAP Dictionary', 'Data Source', 'BW4Cockpit (Stammdaten)', 'DTP']","[0.10696429014205933, 0.08923052251338959, 0.08025375008583069, 0.07670237869024277, 0.07462180405855179]"
..\Data\Rest Ungelabelt\16c3ba1920e44d06ba95199040c77824.jpeg,Query,0.18463532626628876,"['Query', 'Data Store Object', 'BW4Cockpit (Stammdaten)', 'Data Mart', 'Datenvorschau']","[0.18463532626628876, 0.06796466559171677, 0.06794662773609161, 0.06794581562280655, 0.06794535368680954]"
..\Data\Rest Ungelabelt\16c9f500c8084306953f7dc6480ad62d.jpeg,Data Source,0.10030245780944824,"['Data Source', 'Query', 'Data Store Object', 'Datenvorschau', 'Composite Provider']","[0.10030245780944824, 0.08634161949157715, 0.0849599689245224, 0.08019334822893143, 0.07570309937000275]"
..\Data\Rest Ungelabelt\16dc2a3521d04c69bc36a5445c222b45.jpeg,Bewegungsdaten,0.18404164910316467,"['Bewegungsdaten', 'ABAP Dictionary', 'Datenvorschau', 'Excel', 'Composite Provider']","[0.18404164910316467, 0.06818240880966187, 0.06800661236047745, 0.06798486411571503, 0.06797992438077927]"
..\Data\Rest Ungelabelt\16e047303a79401ba181b3f6fae40272.png,Excel,0.0997694879770279,"['Excel', 'Data Store Object', 'Datenvorschau', 'Composite Provider', 'Bewegungsdaten']","[0.0997694879770279, 0.08818329125642776, 0.08779027312994003, 0.08285488933324814, 0.07302320748567581]"
..\Data\Rest Ungelabelt\17096cffd318417e9e0ede59f04f5503.jpeg,Composite Provider,0.14834065735340118,"['Composite Provider', 'Data Store Object', 'Data Flow Object', 'Data Source', 'DTP']","[0.14834065735340118, 0.07802645117044449, 0.07230246812105179, 0.07159362733364105, 0.07069426029920578]"
..\Data\Rest Ungelabelt\17620164aa2e49edaedf4e0a0e75b90b.jpeg,Data Flow Object,0.1394834667444229,"['Data Flow Object', 'ABAP Dictionary', 'Composite Provider', 'Transformationen', 'Bewegungsdaten']","[0.1394834667444229, 0.07520067691802979, 0.07482673227787018, 0.07277914881706238, 0.07244372367858887]"
..\Data\Rest Ungelabelt\176b47ceac874636bd39094f3e350568.jpeg,Excel,0.18468691408634186,"['Excel', 'Bewegungsdaten', 'Composite Provider', 'Datenvorschau', 'DTP']","[0.18468691408634186, 0.06794283539056778, 0.0679427981376648, 0.067942775785923, 0.06794276833534241]"
..\Data\Rest Ungelabelt\177c7f66e76c4ca1aef5e1003c6fb6e5.png,Data Source,0.14468397200107574,"['Data Source', 'Data Mart', 'Data Store Object', 'Datenvorschau', 'Transformationen']","[0.14468397200107574, 0.07905609905719757, 0.0754271149635315, 0.07352054119110107, 0.06976553797721863]"
..\Data\Rest Ungelabelt\178e2dc813ea46de9b2baf90f16c5511.jpeg,Composite Provider,0.10669554024934769,"['Composite Provider', 'Transformationen', 'Datenvorschau', 'Data Source', 'DTP']","[0.10669554024934769, 0.10296180099248886, 0.07677879184484482, 0.07522410899400711, 0.07139385491609573]"
..\Data\Rest Ungelabelt\1792aefac24a4c10a41705ddc8ad163c.png,Data Flow Object,0.18461710214614868,"['Data Flow Object', 'Composite Provider', 'DTP', 'ABAP Dictionary', 'Transformationen']","[0.18461710214614868, 0.0679609477519989, 0.06794977933168411, 0.06794945895671844, 0.06794803589582443]"
..\Data\Rest Ungelabelt\17b0562c381a4bb0ab68cae18963557a.png,Bewegungsdaten,0.12249845266342163,"['Bewegungsdaten', 'ABAP Dictionary', 'Datenvorschau', 'Excel', 'BW4Cockpit (Stammdaten)']","[0.12249845266342163, 0.09055616706609726, 0.08355069160461426, 0.07095792144536972, 0.07035225629806519]"
..\Data\Rest Ungelabelt\17f3489011084c6eae41e526b0e5e5bc.png,Composite Provider,0.11046420782804489,"['Composite Provider', 'Transformationen', 'Query', 'Data Store Object', 'Datenvorschau']","[0.11046420782804489, 0.08255458623170853, 0.07991991937160492, 0.07683660089969635, 0.0736079066991806]"
..\Data\Rest Ungelabelt\17f379d1246e4eae905f1cb683a0b94d.jpeg,Data Store Object,0.1463925689458847,"['Data Store Object', 'Query', 'Data Source', 'Data Mart', 'Datenvorschau']","[0.1463925689458847, 0.0848536342382431, 0.07259269058704376, 0.07023466378450394, 0.0696140006184578]"
..\Data\Rest Ungelabelt\180fb460769c4ec8bdbfd459abf2c1d9.png,Query,0.16133929789066315,"['Query', 'Composite Provider', 'Data Store Object', 'Datenvorschau', 'Transformationen']","[0.16133929789066315, 0.07321062684059143, 0.07110656797885895, 0.07034432142972946, 0.0702539011836052]"
..\Data\Rest Ungelabelt\187e041f634747a181328cee5c788c33.jpeg,Query,0.17470940947532654,"['Query', 'Data Mart', 'Transformationen', 'Data Flow Object', 'Datenvorschau']","[0.17470940947532654, 0.0691966786980629, 0.06911253929138184, 0.06902783364057541, 0.06897372752428055]"
..\Data\Rest Ungelabelt\18940735e0bc44cbb30838561c9f0b9c.png,Excel,0.18163155019283295,"['Excel', 'Transformationen', 'DTP', 'Composite Provider', 'ABAP Dictionary']","[0.18163155019283295, 0.06876551359891891, 0.06831879168748856, 0.06827495992183685, 0.0681467056274414]"
..\Data\Rest Ungelabelt\189d51ba8c914636a375cf4116d73198.jpeg,Excel,0.18374109268188477,"['Excel', 'Bewegungsdaten', 'Datenvorschau', 'DTP', 'BW4Cockpit (Stammdaten)']","[0.18374109268188477, 0.06814782321453094, 0.06812417507171631, 0.06803523004055023, 0.06800462305545807]"
..\Data\Rest Ungelabelt\18be2343d36c411cba9fdb4e569be782.png,Data Store Object,0.1846802532672882,"['Data Store Object', 'DTP', 'Data Mart', 'BW4Cockpit (Stammdaten)', 'Data Source']","[0.1846802532672882, 0.06794511526823044, 0.06794363260269165, 0.06794335693120956, 0.06794312596321106]"
..\Data\Rest Ungelabelt\18d4f7836b824232ba90b982cf83f0a3.png,Data Source,0.1840132623910904,"['Data Source', 'Data Mart', 'Data Store Object', 'Datenvorschau', 'Query']","[0.1840132623910904, 0.06806664168834686, 0.06806357204914093, 0.06803937256336212, 0.06799447536468506]"
..\Data\Rest Ungelabelt\18f61785be3340d3b62dc0a29eb3d89a.png,Data Store Object,0.1655624359846115,"['Data Store Object', 'Query', 'Composite Provider', 'DTP', 'Data Mart']","[0.1655624359846115, 0.07157130539417267, 0.07146020233631134, 0.06970686465501785, 0.06967644393444061]"
..\Data\Rest Ungelabelt\192a0ad3ab0a49a9956dd877e808eb04.png,Data Flow Object,0.18270182609558105,"['Data Flow Object', 'Composite Provider', 'ABAP Dictionary', 'Datenvorschau', 'Transformationen']","[0.18270182609558105, 0.068659208714962, 0.06816857308149338, 0.06805507093667984, 0.06805074214935303]"
..\Data\Rest Ungelabelt\194f5c1e9002421994c0cdfd49484e7a.png,Data Flow Object,0.18416769802570343,"['Data Flow Object', 'Composite Provider', 'Transformationen', 'Excel', 'DTP']","[0.18416769802570343, 0.06817644089460373, 0.06797153502702713, 0.06796915829181671, 0.06796912848949432]"
..\Data\Rest Ungelabelt\19544446f6bc4ffd9bce78ed820e47ab.png,Data Store Object,0.11212021112442017,"['Data Store Object', 'Data Source', 'Datenvorschau', 'Query', 'Data Mart']","[0.11212021112442017, 0.1116103008389473, 0.07163111120462418, 0.07147200405597687, 0.07111872732639313]"
..\Data\Rest Ungelabelt\1961d11d618145c38704b8146cf9426d.jpeg,Datenvorschau,0.1327085644006729,"['Datenvorschau', 'Composite Provider', 'Transformationen', 'BW4Cockpit (Stammdaten)', 'Bewegungsdaten']","[0.1327085644006729, 0.07711470127105713, 0.07429806888103485, 0.07371614873409271, 0.07364057749509811]"
..\Data\Rest Ungelabelt\197a394e7d3949fe8010cb9292622244.png,Data Store Object,0.1546490639448166,"['Data Store Object', 'Query', 'Data Mart', 'Data Source', 'Composite Provider']","[0.1546490639448166, 0.08100750297307968, 0.07042771577835083, 0.07007849961519241, 0.06949853897094727]"
..\Data\Rest Ungelabelt\198356c178194112a29afd072d89bf8b.png,BW4Cockpit (Stammdaten),0.18440969288349152,"['BW4Cockpit (Stammdaten)', 'Query', 'Datenvorschau', 'Data Store Object', 'Excel']","[0.18440969288349152, 0.06804805248975754, 0.06796257197856903, 0.06796249747276306, 0.06796173751354218]"
..\Data\Rest Ungelabelt\1992f71f6a5e4340b5cace25843a5993.jpeg,Data Store Object,0.12362265586853027,"['Data Store Object', 'Composite Provider', 'Query', 'Transformationen', 'Data Mart']","[0.12362265586853027, 0.09990046918392181, 0.07220146059989929, 0.07121990621089935, 0.07096557319164276]"
..\Data\Rest Ungelabelt\1993ba2937bc4720a08619f82360603b.jpeg,Excel,0.11965232342481613,"['Excel', 'DTP', 'Transformationen', 'Composite Provider', 'ABAP Dictionary']","[0.11965232342481613, 0.08670186996459961, 0.07830867171287537, 0.07364401966333389, 0.07327356934547424]"
..\Data\Rest Ungelabelt\19a09aa09c084b34810b5a36adc59c38.png,Data Source,0.1845427006483078,"['Data Source', 'Datenvorschau', 'Data Store Object', 'BW4Cockpit (Stammdaten)', 'Data Mart']","[0.1845427006483078, 0.06800344586372375, 0.06795454770326614, 0.0679502785205841, 0.0679502785205841]"
..\Data\Rest Ungelabelt\19b96776fbd943b181fd002b5550f497.png,Excel,0.18419188261032104,"['Excel', 'Transformationen', 'Composite Provider', 'Data Store Object', 'Data Flow Object']","[0.18419188261032104, 0.06800588220357895, 0.06800372153520584, 0.06799494475126266, 0.06799376755952835]"
..\Data\Rest Ungelabelt\19e5becb6b694f3eb95734cb738fd9ae.png,Query,0.11858486384153366,"['Query', 'Composite Provider', 'Data Flow Object', 'Data Store Object', 'DTP']","[0.11858486384153366, 0.09194134175777435, 0.07595959305763245, 0.07587256282567978, 0.07259289175271988]"
..\Data\Rest Ungelabelt\19ec7f0eb688462b999d0017ebc0abcd.png,Bewegungsdaten,0.18466995656490326,"['Bewegungsdaten', 'ABAP Dictionary', 'Datenvorschau', 'Excel', 'BW4Cockpit (Stammdaten)']","[0.18466995656490326, 0.06794757395982742, 0.06794625520706177, 0.0679439976811409, 0.06794362515211105]"
..\Data\Rest Ungelabelt\1a1656d191844936a453f27a6b48a318.png,Query,0.18464842438697815,"['Query', 'Data Source', 'Transformationen', 'DTP', 'Composite Provider']","[0.18464842438697815, 0.06795534491539001, 0.06794646382331848, 0.06794589757919312, 0.06794527918100357]"
..\Data\Rest Ungelabelt\1a233449938d4781be951793d47a0e63.jpeg,Bewegungsdaten,0.09854758530855179,"['Bewegungsdaten', 'Excel', 'BW4Cockpit (Stammdaten)', 'Datenvorschau', 'Composite Provider']","[0.09854758530855179, 0.08579688519239426, 0.08239693939685822, 0.07620470225811005, 0.07543113082647324]"
..\Data\Rest Ungelabelt\1a3c9a2f8b0941ecbc2028e8dbed31d9.jpeg,Query,0.09537838399410248,"['Query', 'Datenvorschau', 'Data Store Object', 'Composite Provider', 'Data Mart']","[0.09537838399410248, 0.09251312911510468, 0.08149801194667816, 0.08047597110271454, 0.07418940961360931]"
..\Data\Rest Ungelabelt\1a64aa57ca1f41289a651abbb64ae237.png,Excel,0.18381989002227783,"['Excel', 'Bewegungsdaten', 'Data Flow Object', 'Transformationen', 'ABAP Dictionary']","[0.18381989002227783, 0.06834755837917328, 0.06798486411571503, 0.06798484176397324, 0.06798479706048965]"
..\Data\Rest Ungelabelt\1a7ee38d72f6432889520f793d0e9703.png,Data Store Object,0.11105609685182571,"['Data Store Object', 'Datenvorschau', 'Transformationen', 'Query', 'Data Source']","[0.11105609685182571, 0.09640869498252869, 0.07649888843297958, 0.07563014328479767, 0.07241349667310715]"
..\Data\Rest Ungelabelt\1aaba2c5d7f8465c9db3589b6b5081e2.png,Data Store Object,0.1793227344751358,"['Data Store Object', 'Query', 'Data Source', 'DTP', 'BW4Cockpit (Stammdaten)']","[0.1793227344751358, 0.06912199407815933, 0.0689522996544838, 0.06848904490470886, 0.06841352581977844]"
..\Data\Rest Ungelabelt\1ac6a69bbdfe4cfda387df7de1629ad2.jpeg,Datenvorschau,0.10144007205963135,"['Datenvorschau', 'Data Store Object', 'Data Mart', 'Data Source', 'Query']","[0.10144007205963135, 0.0995391234755516, 0.07981563359498978, 0.07877112179994583, 0.07226420193910599]"
..\Data\Rest Ungelabelt\1b228e3d675140ffa097ce6c2318265e.png,Transformationen,0.13929779827594757,"['Transformationen', 'Data Source', 'DTP', 'Composite Provider', 'Datenvorschau']","[0.13929779827594757, 0.0768832415342331, 0.07584396749734879, 0.07246934622526169, 0.07240600138902664]"
..\Data\Rest Ungelabelt\1b40ff6ed8a744e2b529f27fce2835e1.png,Data Source,0.1749611347913742,"['Data Source', 'Datenvorschau', 'Data Mart', 'Query', 'Data Store Object']","[0.1749611347913742, 0.06983861327171326, 0.069564588367939, 0.06913650780916214, 0.0687100887298584]"
..\Data\Rest Ungelabelt\1b5d144aa3e146be88817fe88f548897.jpeg,Query,0.16904370486736298,"['Query', 'Data Store Object', 'Datenvorschau', 'Data Source', 'Data Mart']","[0.16904370486736298, 0.07151948660612106, 0.07031697779893875, 0.06967998296022415, 0.06931386142969131]"
..\Data\Rest Ungelabelt\1b7323981f5b49e3ab29ad1a4bfa16c1.png,Data Source,0.13490918278694153,"['Data Source', 'Query', 'Data Store Object', 'Datenvorschau', 'Data Mart']","[0.13490918278694153, 0.08089084923267365, 0.07819388806819916, 0.07207009196281433, 0.07187028974294662]"
..\Data\Rest Ungelabelt\1b7632fd7521494a9018c2c6b1bea78b.png,Query,0.18095649778842926,"['Query', 'Data Store Object', 'BW4Cockpit (Stammdaten)', 'Data Mart', 'Data Flow Object']","[0.18095649778842926, 0.06943049281835556, 0.06819560378789902, 0.0681631937623024, 0.06816044449806213]"
..\Data\Rest Ungelabelt\1b7c30258f6e47c398f15e8fa0d11def.png,Data Store Object,0.1844494640827179,"['Data Store Object', 'DTP', 'BW4Cockpit (Stammdaten)', 'Composite Provider', 'Query']","[0.1844494640827179, 0.06800173968076706, 0.06799973547458649, 0.06795742362737656, 0.06795617192983627]"
..\Data\Rest Ungelabelt\1b92b063aec649ef87029d3d0e01f94d.jpeg,ABAP Dictionary,0.18134547770023346,"['ABAP Dictionary', 'Data Store Object', 'Datenvorschau', 'Composite Provider', 'DTP']","[0.18134547770023346, 0.06861849129199982, 0.06857990473508835, 0.06821832060813904, 0.06817830353975296]"
..\Data\Rest Ungelabelt\1ba7bdb6384a44469471424d35474e66.png,Datenvorschau,0.14247992634773254,"['Datenvorschau', 'Data Source', 'Data Store Object', 'Data Mart', 'DTP']","[0.14247992634773254, 0.08012628555297852, 0.07895787805318832, 0.07018903642892838, 0.0699709951877594]"
..\Data\Rest Ungelabelt\1bb63fa180554c00b21b368006167642.jpeg,Transformationen,0.11783357709646225,"['Transformationen', 'Composite Provider', 'Query', 'Data Mart', 'Datenvorschau']","[0.11783357709646225, 0.08670260012149811, 0.0781816765666008, 0.0753772109746933, 0.07405270636081696]"
..\Data\Rest Ungelabelt\1bbbc09955594f26ba353f6f678846a4.png,Data Store Object,0.18460337817668915,"['Data Store Object', 'BW4Cockpit (Stammdaten)', 'DTP', 'Data Source', 'Data Mart']","[0.18460337817668915, 0.06796066462993622, 0.067959725856781, 0.06794992089271545, 0.06794848293066025]"
..\Data\Rest Ungelabelt\1bf47c8c29f54c13a5b1b023fdff4c75.png,Data Source,0.17249663174152374,"['Data Source', 'Datenvorschau', 'Query', 'Data Store Object', 'Data Mart']","[0.17249663174152374, 0.07235577702522278, 0.06976471841335297, 0.0686020776629448, 0.06857913732528687]"
..\Data\Rest Ungelabelt\1c2d2f2d66164c378a5f53697221b652.png,BW4Cockpit (Stammdaten),0.09543780237436295,"['BW4Cockpit (Stammdaten)', 'Data Flow Object', 'DTP', 'Transformationen', 'Data Store Object']","[0.09543780237436295, 0.0911741852760315, 0.08232171833515167, 0.07718106359243393, 0.07670518755912781]"
..\Data\Rest Ungelabelt\1c75fb27a1c64798bd13b5a19e40f7ca.png,Excel,0.18390943109989166,"['Excel', 'BW4Cockpit (Stammdaten)', 'Bewegungsdaten', 'Transformationen', 'Data Store Object']","[0.18390943109989166, 0.06829140335321426, 0.06798465549945831, 0.06798367202281952, 0.06798198074102402]"
..\Data\Rest Ungelabelt\1c85c44f4e024d708053e7448a0f4590.jpeg,Data Store Object,0.10824371129274368,"['Data Store Object', 'Data Source', 'Query', 'DTP', 'BW4Cockpit (Stammdaten)']","[0.10824371129274368, 0.10488130897283554, 0.07865443825721741, 0.07195927947759628, 0.07143271714448929]"
..\Data\Rest Ungelabelt\1cd73cc6ae8e438787b00e7aa2ba335a.png,Datenvorschau,0.09225337952375412,"['Datenvorschau', 'Data Source', 'Data Store Object', 'Data Mart', 'Composite Provider']","[0.09225337952375412, 0.09176207333803177, 0.08448237180709839, 0.07943589240312576, 0.07550018280744553]"
..\Data\Rest Ungelabelt\1d019ff1cc424580be364fc4599e196c.jpeg,ABAP Dictionary,0.184561625123024,"['ABAP Dictionary', 'Datenvorschau', 'Data Source', 'Bewegungsdaten', 'Transformationen']","[0.184561625123024, 0.06796730309724808, 0.06796377897262573, 0.06795527040958405, 0.06795278936624527]"
..\Data\Rest Ungelabelt\1d154e5a19a64dc79de47d183d9902b6.png,Transformationen,0.11898158490657806,"['Transformationen', 'Composite Provider', 'Datenvorschau', 'Data Source', 'Data Store Object']","[0.11898158490657806, 0.0908767506480217, 0.08316615968942642, 0.07181856781244278, 0.07091215997934341]"
..\Data\Rest Ungelabelt\1d549c6eed9c457baab700c600105ee4.jpeg,Transformationen,0.13117259740829468,"['Transformationen', 'Composite Provider', 'Datenvorschau', 'Data Source', 'Query']","[0.13117259740829468, 0.08683452010154724, 0.07472778856754303, 0.07298947125673294, 0.07108354568481445]"
..\Data\Rest Ungelabelt\1d623eff7d434d99bf7ec26047bd700a.png,Data Flow Object,0.09499844163656235,"['Data Flow Object', 'ABAP Dictionary', 'Data Source', 'Transformationen', 'Datenvorschau']","[0.09499844163656235, 0.09008181095123291, 0.08400601893663406, 0.08238749951124191, 0.07560622692108154]"
..\Data\Rest Ungelabelt\1d756ebfe7574b2fa52131479c670423.png,Data Store Object,0.1589651256799698,"['Data Store Object', 'Query', 'Datenvorschau', 'Data Mart', 'Data Source']","[0.1589651256799698, 0.07303257286548615, 0.07248970866203308, 0.071213498711586, 0.06984065473079681]"
..\Data\Rest Ungelabelt\1d80c467b7b84f64947db4002faffc68.png,Data Store Object,0.11016671359539032,"['Data Store Object', 'Data Mart', 'Data Source', 'Composite Provider', 'Datenvorschau']","[0.11016671359539032, 0.08543757349252701, 0.08180560916662216, 0.07629024237394333, 0.07574427872896194]"
..\Data\Rest Ungelabelt\1d860bd0b468419a8d6308c18ee02f37.png,ABAP Dictionary,0.17731007933616638,"['ABAP Dictionary', 'Datenvorschau', 'Composite Provider', 'Bewegungsdaten', 'Data Flow Object']","[0.17731007933616638, 0.06983941793441772, 0.06886801868677139, 0.0687800720334053, 0.0684749111533165]"
..\Data\Rest Ungelabelt\1d9f6865f03a4548bc22e0a98436170e.png,DTP,0.14159181714057922,"['DTP', 'Data Source', 'Datenvorschau', 'Query', 'Composite Provider']","[0.14159181714057922, 0.0821509137749672, 0.07543925940990448, 0.07117011398077011, 0.0703771635890007]"
..\Data\Rest Ungelabelt\1da0967d45e7494390cba4fbc9ecb77a.png,Data Source,0.13533435761928558,"['Data Source', 'Datenvorschau', 'Data Store Object', 'Data Mart', 'Query']","[0.13533435761928558, 0.0850260779261589, 0.07775019854307175, 0.07183324545621872, 0.07047202438116074]"
..\Data\Rest Ungelabelt\1da61f0c694d4e67b1aa48d22eef2e62.png,Query,0.12835833430290222,"['Query', 'Data Store Object', 'Data Source', 'Data Mart', 'Transformationen']","[0.12835833430290222, 0.09795120358467102, 0.07136167585849762, 0.07135703414678574, 0.07023385912179947]"
..\Data\Rest Ungelabelt\1dbb3f0445b24175969aa24261c7cea3.png,Data Store Object,0.10774219036102295,"['Data Store Object', 'Data Mart', 'Composite Provider', 'Data Source', 'Datenvorschau']","[0.10774219036102295, 0.10000761598348618, 0.07665063440799713, 0.07359322160482407, 0.07323648035526276]"
..\Data\Rest Ungelabelt\1dc252f61d604a83845c3383b5564270.png,Query,0.16749215126037598,"['Query', 'Data Store Object', 'Data Source', 'Data Mart', 'Datenvorschau']","[0.16749215126037598, 0.0732516348361969, 0.07068238407373428, 0.06966613233089447, 0.06890928745269775]"
..\Data\Rest Ungelabelt\1dd0e77f6825457c9df89b79902b5d4e.jpeg,DTP,0.09387975931167603,"['DTP', 'Data Source', 'Composite Provider', 'Data Store Object', 'Datenvorschau']","[0.09387975931167603, 0.0912560373544693, 0.08505105972290039, 0.07647348195314407, 0.07616756111383438]"
..\Data\Rest Ungelabelt\1dd1d34d2b9343418f7943a72e26667f.jpeg,Bewegungsdaten,0.1653582751750946,"['Bewegungsdaten', 'ABAP Dictionary', 'Datenvorschau', 'Data Source', 'BW4Cockpit (Stammdaten)']","[0.1653582751750946, 0.07314292341470718, 0.07065709680318832, 0.06974516063928604, 0.06974145770072937]"
..\Data\Rest Ungelabelt\1dea02a0def34bd3ae7605b7ebeddfed.png,Query,0.18461552262306213,"['Query', 'BW4Cockpit (Stammdaten)', 'Data Store Object', 'Data Mart', 'Datenvorschau']","[0.18461552262306213, 0.06795769929885864, 0.0679565891623497, 0.06794918328523636, 0.06794771552085876]"
..\Data\Rest Ungelabelt\1df8b1e7ae7f4e31a5485b701b896af5.png,Data Source,0.1846752166748047,"['Data Source', 'Datenvorschau', 'Data Store Object', 'Data Mart', 'Transformationen']","[0.1846752166748047, 0.06794708967208862, 0.06794429570436478, 0.06794355809688568, 0.06794332712888718]"
..\Data\Rest Ungelabelt\1dfcf1b2c88a4ca59dac6dc08c70ee6b.png,ABAP Dictionary,0.12342314422130585,"['ABAP Dictionary', 'Transformationen', 'Composite Provider', 'DTP', 'Data Flow Object']","[0.12342314422130585, 0.10063467919826508, 0.07222598046064377, 0.07062239199876785, 0.070612333714962]"
..\Data\Rest Ungelabelt\1e0647abf64841f2869a8a97cda25cec.png,Data Store Object,0.10894209891557693,"['Data Store Object', 'BW4Cockpit (Stammdaten)', 'ABAP Dictionary', 'Data Source', 'DTP']","[0.10894209891557693, 0.09849360585212708, 0.07961426675319672, 0.07364802062511444, 0.07194007933139801]"
..\Data\Rest Ungelabelt\1e07b9be0b1c4dd5bebbca1d7911ec7e.png,ABAP Dictionary,0.1364075392484665,"['ABAP Dictionary', 'Bewegungsdaten', 'BW4Cockpit (Stammdaten)', 'DTP', 'Datenvorschau']","[0.1364075392484665, 0.094431072473526, 0.07074198871850967, 0.07030012458562851, 0.06989054381847382]"
..\Data\Rest Ungelabelt\1e16f2f110044f65bb6753a22c88480c.png,Data Store Object,0.1521550863981247,"['Data Store Object', 'Data Mart', 'Data Source', 'Datenvorschau', 'Query']","[0.1521550863981247, 0.07629889249801636, 0.07387123256921768, 0.0716487467288971, 0.07038401812314987]"
..\Data\Rest Ungelabelt\1e24d4bd201740ab9ed9520173bae5ec.jpeg,Query,0.16028375923633575,"['Query', 'Data Source', 'Data Store Object', 'Transformationen', 'Composite Provider']","[0.16028375923633575, 0.07311626523733139, 0.07151664793491364, 0.07034184783697128, 0.07019773870706558]"
..\Data\Rest Ungelabelt\1e24fe017a0d4d77925c3115c2d0dca2.png,Data Store Object,0.15083712339401245,"['Data Store Object', 'Data Source', 'Query', 'BW4Cockpit (Stammdaten)', 'DTP']","[0.15083712339401245, 0.07534822821617126, 0.07428622245788574, 0.07304219901561737, 0.07023704797029495]"
..\Data\Rest Ungelabelt\1e2f75e3087a49dd8685e468c035137b.png,Bewegungsdaten,0.0896182507276535,"['Bewegungsdaten', 'Excel', 'BW4Cockpit (Stammdaten)', 'Composite Provider', 'Data Flow Object']","[0.0896182507276535, 0.08101223409175873, 0.07847105711698532, 0.07712992280721664, 0.07702633738517761]"
..\Data\Rest Ungelabelt\1e50eb683b8d40388fc127a65ad1544d.jpeg,Query,0.15217892825603485,"['Query', 'Data Source', 'Data Store Object', 'Data Mart', 'DTP']","[0.15217892825603485, 0.0811159610748291, 0.07231765240430832, 0.06982612609863281, 0.06951520591974258]"
..\Data\Rest Ungelabelt\1e52040ef5144cc99665f638d07ede05.png,Query,0.18095605075359344,"['Query', 'Data Source', 'Data Store Object', 'Data Mart', 'Datenvorschau']","[0.18095605075359344, 0.06851103156805038, 0.0683702826499939, 0.06834360957145691, 0.06833752989768982]"
..\Data\Rest Ungelabelt\1e5b5ca60359466293cb8e39d0c6f287.jpeg,Data Flow Object,0.10557301342487335,"['Data Flow Object', 'Composite Provider', 'Datenvorschau', 'Data Store Object', 'Bewegungsdaten']","[0.10557301342487335, 0.09823081642389297, 0.08160427957773209, 0.07516147196292877, 0.07299111783504486]"
..\Data\Rest Ungelabelt\1e62eea5332945c4b2ba3acb8cb339b2.jpeg,ABAP Dictionary,0.10450144112110138,"['ABAP Dictionary', 'Bewegungsdaten', 'Datenvorschau', 'Data Flow Object', 'Composite Provider']","[0.10450144112110138, 0.08757463842630386, 0.08381319046020508, 0.07698376476764679, 0.07571858912706375]"
..\Data\Rest Ungelabelt\1e7ff4042a5f4859b67aa5c9b0f493d0.jpeg,ABAP Dictionary,0.1406002789735794,"['ABAP Dictionary', 'Composite Provider', 'Transformationen', 'DTP', 'Data Flow Object']","[0.1406002789735794, 0.0826278030872345, 0.07226616889238358, 0.07194928079843521, 0.07189062237739563]"
..\Data\Rest Ungelabelt\1e8728ca3b8c490fabb8a1b8c342203d.png,Query,0.18465226888656616,"['Query', 'Datenvorschau', 'Data Store Object', 'Data Source', 'Composite Provider']","[0.18465226888656616, 0.06794775277376175, 0.06794735044240952, 0.06794684380292892, 0.0679464265704155]"
..\Data\Rest Ungelabelt\1e9a5901bf81461eb375b5d6f8debbe6.png,Data Store Object,0.15032947063446045,"['Data Store Object', 'Query', 'Datenvorschau', 'Transformationen', 'DTP']","[0.15032947063446045, 0.0743187740445137, 0.07290872931480408, 0.07149289548397064, 0.07137484103441238]"
..\Data\Rest Ungelabelt\1ee47602982d4cebaeb2f40e424d47c8.png,Data Store Object,0.12301123142242432,"['Data Store Object', 'DTP', 'Datenvorschau', 'Composite Provider', 'Transformationen']","[0.12301123142242432, 0.09697722643613815, 0.07554897665977478, 0.07101622968912125, 0.07072282582521439]"
..\Data\Rest Ungelabelt\1ee7e238cb024782865a68363a7f7e79.png,Excel,0.1846834123134613,"['Excel', 'Bewegungsdaten', 'Composite Provider', 'Datenvorschau', 'Transformationen']","[0.1846834123134613, 0.0679432824254036, 0.06794322282075882, 0.06794316321611404, 0.06794316321611404]"
..\Data\Rest Ungelabelt\1efcb05fbfae41a2812ae944fb7d82d4.jpeg,Bewegungsdaten,0.18213723599910736,"['Bewegungsdaten', 'ABAP Dictionary', 'Datenvorschau', 'Excel', 'Data Flow Object']","[0.18213723599910736, 0.06888964027166367, 0.06819232553243637, 0.06812632828950882, 0.06810299307107925]"
..\Data\Rest Ungelabelt\1f362cdf6547417297f936c6f6a96147.png,Data Store Object,0.13232916593551636,"['Data Store Object', 'Data Mart', 'Datenvorschau', 'Data Source', 'Composite Provider']","[0.13232916593551636, 0.08467084914445877, 0.07960525155067444, 0.07238129526376724, 0.07051021605730057]"
..\Data\Rest Ungelabelt\1f398e1f0a634bcfb0baf6388b72a2c3.png,Query,0.18392525613307953,"['Query', 'Data Store Object', 'Data Mart', 'BW4Cockpit (Stammdaten)', 'Datenvorschau']","[0.18392525613307953, 0.0682508572936058, 0.0680030956864357, 0.06798575073480606, 0.06798526644706726]"
..\Data\Rest Ungelabelt\1f447ebee92b4fbb9ea262df4e1bede5.png,Data Source,0.16640539467334747,"['Data Source', 'Datenvorschau', 'Data Store Object', 'Query', 'Data Mart']","[0.16640539467334747, 0.07469180971384048, 0.07064010947942734, 0.06905415654182434, 0.06892362236976624]"
..\Data\Rest Ungelabelt\1f46463c1f354bc09a10f825a3cd847d.png,Query,0.18464773893356323,"['Query', 'Data Source', 'Data Mart', 'BW4Cockpit (Stammdaten)', 'Transformationen']","[0.18464773893356323, 0.06795103847980499, 0.06794825196266174, 0.06794743984937668, 0.06794673204421997]"
..\Data\Rest Ungelabelt\1f6378de2ce240d0adda452abcabbe9e.jpeg,Data Store Object,0.18421636521816254,"['Data Store Object', 'BW4Cockpit (Stammdaten)', 'DTP', 'Query', 'Composite Provider']","[0.18421636521816254, 0.06808135658502579, 0.06802794337272644, 0.06797104328870773, 0.06797069311141968]"
..\Data\Rest Ungelabelt\1f79c9bdfd7443a380918281823421f3.jpeg,Data Source,0.18458066880702972,"['Data Source', 'Datenvorschau', 'Data Store Object', 'Data Mart', 'Query']","[0.18458066880702972, 0.06799022108316422, 0.0679488554596901, 0.06794853508472443, 0.0679481253027916]"
..\Data\Rest Ungelabelt\1f9b156140604a2f945b73855b11a9ce.png,ABAP Dictionary,0.16473354399204254,"['ABAP Dictionary', 'Datenvorschau', 'Bewegungsdaten', 'DTP', 'Composite Provider']","[0.16473354399204254, 0.07306487113237381, 0.06995710730552673, 0.06979688256978989, 0.06966137140989304]"
..\Data\Rest Ungelabelt\1fbc05b8e6d749f08f2a874e822fd89d.png,Composite Provider,0.09530410915613174,"['Composite Provider', 'Data Flow Object', 'Transformationen', 'Bewegungsdaten', 'BW4Cockpit (Stammdaten)']","[0.09530410915613174, 0.09399077296257019, 0.08759728819131851, 0.07480628788471222, 0.07402700185775757]"
..\Data\Rest Ungelabelt\201f0c41139d47289acb72bd86ee7868.png,Data Flow Object,0.18439505994319916,"['Data Flow Object', 'Composite Provider', 'DTP', 'Datenvorschau', 'Transformationen']","[0.18439505994319916, 0.06807860732078552, 0.0679570809006691, 0.06795696169137955, 0.06795693933963776]"
..\Data\Rest Ungelabelt\209452cdc02a4adb8ad168fac82864ff.png,Query,0.13953356444835663,"['Query', 'Data Source', 'Data Store Object', 'Data Mart', 'DTP']","[0.13953356444835663, 0.08509839326143265, 0.07649489492177963, 0.07036182284355164, 0.06991321593523026]"
..\Data\Rest Ungelabelt\20b56fcadee5423da57b8262d15e1a27.png,Data Mart,0.11479993909597397,"['Data Mart', 'Data Store Object', 'Query', 'Data Source', 'Datenvorschau']","[0.11479993909597397, 0.09481827169656754, 0.08211256563663483, 0.07296913117170334, 0.07144906371831894]"
..\Data\Rest Ungelabelt\20bf6e6eeab94f5d9a98f1939455eff7.jpeg,Query,0.18468737602233887,"['Query', 'ABAP Dictionary', 'BW4Cockpit (Stammdaten)', 'Bewegungsdaten', 'Composite Provider']","[0.18468737602233887, 0.06794272363185883, 0.06794272363185883, 0.06794272363185883, 0.06794272363185883]"
..\Data\Rest Ungelabelt\20dabe90c67c40b9b331d2e311aea2e2.png,ABAP Dictionary,0.1354338526725769,"['ABAP Dictionary', 'Datenvorschau', 'Bewegungsdaten', 'Composite Provider', 'DTP']","[0.1354338526725769, 0.07631310075521469, 0.07507771998643875, 0.0747101902961731, 0.0733332559466362]"
..\Data\Rest Ungelabelt\20e0fc58f46e4ad480045ab1838b9382.jpeg,Data Store Object,0.16018787026405334,"['Data Store Object', 'Query', 'Data Mart', 'Data Source', 'Datenvorschau']","[0.16018787026405334, 0.07294026017189026, 0.07224474847316742, 0.07059656828641891, 0.0704270601272583]"
..\Data\Rest Ungelabelt\20e2e8fbf6754350bc9061ad484c960e.png,Data Source,0.11159426718950272,"['Data Source', 'Data Store Object', 'Composite Provider', 'DTP', 'Transformationen']","[0.11159426718950272, 0.08589774370193481, 0.08417830616235733, 0.07443608343601227, 0.07330069690942764]"
..\Data\Rest Ungelabelt\20e4bb72dfe74e658fbb633ba7c44624.png,Data Source,0.09996330738067627,"['Data Source', 'Query', 'Datenvorschau', 'Transformationen', 'Data Mart']","[0.09996330738067627, 0.08538339287042618, 0.08117091655731201, 0.07953987270593643, 0.07579810917377472]"
..\Data\Rest Ungelabelt\20f72f93ba33445992a645afdb0ab866.jpeg,ABAP Dictionary,0.12620332837104797,"['ABAP Dictionary', 'Data Store Object', 'DTP', 'Datenvorschau', 'Data Source']","[0.12620332837104797, 0.08006846159696579, 0.07989656925201416, 0.07439125329256058, 0.07249904423952103]"
..\Data\Rest Ungelabelt\21003018673d4c7ca56b69e04ab070a2.png,Data Flow Object,0.13821709156036377,"['Data Flow Object', 'Composite Provider', 'Bewegungsdaten', 'DTP', 'Data Store Object']","[0.13821709156036377, 0.07806643843650818, 0.07331439852714539, 0.07315226644277573, 0.07309833914041519]"
..\Data\Rest Ungelabelt\21427e17208a41d690b24a48c7d84897.png,Data Source,0.11180846393108368,"['Data Source', 'Data Store Object', 'Query', 'Data Mart', 'Datenvorschau']","[0.11180846393108368, 0.09811897575855255, 0.08220446109771729, 0.07153570652008057, 0.0712127611041069]"
..\Data\Rest Ungelabelt\216e378ed548432e9f486bad0764e78f.jpeg,Query,0.10506662726402283,"['Query', 'Data Store Object', 'Composite Provider', 'Data Mart', 'Transformationen']","[0.10506662726402283, 0.09722869843244553, 0.08310183882713318, 0.07799997925758362, 0.07144512981176376]"
..\Data\Rest Ungelabelt\2173c90d1777438ea42bd0c8ceeef5dd.jpeg,Composite Provider,0.18226511776447296,"['Composite Provider', 'Datenvorschau', 'Transformationen', 'Data Flow Object', 'Data Source']","[0.18226511776447296, 0.06874385476112366, 0.06820987910032272, 0.06812811642885208, 0.06811317801475525]"
..\Data\Rest Ungelabelt\21814ccbcdb24a13981d65d413348cb7.png,Bewegungsdaten,0.13686160743236542,"['Bewegungsdaten', 'Data Store Object', 'Datenvorschau', 'BW4Cockpit (Stammdaten)', 'Data Source']","[0.13686160743236542, 0.07853265106678009, 0.07446636259555817, 0.07224975526332855, 0.07160807400941849]"
..\Data\Rest Ungelabelt\218f46a3d7444576b88fb0197b73fa08.jpeg,Datenvorschau,0.08894224464893341,"['Datenvorschau', 'Composite Provider', 'Data Flow Object', 'DTP', 'Transformationen']","[0.08894224464893341, 0.08269774913787842, 0.08237554132938385, 0.07973793148994446, 0.07851768285036087]"
..\Data\Rest Ungelabelt\21ae2364ba994ac2a2b39c7fe5b1b7c4.png,Data Flow Object,0.15388330817222595,"['Data Flow Object', 'Composite Provider', 'Transformationen', 'Excel', 'DTP']","[0.15388330817222595, 0.08382277190685272, 0.06980931758880615, 0.06928043067455292, 0.06925574690103531]"
..\Data\Rest Ungelabelt\21b05fac5a634803b7498268deeb1857.jpeg,Data Store Object,0.1821390986442566,"['Data Store Object', 'Query', 'Data Source', 'Data Mart', 'DTP']","[0.1821390986442566, 0.06884855031967163, 0.06816647946834564, 0.06815187633037567, 0.06812150031328201]"
..\Data\Rest Ungelabelt\21d3d3b0761044c9957a3138a0ce775b.png,Data Source,0.1824871152639389,"['Data Source', 'Datenvorschau', 'DTP', 'Data Store Object', 'Query']","[0.1824871152639389, 0.06880907714366913, 0.06817060708999634, 0.06807024031877518, 0.06806482374668121]"
..\Data\Rest Ungelabelt\21dc2130ed8c42b1b7dfb53f1999a5c5.png,Composite Provider,0.11466986685991287,"['Composite Provider', 'Data Source', 'Datenvorschau', 'Data Store Object', 'Transformationen']","[0.11466986685991287, 0.0806884691119194, 0.07984830439090729, 0.07845406234264374, 0.07536444813013077]"
..\Data\Rest Ungelabelt\21f97eedd4eb4f07ad91b6ddc90c503e.png,Data Flow Object,0.1818659007549286,"['Data Flow Object', 'Composite Provider', 'ABAP Dictionary', 'DTP', 'Excel']","[0.1818659007549286, 0.06927154958248138, 0.06807856261730194, 0.06807847321033478, 0.06807845085859299]"
..\Data\Rest Ungelabelt\2203c9f843af43e9aa7d6555e4f32145.jpeg,Excel,0.1845221072435379,"['Excel', 'Datenvorschau', 'Query', 'Bewegungsdaten', 'BW4Cockpit (Stammdaten)']","[0.1845221072435379, 0.0680030956864357, 0.06795696169137955, 0.06795621663331985, 0.06795372813940048]"
..\Data\Rest Ungelabelt\2227d4e3ecd74dcfb292fd594ff5fe0d.png,Excel,0.1846710741519928,"['Excel', 'Composite Provider', 'Datenvorschau', 'Data Store Object', 'Bewegungsdaten']","[0.1846710741519928, 0.06794562190771103, 0.06794510781764984, 0.06794442236423492, 0.06794418394565582]"
..\Data\Rest Ungelabelt\226414d21be744ec84c4e1a7bff335e2.png,Composite Provider,0.09290607273578644,"['Composite Provider', 'Data Source', 'Data Store Object', 'Datenvorschau', 'Data Mart']","[0.09290607273578644, 0.0888713002204895, 0.08404842764139175, 0.08217369019985199, 0.07696130126714706]"
..\Data\Rest Ungelabelt\226c0ab2f60a4110a5763d23a88b0f44.png,Data Source,0.17253635823726654,"['Data Source', 'Datenvorschau', 'Data Store Object', 'Data Mart', 'DTP']","[0.17253635823726654, 0.07381291687488556, 0.06857819855213165, 0.06851846724748611, 0.06850987672805786]"
..\Data\Rest Ungelabelt\2282519afca741b6a9239091c3a2dc01.png,Excel,0.18439753353595734,"['Excel', 'Data Flow Object', 'Composite Provider', 'Bewegungsdaten', 'Data Store Object']","[0.18439753353595734, 0.06801728904247284, 0.06797012686729431, 0.06796851754188538, 0.06796710938215256]"
..\Data\Rest Ungelabelt\228f29aceaa04e3480be5d31dcfdd2cd.png,DTP,0.10520292818546295,"['DTP', 'Transformationen', 'Composite Provider', 'Data Store Object', 'Data Source']","[0.10520292818546295, 0.09618527442216873, 0.08061680942773819, 0.07527811825275421, 0.07370305061340332]"
..\Data\Rest Ungelabelt\229124d781314b52acd84be0a074cb97.png,Data Source,0.18460914492607117,"['Data Source', 'Data Store Object', 'Datenvorschau', 'DTP', 'Query']","[0.18460914492607117, 0.06795980036258698, 0.06795439124107361, 0.06795091927051544, 0.06795065850019455]"
..\Data\Rest Ungelabelt\22a1459b2b4544e2b3c93df12ea06800.png,Excel,0.09966908395290375,"['Excel', 'Composite Provider', 'Data Store Object', 'Datenvorschau', 'DTP']","[0.09966908395290375, 0.09112177789211273, 0.08528700470924377, 0.07998517900705338, 0.07446503639221191]"
..\Data\Rest Ungelabelt\22b3bfbb267b4ea6830f156af824894e.png,Data Flow Object,0.18466059863567352,"['Data Flow Object', 'Composite Provider', 'ABAP Dictionary', 'Datenvorschau', 'DTP']","[0.18466059863567352, 0.06795500218868256, 0.06794410198926926, 0.06794407218694687, 0.06794403493404388]"
..\Data\Rest Ungelabelt\22fd8fa5af6848cc935c2d70838a83b6.png,Composite Provider,0.15634040534496307,"['Composite Provider', 'Transformationen', 'Data Source', 'Datenvorschau', 'Data Flow Object']","[0.15634040534496307, 0.07760210335254669, 0.07280862331390381, 0.06999220699071884, 0.06945132464170456]"
..\Data\Rest Ungelabelt\2311aac4e76e49838618b2d7dd7106c3.png,Query,0.13831284642219543,"['Query', 'Data Store Object', 'Data Source', 'BW4Cockpit (Stammdaten)', 'Data Mart']","[0.13831284642219543, 0.07964720577001572, 0.0743941217660904, 0.07360053062438965, 0.07316572219133377]"
..\Data\Rest Ungelabelt\231a03c8810348d69b6d937411dbd51f.png,Data Store Object,0.18456636369228363,"['Data Store Object', 'DTP', 'BW4Cockpit (Stammdaten)', 'Composite Provider', 'Data Mart']","[0.18456636369228363, 0.06796717643737793, 0.06796418875455856, 0.06795988231897354, 0.06795080751180649]"
..\Data\Rest Ungelabelt\23208c202e8b4f27b22ff08cb5112be2.jpeg,DTP,0.1844058483839035,"['DTP', 'ABAP Dictionary', 'Bewegungsdaten', 'BW4Cockpit (Stammdaten)', 'Datenvorschau']","[0.1844058483839035, 0.06806828081607819, 0.06795930117368698, 0.06795766949653625, 0.06795678287744522]"
..\Data\Rest Ungelabelt\23211080e3a44c05981be1ee2bede76e.png,Query,0.1506168246269226,"['Query', 'Data Source', 'Datenvorschau', 'Data Store Object', 'DTP']","[0.1506168246269226, 0.0746559128165245, 0.07223916798830032, 0.0720750018954277, 0.07159118354320526]"
..\Data\Rest Ungelabelt\23252756c7184df4a1d1d90e03d287b5.jpeg,Data Store Object,0.1843743920326233,"['Data Store Object', 'DTP', 'BW4Cockpit (Stammdaten)', 'Composite Provider', 'Query']","[0.1843743920326233, 0.06801871210336685, 0.067997045814991, 0.06797812134027481, 0.06796368211507797]"
..\Data\Rest Ungelabelt\232643865a194f68b642a65fe572229e.png,Query,0.18449941277503967,"['Query', 'Data Source', 'Data Store Object', 'Transformationen', 'BW4Cockpit (Stammdaten)']","[0.18449941277503967, 0.06798657774925232, 0.06797564774751663, 0.06795734912157059, 0.0679573342204094]"
..\Data\Rest Ungelabelt\232b51497e294539b7282b1d48fb4475.jpeg,Query,0.18468381464481354,"['Query', 'Data Source', 'BW4Cockpit (Stammdaten)', 'Composite Provider', 'Data Mart']","[0.18468381464481354, 0.06794378906488419, 0.06794314086437225, 0.06794299185276031, 0.06794295459985733]"
..\Data\Rest Ungelabelt\2339800cc6e74c8db57122a68b108ff4.png,Query,0.14041979610919952,"['Query', 'Composite Provider', 'Datenvorschau', 'Data Store Object', 'Data Mart']","[0.14041979610919952, 0.0767848864197731, 0.07677775621414185, 0.07218825072050095, 0.0714801698923111]"
..\Data\Rest Ungelabelt\2354713fdd814d308afafb4a60f1fa6b.png,Query,0.18468283116817474,"['Query', 'Data Source', 'Data Store Object', 'Data Mart', 'Datenvorschau']","[0.18468283116817474, 0.06794337928295135, 0.06794331967830658, 0.0679432824254036, 0.06794317811727524]"
..\Data\Rest Ungelabelt\23578baac5e440669d66390bb9f4a830.jpeg,Transformationen,0.13383090496063232,"['Transformationen', 'Composite Provider', 'Datenvorschau', 'Data Source', 'Data Flow Object']","[0.13383090496063232, 0.08133875578641891, 0.07884646207094193, 0.07420371472835541, 0.07056990265846252]"
..\Data\Rest Ungelabelt\236395fb830d46b2a86c5404e3ee95a2.png,Query,0.18467217683792114,"['Query', 'Data Store Object', 'Data Source', 'Data Mart', 'BW4Cockpit (Stammdaten)']","[0.18467217683792114, 0.06794681400060654, 0.06794474273920059, 0.06794430315494537, 0.06794382631778717]"
..\Data\Rest Ungelabelt\2390db7c2b14409a9c6dd6dc12d526f9.png,Composite Provider,0.09122572839260101,"['Composite Provider', 'Data Store Object', 'Datenvorschau', 'Bewegungsdaten', 'Data Flow Object']","[0.09122572839260101, 0.08824662119150162, 0.08150374889373779, 0.08022551238536835, 0.07757359743118286]"
..\Data\Rest Ungelabelt\23abbf14efe0481e97258869218ba767.png,Query,0.18329152464866638,"['Query', 'Data Store Object', 'Data Source', 'Transformationen', 'Data Mart']","[0.18329152464866638, 0.06824267655611038, 0.06815224140882492, 0.06807985156774521, 0.06805349886417389]"
..\Data\Rest Ungelabelt\23bbab92c13448158b37af6a29db2f94.png,Excel,0.18464133143424988,"['Excel', 'BW4Cockpit (Stammdaten)', 'Datenvorschau', 'Bewegungsdaten', 'Composite Provider']","[0.18464133143424988, 0.06794870644807816, 0.06794861704111099, 0.06794808804988861, 0.06794670969247818]"
..\Data\Rest Ungelabelt\23cbe4de8d744c7d9038aef9087195e4.png,Data Store Object,0.18410855531692505,"['Data Store Object', 'DTP', 'BW4Cockpit (Stammdaten)', 'Query', 'Data Source']","[0.18410855531692505, 0.0680980235338211, 0.0680018961429596, 0.06800135970115662, 0.0679924339056015]"
..\Data\Rest Ungelabelt\23cc1675648844cb8245e739282a0257.jpeg,Composite Provider,0.0933886468410492,"['Composite Provider', 'Data Store Object', 'Query', 'Datenvorschau', 'BW4Cockpit (Stammdaten)']","[0.0933886468410492, 0.09294000267982483, 0.08953311294317245, 0.07599128782749176, 0.07381917536258698]"
..\Data\Rest Ungelabelt\23d1f68a7d1e42d9b8d56503e8267dee.png,Transformationen,0.09995922446250916,"['Transformationen', 'Data Source', 'Datenvorschau', 'Composite Provider', 'DTP']","[0.09995922446250916, 0.09105250239372253, 0.08250553905963898, 0.08043409138917923, 0.07557376474142075]"
..\Data\Rest Ungelabelt\23f8d2304e2640a79c64da620baaba3b.png,Data Store Object,0.1846788078546524,"['Data Store Object', 'Data Mart', 'Composite Provider', 'Data Flow Object', 'DTP']","[0.1846788078546524, 0.06794584542512894, 0.06794381886720657, 0.06794320046901703, 0.06794317066669464]"
..\Data\Rest Ungelabelt\23fe666bd67d4beaa1862fe7c567400a.png,Data Store Object,0.14913730323314667,"['Data Store Object', 'Data Source', 'BW4Cockpit (Stammdaten)', 'Composite Provider', 'DTP']","[0.14913730323314667, 0.07436595112085342, 0.07247099280357361, 0.07184839993715286, 0.07130223512649536]"
..\Data\Rest Ungelabelt\2418a257ce204ea99aba6a4d4a905e5f.png,Data Store Object,0.16575516760349274,"['Data Store Object', 'Data Source', 'BW4Cockpit (Stammdaten)', 'Query', 'DTP']","[0.16575516760349274, 0.0711330696940422, 0.07072065025568008, 0.07030143588781357, 0.06940391659736633]"
..\Data\Rest Ungelabelt\2459dada62774e55ba860731514504a9.png,Data Source,0.1202239915728569,"['Data Source', 'Query', 'Data Mart', 'Data Store Object', 'Datenvorschau']","[0.1202239915728569, 0.07945113629102707, 0.07901952415704727, 0.0775643140077591, 0.07499150931835175]"
..\Data\Rest Ungelabelt\249b920b40ee4d0f822cdc4b25f1e8c1.png,Query,0.1694542020559311,"['Query', 'Data Store Object', 'BW4Cockpit (Stammdaten)', 'Data Source', 'Data Mart']","[0.1694542020559311, 0.0744210034608841, 0.06883539259433746, 0.06883275508880615, 0.0688299760222435]"
..\Data\Rest Ungelabelt\249cf7502f434f6988a39b6d3c2dc7c5.png,Datenvorschau,0.1143510714173317,"['Datenvorschau', 'Data Store Object', 'Data Source', 'Data Mart', 'Composite Provider']","[0.1143510714173317, 0.10178952664136887, 0.07762471586465836, 0.07218824326992035, 0.07108399271965027]"
..\Data\Rest Ungelabelt\24af59f0ec7449f3bc36a3d5bab9802f.png,Data Store Object,0.18074485659599304,"['Data Store Object', 'Data Source', 'DTP', 'BW4Cockpit (Stammdaten)', 'Data Mart']","[0.18074485659599304, 0.06856511533260345, 0.06838669627904892, 0.06834515929222107, 0.06830251961946487]"
..\Data\Rest Ungelabelt\24f98397d6ad4782b2cc93366f5100b7.png,Composite Provider,0.1475793868303299,"['Composite Provider', 'ABAP Dictionary', 'Data Flow Object', 'Data Source', 'Datenvorschau']","[0.1475793868303299, 0.07333239912986755, 0.07313811779022217, 0.0728907659649849, 0.07275577634572983]"
..\Data\Rest Ungelabelt\2506dd06ff504a7aa9f678f87ac2b81c.png,Data Flow Object,0.18461991846561432,"['Data Flow Object', 'Composite Provider', 'DTP', 'Datenvorschau', 'ABAP Dictionary']","[0.18461991846561432, 0.06797279417514801, 0.0679464191198349, 0.06794632971286774, 0.06794623285531998]"
..\Data\Rest Ungelabelt\250b647277574dd788a25d24a9e26b9c.jpeg,Data Flow Object,0.16781358420848846,"['Data Flow Object', 'DTP', 'Excel', 'BW4Cockpit (Stammdaten)', 'Data Store Object']","[0.16781358420848846, 0.07200618833303452, 0.06996992230415344, 0.06976405531167984, 0.06949356943368912]"
..\Data\Rest Ungelabelt\252594e3d4fb446389b82c48dfdb269a.png,Data Store Object,0.12083945423364639,"['Data Store Object', 'Composite Provider', 'Datenvorschau', 'Data Mart', 'Bewegungsdaten']","[0.12083945423364639, 0.09101951122283936, 0.07831497490406036, 0.07246208935976028, 0.07180606573820114]"
..\Data\Rest Ungelabelt\257eb516bda3494e9b7c2110cce2b3cb.jpeg,Bewegungsdaten,0.12466979771852493,"['Bewegungsdaten', 'Excel', 'Datenvorschau', 'ABAP Dictionary', 'Transformationen']","[0.12466979771852493, 0.0808243453502655, 0.07988736778497696, 0.07497261464595795, 0.0725516825914383]"
..\Data\Rest Ungelabelt\25976da141874883951f1ac3fdfac6ce.png,Excel,0.18147701025009155,"['Excel', 'Bewegungsdaten', 'Composite Provider', 'Transformationen', 'Datenvorschau']","[0.18147701025009155, 0.06926440447568893, 0.06815347075462341, 0.06814773380756378, 0.06813861429691315]"
..\Data\Rest Ungelabelt\25b2432bbc3340ada2bec75b0b781fa1.png,Composite Provider,0.15262439846992493,"['Composite Provider', 'Data Store Object', 'Query', 'DTP', 'Data Source']","[0.15262439846992493, 0.07593965530395508, 0.0725824311375618, 0.07241617888212204, 0.07038172334432602]"
..\Data\Rest Ungelabelt\25ba6d0a3fe24c25abcf1e4d521d2e4e.png,Query,0.18466022610664368,"['Query', 'Data Source', 'Data Store Object', 'BW4Cockpit (Stammdaten)', 'Data Mart']","[0.18466022610664368, 0.06795340776443481, 0.06794477999210358, 0.06794460862874985, 0.06794430315494537]"
..\Data\Rest Ungelabelt\25c184c45d5b4fd699cd407bbde3aad5.png,Composite Provider,0.12472555786371231,"['Composite Provider', 'Data Store Object', 'DTP', 'Excel', 'Datenvorschau']","[0.12472555786371231, 0.09515682607889175, 0.0775153785943985, 0.07049458473920822, 0.07036956399679184]"
..\Data\Rest Ungelabelt\25e00e8081d94e02a867bf56d20e535d.jpeg,Data Source,0.11134474724531174,"['Data Source', 'ABAP Dictionary', 'Data Store Object', 'Datenvorschau', 'DTP']","[0.11134474724531174, 0.09766223281621933, 0.07601072639226913, 0.07466215640306473, 0.07444147020578384]"
..\Data\Rest Ungelabelt\25f4d1d2ad4f41578bd275919c8e1dc7.png,Composite Provider,0.16592064499855042,"['Composite Provider', 'Transformationen', 'Data Flow Object', 'Data Store Object', 'Query']","[0.16592064499855042, 0.07455246895551682, 0.06980518251657486, 0.06969639658927917, 0.0691215917468071]"
..\Data\Rest Ungelabelt\25feaca0b7ba42f1b3ae2ee8866c0146.png,Query,0.18454422056674957,"['Query', 'Data Source', 'BW4Cockpit (Stammdaten)', 'Composite Provider', 'Data Store Object']","[0.18454422056674957, 0.0679876059293747, 0.06795547157526016, 0.06795372068881989, 0.06795166432857513]"
..\Data\Rest Ungelabelt\2616de49aaeb4b0c83019a83caf0d424.jpeg,ABAP Dictionary,0.18461614847183228,"['ABAP Dictionary', 'DTP', 'BW4Cockpit (Stammdaten)', 'Data Store Object', 'Bewegungsdaten']","[0.18461614847183228, 0.06796076148748398, 0.06795839965343475, 0.06794755160808563, 0.06794699281454086]"
..\Data\Rest Ungelabelt\261b626faee84290ad7997b8e9439d69.png,Bewegungsdaten,0.0896182507276535,"['Bewegungsdaten', 'Excel', 'BW4Cockpit (Stammdaten)', 'Composite Provider', 'Data Flow Object']","[0.0896182507276535, 0.08101223409175873, 0.07847105711698532, 0.07712992280721664, 0.07702633738517761]"
..\Data\Rest Ungelabelt\261f40fa93b84847aba4bfdfc958a585.png,Bewegungsdaten,0.0896182507276535,"['Bewegungsdaten', 'Excel', 'BW4Cockpit (Stammdaten)', 'Composite Provider', 'Data Flow Object']","[0.0896182507276535, 0.08101223409175873, 0.07847105711698532, 0.07712992280721664, 0.07702633738517761]"
..\Data\Rest Ungelabelt\2637592668c44d5889f4335e506f0b95.png,ABAP Dictionary,0.18468070030212402,"['ABAP Dictionary', 'DTP', 'BW4Cockpit (Stammdaten)', 'Bewegungsdaten', 'Composite Provider']","[0.18468070030212402, 0.06794583052396774, 0.0679430440068245, 0.0679430440068245, 0.0679430440068245]"
..\Data\Rest Ungelabelt\2643abd84aeb4764b18ea65bccf5ff96.jpeg,Data Store Object,0.15619982779026031,"['Data Store Object', 'Data Mart', 'Datenvorschau', 'Query', 'Data Source']","[0.15619982779026031, 0.08150920271873474, 0.07025540620088577, 0.06935202330350876, 0.06928948312997818]"
..\Data\Rest Ungelabelt\2656b958107546f7adb7b77bc115337e.png,Data Store Object,0.11761945486068726,"['Data Store Object', 'Datenvorschau', 'Composite Provider', 'Data Mart', 'Transformationen']","[0.11761945486068726, 0.08376319706439972, 0.07699564099311829, 0.07635302096605301, 0.0753549337387085]"
..\Data\Rest Ungelabelt\26c1a6ff6f114afcbb2f08c0ef3f6804.jpeg,Data Store Object,0.16980107128620148,"['Data Store Object', 'Data Mart', 'Datenvorschau', 'Data Source', 'Query']","[0.16980107128620148, 0.07215532660484314, 0.07023756206035614, 0.06957082450389862, 0.06910334527492523]"
..\Data\Rest Ungelabelt\26cb0752c73e4899898cdfad09ef09a2.png,Query,0.12705369293689728,"['Query', 'Data Store Object', 'Data Source', 'DTP', 'ABAP Dictionary']","[0.12705369293689728, 0.09507390111684799, 0.0730028972029686, 0.07124965637922287, 0.07117097824811935]"
..\Data\Rest Ungelabelt\26cd55199a4848f088ac710634ce6856.png,Data Source,0.1445322334766388,"['Data Source', 'Data Store Object', 'Datenvorschau', 'Data Mart', 'Query']","[0.1445322334766388, 0.0846961960196495, 0.07251894474029541, 0.07107219099998474, 0.06993058323860168]"
..\Data\Rest Ungelabelt\26e53757dfe44843ab340b5950ef327f.png,Data Source,0.18018509447574615,"['Data Source', 'Query', 'Datenvorschau', 'Data Mart', 'Data Store Object']","[0.18018509447574615, 0.06967650353908539, 0.06837360560894012, 0.06822065263986588, 0.06819457560777664]"
..\Data\Rest Ungelabelt\270c823ac9184769b4bc46d228f6a2c1.jpeg,Excel,0.1657935380935669,"['Excel', 'Datenvorschau', 'Composite Provider', 'Data Store Object', 'Query']","[0.1657935380935669, 0.0763835534453392, 0.06939379870891571, 0.06905730068683624, 0.06893467903137207]"
..\Data\Rest Ungelabelt\2755acdc388d461581891fdb2735e7cc.png,Datenvorschau,0.17684496939182281,"['Datenvorschau', 'Data Source', 'Data Store Object', 'Data Flow Object', 'Excel']","[0.17684496939182281, 0.07095295935869217, 0.06870266795158386, 0.06838883459568024, 0.06837663799524307]"
..\Data\Rest Ungelabelt\27606a2060734fa084d62a3ac899cf57.png,Data Store Object,0.18087521195411682,"['Data Store Object', 'Composite Provider', 'DTP', 'Data Source', 'Query']","[0.18087521195411682, 0.0691160038113594, 0.06830430775880814, 0.06830163300037384, 0.06828723102807999]"
..\Data\Rest Ungelabelt\2760a05308b045838f1cb61cf8b60506.png,Bewegungsdaten,0.0896182507276535,"['Bewegungsdaten', 'Excel', 'BW4Cockpit (Stammdaten)', 'Composite Provider', 'Data Flow Object']","[0.0896182507276535, 0.08101223409175873, 0.07847105711698532, 0.07712992280721664, 0.07702633738517761]"
..\Data\Rest Ungelabelt\2777709c7c2d488496c7b5d816cc2cc8.png,Bewegungsdaten,0.0896182507276535,"['Bewegungsdaten', 'Excel', 'BW4Cockpit (Stammdaten)', 'Composite Provider', 'Data Flow Object']","[0.0896182507276535, 0.08101223409175873, 0.07847105711698532, 0.07712992280721664, 0.07702633738517761]"
..\Data\Rest Ungelabelt\2794e4448a4446a1b923adfa014bc0ae.png,Bewegungsdaten,0.0896182507276535,"['Bewegungsdaten', 'Excel', 'BW4Cockpit (Stammdaten)', 'Composite Provider', 'Data Flow Object']","[0.0896182507276535, 0.08101223409175873, 0.07847105711698532, 0.07712992280721664, 0.07702633738517761]"
..\Data\Rest Ungelabelt\27a6385f271740b28ad3681b17e95029.jpeg,Data Flow Object,0.18426761031150818,"['Data Flow Object', 'Composite Provider', 'ABAP Dictionary', 'DTP', 'Datenvorschau']","[0.18426761031150818, 0.06813199073076248, 0.06796557456254959, 0.0679638534784317, 0.06796383112668991]"
..\Data\Rest Ungelabelt\27af6496d48f48029eeee128677517b0.png,Data Source,0.17996565997600555,"['Data Source', 'Datenvorschau', 'DTP', 'Query', 'Data Store Object']","[0.17996565997600555, 0.06931492686271667, 0.06898600608110428, 0.06819924712181091, 0.06817512959241867]"
..\Data\Rest Ungelabelt\27c4c4462ab24b1db6f0459504cef861.jpeg,Data Flow Object,0.1846325397491455,"['Data Flow Object', 'Composite Provider', 'ABAP Dictionary', 'Datenvorschau', 'Bewegungsdaten']","[0.1846325397491455, 0.06796541810035706, 0.0679459497332573, 0.0679459273815155, 0.06794591248035431]"
..\Data\Rest Ungelabelt\27c79aa1b0af40e59d235b4992ac3d5f.png,Data Store Object,0.14886564016342163,"['Data Store Object', 'Data Mart', 'Datenvorschau', 'Data Source', 'Data Flow Object']","[0.14886564016342163, 0.08244761824607849, 0.07130409777164459, 0.07031159102916718, 0.07030782848596573]"
..\Data\Rest Ungelabelt\27de228b0ae5427d9d73a8a5c51048f0.png,Query,0.18466831743717194,"['Query', 'Data Store Object', 'Data Mart', 'Composite Provider', 'Datenvorschau']","[0.18466831743717194, 0.06794746965169907, 0.06794477999210358, 0.06794440001249313, 0.06794431805610657]"
..\Data\Rest Ungelabelt\27e44bf691de4390bf1c255814092674.png,Query,0.12322922796010971,"['Query', 'Data Store Object', 'Composite Provider', 'Data Mart', 'Datenvorschau']","[0.12322922796010971, 0.08945542573928833, 0.07686666399240494, 0.07459044456481934, 0.07124710828065872]"
..\Data\Rest Ungelabelt\282c411b061f424d9062e402010ca350.png,Excel,0.18452396988868713,"['Excel', 'Bewegungsdaten', 'Transformationen', 'Data Flow Object', 'ABAP Dictionary']","[0.18452396988868713, 0.06797578930854797, 0.06796370446681976, 0.0679611936211586, 0.06795673072338104]"
..\Data\Rest Ungelabelt\2856e3b72e984d658cc04616aff20b47.png,Data Store Object,0.17804494500160217,"['Data Store Object', 'Composite Provider', 'Data Mart', 'DTP', 'Data Source']","[0.17804494500160217, 0.07009521126747131, 0.06859122961759567, 0.06856907904148102, 0.0683886706829071]"
..\Data\Rest Ungelabelt\286d1211ba71452d8fe3ae20752aece9.jpeg,Composite Provider,0.13138826191425323,"['Composite Provider', 'Excel', 'Transformationen', 'Datenvorschau', 'DTP']","[0.13138826191425323, 0.08071935921907425, 0.07654983550310135, 0.07265039533376694, 0.07196765393018723]"
..\Data\Rest Ungelabelt\287ec06b61f0441b818b053bee163793.png,ABAP Dictionary,0.15112997591495514,"['ABAP Dictionary', 'Composite Provider', 'Data Store Object', 'Transformationen', 'DTP']","[0.15112997591495514, 0.07799708843231201, 0.07267241925001144, 0.07057268172502518, 0.07037772238254547]"
..\Data\Rest Ungelabelt\288339010a914fb681bc871a15c402fc.png,Bewegungsdaten,0.17206420004367828,"['Bewegungsdaten', 'Datenvorschau', 'ABAP Dictionary', 'BW4Cockpit (Stammdaten)', 'Excel']","[0.17206420004367828, 0.07060512900352478, 0.06975624710321426, 0.06920644640922546, 0.06892156600952148]"
..\Data\Rest Ungelabelt\2885305545e1489d93c59359064fc805.jpeg,DTP,0.16014763712882996,"['DTP', 'Excel', 'Transformationen', 'ABAP Dictionary', 'Composite Provider']","[0.16014763712882996, 0.0756942629814148, 0.07116653770208359, 0.07064173370599747, 0.06947050243616104]"
..\Data\Rest Ungelabelt\288e1cb944774bf298cd151a6843909c.png,Data Source,0.18318606913089752,"['Data Source', 'Datenvorschau', 'DTP', 'Data Store Object', 'Query']","[0.18318606913089752, 0.06852079182863235, 0.06808403134346008, 0.0680539682507515, 0.06802963465452194]"
..\Data\Rest Ungelabelt\2896b78bc18f41e3b71fbd5f9a93d8cd.jpeg,Transformationen,0.18417036533355713,"['Transformationen', 'Composite Provider', 'Excel', 'Data Source', 'Data Flow Object']","[0.18417036533355713, 0.06818294525146484, 0.06796818971633911, 0.06796799600124359, 0.06796792894601822]"
..\Data\Rest Ungelabelt\289e556b93d348b7bab1b0a0d4bb93a7.png,Data Store Object,0.18453992903232574,"['Data Store Object', 'DTP', 'BW4Cockpit (Stammdaten)', 'Composite Provider', 'Data Mart']","[0.18453992903232574, 0.06797368079423904, 0.06796733289957047, 0.06796359270811081, 0.06795249879360199]"
..\Data\Rest Ungelabelt\28a717fbf2f74fada522a1729e82eadb.png,Datenvorschau,0.08799995481967926,"['Datenvorschau', 'Transformationen', 'Data Store Object', 'Data Source', 'Data Mart']","[0.08799995481967926, 0.08503427356481552, 0.08434884250164032, 0.07948354631662369, 0.0754164308309555]"
..\Data\Rest Ungelabelt\28c9d9a49e8b4da9b722235518d890ea.jpeg,Transformationen,0.15731213986873627,"['Transformationen', 'Composite Provider', 'Data Source', 'Datenvorschau', 'Query']","[0.15731213986873627, 0.07674261927604675, 0.07277337461709976, 0.07001707702875137, 0.06937564164400101]"
..\Data\Rest Ungelabelt\290c9230c82240a0ab9e094e49635adb.jpeg,Data Store Object,0.18419326841831207,"['Data Store Object', 'DTP', 'BW4Cockpit (Stammdaten)', 'Composite Provider', 'Query']","[0.18419326841831207, 0.0680750235915184, 0.06801576912403107, 0.06798797845840454, 0.06798246502876282]"
..\Data\Rest Ungelabelt\291000836bac486fb40fe549e3dc4552.png,Query,0.1262909173965454,"['Query', 'Composite Provider', 'Data Flow Object', 'Data Store Object', 'DTP']","[0.1262909173965454, 0.08238723129034042, 0.08182980865240097, 0.0739268958568573, 0.07125513255596161]"
..\Data\Rest Ungelabelt\29175dc7991e466d87fe7747834694b2.png,Data Source,0.08619140833616257,"['Data Source', 'Query', 'Data Store Object', 'Data Mart', 'Datenvorschau']","[0.08619140833616257, 0.08596489578485489, 0.08453555405139923, 0.08314290642738342, 0.08004884421825409]"
..\Data\Rest Ungelabelt\291ca16baf2e411e8d72d0088d79d51f.png,Query,0.1581556499004364,"['Query', 'Data Source', 'Data Mart', 'Datenvorschau', 'Transformationen']","[0.1581556499004364, 0.07726411521434784, 0.07096323370933533, 0.06990843266248703, 0.06980518251657486]"
..\Data\Rest Ungelabelt\2952735a98fe4a9598140c4248addcc2.jpeg,Data Flow Object,0.1844898760318756,"['Data Flow Object', 'Composite Provider', 'ABAP Dictionary', 'DTP', 'Excel']","[0.1844898760318756, 0.06803307682275772, 0.06795352697372437, 0.06795244663953781, 0.06795237958431244]"
..\Data\Rest Ungelabelt\297626a8a8e948b2903b6767d867a2ae.png,Data Store Object,0.13876518607139587,"['Data Store Object', 'DTP', 'Bewegungsdaten', 'ABAP Dictionary', 'BW4Cockpit (Stammdaten)']","[0.13876518607139587, 0.07716263830661774, 0.07350468635559082, 0.07291769236326218, 0.07243002951145172]"
..\Data\Rest Ungelabelt\29950a52328042d28de08ee77102a094.png,Composite Provider,0.1380743682384491,"['Composite Provider', 'Query', 'Datenvorschau', 'Data Flow Object', 'Data Store Object']","[0.1380743682384491, 0.09306026995182037, 0.07024689763784409, 0.07019753754138947, 0.07010221481323242]"
..\Data\Rest Ungelabelt\29ae318cb9604258899d1a71389bffdc.png,Transformationen,0.1417267769575119,"['Transformationen', 'Data Source', 'Datenvorschau', 'Composite Provider', 'Query']","[0.1417267769575119, 0.08269856870174408, 0.07522691041231155, 0.0708734542131424, 0.07064645737409592]"
..\Data\Rest Ungelabelt\29b509beb72147ab89f406de650662e5.png,Query,0.18467961251735687,"['Query', 'Data Source', 'Transformationen', 'Data Mart', 'Composite Provider']","[0.18467961251735687, 0.0679444745182991, 0.06794385612010956, 0.06794342398643494, 0.06794331967830658]"
..\Data\Rest Ungelabelt\29b8fa459cac44418160141dc0027190.png,Data Store Object,0.09645494818687439,"['Data Store Object', 'ABAP Dictionary', 'Data Mart', 'Datenvorschau', 'Composite Provider']","[0.09645494818687439, 0.09213286638259888, 0.0796675905585289, 0.07793675363063812, 0.07646648585796356]"
..\Data\Rest Ungelabelt\29bbb8495d6a4de59f85e7265f665822.png,Transformationen,0.15554895997047424,"['Transformationen', 'Composite Provider', 'Excel', 'Data Store Object', 'DTP']","[0.15554895997047424, 0.07274268567562103, 0.07255341857671738, 0.07114182412624359, 0.07014957815408707]"
..\Data\Rest Ungelabelt\29e28d29ec494b9eabd58c55b0b5c0ca.png,Datenvorschau,0.1810729205608368,"['Datenvorschau', 'Data Source', 'Data Store Object', 'Data Mart', 'Transformationen']","[0.1810729205608368, 0.06878568977117538, 0.06878241151571274, 0.06819067150354385, 0.06815531104803085]"
..\Data\Rest Ungelabelt\29e9546236a242948cab458371abc780.jpeg,Data Flow Object,0.18303142488002777,"['Data Flow Object', 'Composite Provider', 'ABAP Dictionary', 'Datenvorschau', 'DTP']","[0.18303142488002777, 0.06866678595542908, 0.0680403858423233, 0.06803402304649353, 0.06803116947412491]"
..\Data\Rest Ungelabelt\29edc5140e6d4d519a234ff5d214d19c.png,BW4Cockpit (Stammdaten),0.18419232964515686,"['BW4Cockpit (Stammdaten)', 'Query', 'Excel', 'Data Store Object', 'Datenvorschau']","[0.18419232964515686, 0.06813231110572815, 0.06798264384269714, 0.06797542423009872, 0.06797216832637787]"
..\Data\Rest Ungelabelt\29ef335c6c7f422d88021ef148dae128.png,Excel,0.18440569937229156,"['Excel', 'Bewegungsdaten', 'ABAP Dictionary', 'Data Flow Object', 'DTP']","[0.18440569937229156, 0.06800249963998795, 0.06798665225505829, 0.06797299534082413, 0.06796581298112869]"
..\Data\Rest Ungelabelt\29fe391eb0fe495ba8d7ea17532566e8.png,Data Store Object,0.13008448481559753,"['Data Store Object', 'Query', 'Data Source', 'Data Mart', 'BW4Cockpit (Stammdaten)']","[0.13008448481559753, 0.09824224561452866, 0.07190795242786407, 0.07018548250198364, 0.07007855921983719]"
..\Data\Rest Ungelabelt\2a2c8ce85ca8451eb640027b992b8975.jpeg,Composite Provider,0.09633054584264755,"['Composite Provider', 'Query', 'Data Store Object', 'Data Source', 'Transformationen']","[0.09633054584264755, 0.09158933162689209, 0.0810241773724556, 0.07998605817556381, 0.07516799867153168]"
..\Data\Rest Ungelabelt\2a37bc960eb345dc86bd97f438125c3f.png,DTP,0.1611596941947937,"['DTP', 'Bewegungsdaten', 'Data Store Object', 'Composite Provider', 'Datenvorschau']","[0.1611596941947937, 0.07271051406860352, 0.07114048302173615, 0.0701003149151802, 0.07000119984149933]"
..\Data\Rest Ungelabelt\2a4bfc20793b47b2a5519c5dd670f290.jpeg,Query,0.18419285118579865,"['Query', 'Data Source', 'DTP', 'Data Store Object', 'Data Mart']","[0.18419285118579865, 0.0680420771241188, 0.06799453496932983, 0.06799054145812988, 0.06798749417066574]"
..\Data\Rest Ungelabelt\2a694e66cb0849379e98335645f0039b.png,Composite Provider,0.13395822048187256,"['Composite Provider', 'Query', 'Transformationen', 'Data Source', 'Datenvorschau']","[0.13395822048187256, 0.08632007241249084, 0.07595288008451462, 0.07090237736701965, 0.07075611501932144]"
..\Data\Rest Ungelabelt\2a9fb1ed563a4c77924b7d5d5cae6bd0.jpeg,Bewegungsdaten,0.16920578479766846,"['Bewegungsdaten', 'ABAP Dictionary', 'BW4Cockpit (Stammdaten)', 'Excel', 'DTP']","[0.16920578479766846, 0.0734747052192688, 0.06974738091230392, 0.06936929374933243, 0.0687924399971962]"
..\Data\Rest Ungelabelt\2aaf59892bc5420a8c3b238d2337846a.png,Data Store Object,0.12490332126617432,"['Data Store Object', 'Composite Provider', 'Query', 'Transformationen', 'DTP']","[0.12490332126617432, 0.10308939963579178, 0.0709858164191246, 0.07047779858112335, 0.0702478289604187]"
..\Data\Rest Ungelabelt\2ad36901b5b54d3fb24679a2fb2ad042.png,Data Store Object,0.11241085827350616,"['Data Store Object', 'Data Mart', 'Data Source', 'Composite Provider', 'DTP']","[0.11241085827350616, 0.0921742245554924, 0.07918502390384674, 0.07774623483419418, 0.0724041610956192]"
..\Data\Rest Ungelabelt\2adfa886f9c64ec39880b00a7d5ffb17.png,Data Flow Object,0.18441873788833618,"['Data Flow Object', 'Composite Provider', 'Datenvorschau', 'DTP', 'Excel']","[0.18441873788833618, 0.06804478913545609, 0.06796395778656006, 0.06796365231275558, 0.06795851141214371]"
..\Data\Rest Ungelabelt\2af044d7236f4b09a84f2f43f2a918bd.png,Data Store Object,0.14829401671886444,"['Data Store Object', 'Data Source', 'Query', 'DTP', 'BW4Cockpit (Stammdaten)']","[0.14829401671886444, 0.07554230093955994, 0.07388385385274887, 0.07250721007585526, 0.07134902477264404]"
..\Data\Rest Ungelabelt\2b3ebedded894f34ad2eaf6c78875060.jpeg,Data Source,0.12524224817752838,"['Data Source', 'DTP', 'Datenvorschau', 'Composite Provider', 'Transformationen']","[0.12524224817752838, 0.09431464970111847, 0.07304544746875763, 0.07291623204946518, 0.07156211137771606]"
..\Data\Rest Ungelabelt\2b55f27652c64e0bab3be0f62661f130.jpeg,Data Store Object,0.16690166294574738,"['Data Store Object', 'Composite Provider', 'Data Source', 'Data Mart', 'Datenvorschau']","[0.16690166294574738, 0.07514064013957977, 0.07009551674127579, 0.06893127411603928, 0.06880860030651093]"
..\Data\Rest Ungelabelt\2b6040a6fd5b448cb065ab0a8a56d215.png,Data Store Object,0.14115144312381744,"['Data Store Object', 'Data Source', 'Data Mart', 'Datenvorschau', 'Query']","[0.14115144312381744, 0.08842766284942627, 0.07352002710103989, 0.0697890967130661, 0.06969477236270905]"
..\Data\Rest Ungelabelt\2ba7881e088e4d82a82c348f3a17a050.jpeg,Data Source,0.10300552099943161,"['Data Source', 'Data Store Object', 'Datenvorschau', 'Data Mart', 'Bewegungsdaten']","[0.10300552099943161, 0.08670168370008469, 0.08411117643117905, 0.07796619087457657, 0.07563457638025284]"
..\Data\Rest Ungelabelt\2bb35f12f9c541d4bc615f5fa3ef568e.png,Query,0.12259233742952347,"['Query', 'Data Source', 'Transformationen', 'Data Mart', 'Composite Provider']","[0.12259233742952347, 0.08534345775842667, 0.07771077007055283, 0.07490458339452744, 0.07359517365694046]"
..\Data\Rest Ungelabelt\2bbfdc3b50f0464794fcc5ecb5e95c50.png,Excel,0.18330781161785126,"['Excel', 'Transformationen', 'Bewegungsdaten', 'ABAP Dictionary', 'Data Flow Object']","[0.18330781161785126, 0.06828218698501587, 0.06818053871393204, 0.06810490041971207, 0.06803135573863983]"
..\Data\Rest Ungelabelt\2bcab6a189cf4026bd4bb8f902214cbb.jpeg,Query,0.1846822202205658,"['Query', 'Data Flow Object', 'Composite Provider', 'Datenvorschau', 'Transformationen']","[0.1846822202205658, 0.06794392317533493, 0.0679435282945633, 0.06794319301843643, 0.06794312596321106]"
..\Data\Rest Ungelabelt\2c238da89adb40ffa4040e2caa98c0bc.png,Datenvorschau,0.14279712736606598,"['Datenvorschau', 'Data Store Object', 'Data Source', 'Composite Provider', 'Data Mart']","[0.14279712736606598, 0.08191634714603424, 0.07573691010475159, 0.07058092951774597, 0.07046955823898315]"
..\Data\Rest Ungelabelt\2c43e782b36847fdbdd33194cdcc6c8d.jpeg,Excel,0.18433791399002075,"['Excel', 'Bewegungsdaten', 'ABAP Dictionary', 'Transformationen', 'Data Flow Object']","[0.18433791399002075, 0.0680023729801178, 0.06798610836267471, 0.06798585504293442, 0.06798365712165833]"
..\Data\Rest Ungelabelt\2c50f6d2e4b54044a96cf0550c7018db.jpeg,Data Flow Object,0.10916434228420258,"['Data Flow Object', 'BW4Cockpit (Stammdaten)', 'Composite Provider', 'Data Store Object', 'DTP']","[0.10916434228420258, 0.09171818196773529, 0.07675670087337494, 0.07665874809026718, 0.0765564888715744]"
..\Data\Rest Ungelabelt\2c5425474b1244d7a0406206f40e7d73.jpeg,Data Source,0.16947604715824127,"['Data Source', 'Data Store Object', 'Query', 'DTP', 'Data Mart']","[0.16947604715824127, 0.07354982197284698, 0.06971875578165054, 0.06884832680225372, 0.06881973892450333]"
..\Data\Rest Ungelabelt\2c7b6bd6041c4fa8b4f37117d08da087.jpeg,Data Source,0.15967579185962677,"['Data Source', 'BW4Cockpit (Stammdaten)', 'ABAP Dictionary', 'Transformationen', 'Bewegungsdaten']","[0.15967579185962677, 0.07243615388870239, 0.07150058448314667, 0.07067155092954636, 0.07002091407775879]"
..\Data\Rest Ungelabelt\2c8b26af86294da894719a3af64a53de.jpeg,Excel,0.18454699218273163,"['Excel', 'Datenvorschau', 'Composite Provider', 'BW4Cockpit (Stammdaten)', 'Bewegungsdaten']","[0.18454699218273163, 0.06797241419553757, 0.06796010583639145, 0.06795722991228104, 0.06795568764209747]"
..\Data\Rest Ungelabelt\2c8dbed893984aec9134d1fc75edac68.png,Excel,0.18430763483047485,"['Excel', 'Bewegungsdaten', 'Data Flow Object', 'ABAP Dictionary', 'Transformationen']","[0.18430763483047485, 0.06803099066019058, 0.06800591945648193, 0.06797279417514801, 0.06797197461128235]"
..\Data\Rest Ungelabelt\2ca28f4624784465a34ecfa086ebf3cd.jpeg,Datenvorschau,0.12156976014375687,"['Datenvorschau', 'Data Source', 'DTP', 'Composite Provider', 'Data Store Object']","[0.12156976014375687, 0.08091934025287628, 0.07916464656591415, 0.07695610821247101, 0.07404550909996033]"
..\Data\Rest Ungelabelt\2cde3d3f6d5d4340891c71b7129f520e.png,Data Flow Object,0.10856658220291138,"['Data Flow Object', 'Data Store Object', 'Transformationen', 'DTP', 'Composite Provider']","[0.10856658220291138, 0.09530098736286163, 0.07885288447141647, 0.07798966765403748, 0.07293933629989624]"
..\Data\Rest Ungelabelt\2d0586a8e9864f119d3663d261b34383.png,Query,0.18466921150684357,"['Query', 'Data Store Object', 'Data Mart', 'Datenvorschau', 'BW4Cockpit (Stammdaten)']","[0.18466921150684357, 0.06794591248035431, 0.06794501096010208, 0.06794479489326477, 0.06794461607933044]"
..\Data\Rest Ungelabelt\2d518a0e282f488ca7372955fb97d694.jpeg,Excel,0.1814933717250824,"['Excel', 'DTP', 'Datenvorschau', 'Data Flow Object', 'ABAP Dictionary']","[0.1814933717250824, 0.06845016777515411, 0.06830079853534698, 0.06828314810991287, 0.06825478374958038]"
..\Data\Rest Ungelabelt\2d7234f0fe0547cbb739fc16ff1ba05e.png,Query,0.1845034509897232,"['Query', 'Data Source', 'Composite Provider', 'Transformationen', 'DTP']","[0.1845034509897232, 0.06796883046627045, 0.0679682269692421, 0.0679633840918541, 0.06796203553676605]"
..\Data\Rest Ungelabelt\2d93a1f9c1774e0181b028e850b9e4a8.png,Data Source,0.16300567984580994,"['Data Source', 'Query', 'Data Store Object', 'Datenvorschau', 'Transformationen']","[0.16300567984580994, 0.07319507747888565, 0.07213237136602402, 0.07033595442771912, 0.06924460083246231]"
..\Data\Rest Ungelabelt\2da1217718e44b6fb7195667c79d8e7b.png,Query,0.10230201482772827,"['Query', 'ABAP Dictionary', 'Transformationen', 'Data Store Object', 'Datenvorschau']","[0.10230201482772827, 0.09986495971679688, 0.07504960894584656, 0.07487877458333969, 0.07407856732606888]"
..\Data\Rest Ungelabelt\2da1b14b4e5b483e942941358b8bead8.png,Data Source,0.13281714916229248,"['Data Source', 'Data Store Object', 'Query', 'Composite Provider', 'BW4Cockpit (Stammdaten)']","[0.13281714916229248, 0.08938667923212051, 0.07478369772434235, 0.07086014002561569, 0.07071691006422043]"
..\Data\Rest Ungelabelt\2de3bee8e1a9487fa61107ea0769590d.png,Data Store Object,0.1330787092447281,"['Data Store Object', 'Composite Provider', 'Datenvorschau', 'Data Mart', 'Data Source']","[0.1330787092447281, 0.082689568400383, 0.076070636510849, 0.0756615623831749, 0.07149883359670639]"
..\Data\Rest Ungelabelt\2de81e30e2e2438290c74ed2b5bd10f2.png,Transformationen,0.09443333745002747,"['Transformationen', 'Composite Provider', 'Query', 'Datenvorschau', 'Data Source']","[0.09443333745002747, 0.08319850265979767, 0.08308020979166031, 0.08262372016906738, 0.08030758053064346]"
..\Data\Rest Ungelabelt\2e124a135cae4a8eaf91f5a333b1ff89.jpeg,Datenvorschau,0.18160559237003326,"['Datenvorschau', 'Data Source', 'DTP', 'Composite Provider', 'Transformationen']","[0.18160559237003326, 0.06877364963293076, 0.06837509572505951, 0.06817356497049332, 0.06816043704748154]"
..\Data\Rest Ungelabelt\2e2167f06ab3442a8b989dcad7b2f99c.png,Query,0.11372993141412735,"['Query', 'Data Source', 'Data Store Object', 'Data Mart', 'Transformationen']","[0.11372993141412735, 0.0880741998553276, 0.084150530397892, 0.07379917800426483, 0.0723135694861412]"
..\Data\Rest Ungelabelt\2e33128adb34418e93a15c1f535c920a.jpeg,ABAP Dictionary,0.09936819970607758,"['ABAP Dictionary', 'Data Source', 'Transformationen', 'Data Store Object', 'BW4Cockpit (Stammdaten)']","[0.09936819970607758, 0.08793876320123672, 0.07882968336343765, 0.07775091379880905, 0.07735707610845566]"
..\Data\Rest Ungelabelt\2e6548615e744b52ada4710faf1ca63a.png,Data Store Object,0.11825831234455109,"['Data Store Object', 'Query', 'Data Source', 'Data Mart', 'DTP']","[0.11825831234455109, 0.10125599056482315, 0.0746176615357399, 0.0716867595911026, 0.07103992998600006]"
..\Data\Rest Ungelabelt\2ea8a95412924e1ab351ca3f4508c037.jpeg,Data Flow Object,0.18412743508815765,"['Data Flow Object', 'Composite Provider', 'ABAP Dictionary', 'Transformationen', 'DTP']","[0.18412743508815765, 0.06820066273212433, 0.06797134876251221, 0.06797101348638535, 0.06797000765800476]"
..\Data\Rest Ungelabelt\2ec423de0f684f2888a7d787ccb0d003.png,Query,0.18468733131885529,"['Query', 'Data Flow Object', 'BW4Cockpit (Stammdaten)', 'Composite Provider', 'Data Mart']","[0.18468733131885529, 0.06794273108243942, 0.06794272363185883, 0.06794272363185883, 0.06794272363185883]"
..\Data\Rest Ungelabelt\2ed5cb10ef414f73952b3e8e1b622f29.png,Data Source,0.18331097066402435,"['Data Source', 'Datenvorschau', 'DTP', 'Query', 'Data Store Object']","[0.18331097066402435, 0.06830625981092453, 0.06820035725831985, 0.06807781010866165, 0.06802117824554443]"
..\Data\Rest Ungelabelt\2ed6cf675ad74cf9b4f2f76d4d8344e0.png,Data Store Object,0.1375373750925064,"['Data Store Object', 'Data Mart', 'Data Source', 'Datenvorschau', 'Query']","[0.1375373750925064, 0.0875810757279396, 0.07531528919935226, 0.07038157433271408, 0.07032757997512817]"
..\Data\Rest Ungelabelt\2ef85d83361c4e3dbe2dfb1666c04ee2.jpeg,Data Flow Object,0.18135887384414673,"['Data Flow Object', 'Composite Provider', 'Datenvorschau', 'DTP', 'Transformationen']","[0.18135887384414673, 0.06948451697826385, 0.06811292469501495, 0.06811001896858215, 0.0681082233786583]"
..\Data\Rest Ungelabelt\2efec1417740431cae4bfc477e5ce0b0.png,Query,0.10605630278587341,"['Query', 'Data Store Object', 'Data Mart', 'Datenvorschau', 'Data Source']","[0.10605630278587341, 0.1053854450583458, 0.07901735603809357, 0.07356338202953339, 0.0718478411436081]"
..\Data\Rest Ungelabelt\2f1853a3c9f84dc99734e6c7a2e68ca7.png,Query,0.15740443766117096,"['Query', 'Data Store Object', 'BW4Cockpit (Stammdaten)', 'Data Source', 'DTP']","[0.15740443766117096, 0.07577364146709442, 0.07106010615825653, 0.07026483863592148, 0.07006459683179855]"
..\Data\Rest Ungelabelt\2f230b7696ce4ce08f0766e483842c39.png,Query,0.18431097269058228,"['Query', 'Composite Provider', 'Transformationen', 'Data Mart', 'Data Source']","[0.18431097269058228, 0.06803005188703537, 0.06798163801431656, 0.06797579675912857, 0.06797553598880768]"
..\Data\Rest Ungelabelt\2f2c1e8dd3f944bba52c4cadb42efa37.png,Data Source,0.1101614311337471,"['Data Source', 'Data Flow Object', 'Transformationen', 'BW4Cockpit (Stammdaten)', 'Composite Provider']","[0.1101614311337471, 0.07708019763231277, 0.07675128430128098, 0.07644589245319366, 0.07621569186449051]"
..\Data\Rest Ungelabelt\2f72aaf1b0eb4600a1309fc4b3333ed4.png,Data Store Object,0.148009791970253,"['Data Store Object', 'Query', 'Data Source', 'Composite Provider', 'Transformationen']","[0.148009791970253, 0.07527539134025574, 0.07389317452907562, 0.07120714336633682, 0.07097429037094116]"
..\Data\Rest Ungelabelt\2fae9ebab93f436b82798f0428e85ffa.png,Bewegungsdaten,0.0896182507276535,"['Bewegungsdaten', 'Excel', 'BW4Cockpit (Stammdaten)', 'Composite Provider', 'Data Flow Object']","[0.0896182507276535, 0.08101223409175873, 0.07847105711698532, 0.07712992280721664, 0.07702633738517761]"
..\Data\Rest Ungelabelt\2fb888d9d69d4934a307615c01cafa0f.jpeg,Excel,0.18468303978443146,"['Excel', 'Bewegungsdaten', 'BW4Cockpit (Stammdaten)', 'Transformationen', 'Data Flow Object']","[0.18468303978443146, 0.06794409453868866, 0.06794315576553345, 0.06794313341379166, 0.0679430365562439]"
..\Data\Rest Ungelabelt\2fe3d6f9b354400693c4f7de1d197be1.jpeg,Data Flow Object,0.18407443165779114,"['Data Flow Object', 'Composite Provider', 'ABAP Dictionary', 'Transformationen', 'Excel']","[0.18407443165779114, 0.06821855157613754, 0.06797642260789871, 0.06797420978546143, 0.06797415018081665]"
..\Data\Rest Ungelabelt\2feb7cb90b074b87949a98c8f6a8b0da.jpeg,Datenvorschau,0.13171996176242828,"['Datenvorschau', 'Composite Provider', 'Data Store Object', 'Transformationen', 'Excel']","[0.13171996176242828, 0.09106957912445068, 0.07352210581302643, 0.07141396403312683, 0.0711972713470459]"
..\Data\Rest Ungelabelt\30044ebc854141e0a3902e2874326060.png,Data Store Object,0.11115841567516327,"['Data Store Object', 'Query', 'Data Source', 'Data Mart', 'BW4Cockpit (Stammdaten)']","[0.11115841567516327, 0.09067148715257645, 0.0831088051199913, 0.07421056181192398, 0.07307373732328415]"
..\Data\Rest Ungelabelt\301430b179c5479c95406a1ef039e84b.png,Excel,0.18284162878990173,"['Excel', 'Query', 'Composite Provider', 'Data Store Object', 'DTP']","[0.18284162878990173, 0.06823258846998215, 0.06819818168878555, 0.06816914677619934, 0.06812666356563568]"
..\Data\Rest Ungelabelt\3020f2164d50479a82383d343aa175c3.png,Query,0.18252365291118622,"['Query', 'Data Store Object', 'BW4Cockpit (Stammdaten)', 'Composite Provider', 'Data Mart']","[0.18252365291118622, 0.06829977035522461, 0.06824572384357452, 0.06814487278461456, 0.06814205646514893]"
..\Data\Rest Ungelabelt\30277a2069ab4b37892eab770f2ae4c6.jpeg,Data Flow Object,0.18188674747943878,"['Data Flow Object', 'Composite Provider', 'Transformationen', 'Datenvorschau', 'ABAP Dictionary']","[0.18188674747943878, 0.0691009983420372, 0.06817882508039474, 0.06810303777456284, 0.06809347122907639]"
..\Data\Rest Ungelabelt\302b4b64883b402f8b978bca37421fc5.png,Query,0.18457108736038208,"['Query', 'Datenvorschau', 'Composite Provider', 'Data Flow Object', 'Data Source']","[0.18457108736038208, 0.06795978546142578, 0.06795802712440491, 0.0679565966129303, 0.06795400381088257]"
..\Data\Rest Ungelabelt\303eff5ca8eb4843a6f4389658bfd6d5.jpeg,ABAP Dictionary,0.08491294831037521,"['ABAP Dictionary', 'Datenvorschau', 'Bewegungsdaten', 'Data Source', 'BW4Cockpit (Stammdaten)']","[0.08491294831037521, 0.08184651285409927, 0.08090419322252274, 0.08000435680150986, 0.07931482791900635]"
..\Data\Rest Ungelabelt\304ca91567e74980995f2bc1a48b15a1.png,Data Flow Object,0.18465624749660492,"['Data Flow Object', 'Composite Provider', 'Datenvorschau', 'ABAP Dictionary', 'Data Store Object']","[0.18465624749660492, 0.06795596331357956, 0.06794508546590805, 0.06794444471597672, 0.06794428080320358]"
..\Data\Rest Ungelabelt\306d4ea990064c7d8f0541d914a273a7.png,Excel,0.16923527419567108,"['Excel', 'Bewegungsdaten', 'ABAP Dictionary', 'Data Flow Object', 'Transformationen']","[0.16923527419567108, 0.0756348967552185, 0.06867323815822601, 0.06865029782056808, 0.06865010410547256]"
..\Data\Rest Ungelabelt\30766182e179487ba91f31a3c8074896.jpeg,Data Source,0.1846710592508316,"['Data Source', 'Datenvorschau', 'Data Store Object', 'Data Mart', 'Transformationen']","[0.1846710592508316, 0.06794998049736023, 0.06794372200965881, 0.06794355064630508, 0.06794354319572449]"
..\Data\Rest Ungelabelt\309390ab8a694ad595367abafd1a2be5.png,Datenvorschau,0.17964929342269897,"['Datenvorschau', 'Data Source', 'DTP', 'Data Store Object', 'Excel']","[0.17964929342269897, 0.07029712200164795, 0.0681951567530632, 0.06819374859333038, 0.06819107383489609]"
..\Data\Rest Ungelabelt\30bbf67233724f638716a605b107d018.jpeg,BW4Cockpit (Stammdaten),0.13633227348327637,"['BW4Cockpit (Stammdaten)', 'Data Source', 'Bewegungsdaten', 'ABAP Dictionary', 'Data Store Object']","[0.13633227348327637, 0.09101874381303787, 0.07157579064369202, 0.07111210376024246, 0.07054667919874191]"
..\Data\Rest Ungelabelt\30c0c941752d428ea6a13526503a32b2.png,Query,0.18468736112117767,"['Query', 'Data Flow Object', 'BW4Cockpit (Stammdaten)', 'Composite Provider', 'Data Store Object']","[0.18468736112117767, 0.06794273853302002, 0.06794273108243942, 0.06794273108243942, 0.06794273108243942]"
..\Data\Rest Ungelabelt\30df1cf014c145558ba9da7368cbfcb8.png,Data Source,0.12423630058765411,"['Data Source', 'Datenvorschau', 'Transformationen', 'Data Store Object', 'Data Mart']","[0.12423630058765411, 0.09411036968231201, 0.0743173211812973, 0.07237251102924347, 0.07197786122560501]"
..\Data\Rest Ungelabelt\30f8538bdc0940c2a389198c2442b71a.png,Excel,0.10242243856191635,"['Excel', 'Bewegungsdaten', 'BW4Cockpit (Stammdaten)', 'ABAP Dictionary', 'DTP']","[0.10242243856191635, 0.0953127071261406, 0.08074433356523514, 0.07799913734197617, 0.07476277649402618]"
..\Data\Rest Ungelabelt\3126fb04fa8147fc84700b3c754ca7b6.jpeg,Bewegungsdaten,0.13877753913402557,"['Bewegungsdaten', 'ABAP Dictionary', 'BW4Cockpit (Stammdaten)', 'DTP', 'Datenvorschau']","[0.13877753913402557, 0.08181317150592804, 0.07662031799554825, 0.07134516537189484, 0.07086161524057388]"
..\Data\Rest Ungelabelt\314d12434dbb4e3682085af8a6d0d82c.png,Datenvorschau,0.17558199167251587,"['Datenvorschau', 'Excel', 'Composite Provider', 'DTP', 'Bewegungsdaten']","[0.17558199167251587, 0.06936123967170715, 0.069277323782444, 0.06903725862503052, 0.06896667182445526]"
..\Data\Rest Ungelabelt\3150dd2c6b244ae3a008d2983cec2409.jpeg,Data Store Object,0.16457311809062958,"['Data Store Object', 'Query', 'Data Source', 'ABAP Dictionary', 'Datenvorschau']","[0.16457311809062958, 0.0730767622590065, 0.07067102193832397, 0.06979197263717651, 0.06952240318059921]"
..\Data\Rest Ungelabelt\3166d2e042e1418baae40c346a9e4666.png,Data Source,0.14004577696323395,"['Data Source', 'Datenvorschau', 'Query', 'Data Store Object', 'Data Mart']","[0.14004577696323395, 0.08442742377519608, 0.0746799111366272, 0.07119530439376831, 0.07017569988965988]"
..\Data\Rest Ungelabelt\3166f4c04b8044b0931d8a9904d284f6.png,ABAP Dictionary,0.1425265371799469,"['ABAP Dictionary', 'Bewegungsdaten', 'BW4Cockpit (Stammdaten)', 'Datenvorschau', 'DTP']","[0.1425265371799469, 0.08818542957305908, 0.07078675180673599, 0.07077150791883469, 0.07036131620407104]"
..\Data\Rest Ungelabelt\3192013072b7426d9a2ffbefa1dd8b07.jpeg,Transformationen,0.1258424073457718,"['Transformationen', 'Data Source', 'Datenvorschau', 'ABAP Dictionary', 'DTP']","[0.1258424073457718, 0.08398956060409546, 0.07688340544700623, 0.07408247888088226, 0.07289180159568787]"
..\Data\Rest Ungelabelt\31a811dfb1b94a4baa910d381e28c093.jpeg,Bewegungsdaten,0.1660931408405304,"['Bewegungsdaten', 'ABAP Dictionary', 'BW4Cockpit (Stammdaten)', 'Datenvorschau', 'DTP']","[0.1660931408405304, 0.07371874153614044, 0.07011571526527405, 0.06964102387428284, 0.06926129758358002]"
..\Data\Rest Ungelabelt\31dbf36912b04c00bd419dea77f49429.png,Data Source,0.1781315952539444,"['Data Source', 'Data Store Object', 'DTP', 'Datenvorschau', 'Query']","[0.1781315952539444, 0.06965268403291702, 0.06895867735147476, 0.06892238557338715, 0.06826898455619812]"
..\Data\Rest Ungelabelt\31e8156941af4f7dbd9922006011ad11.jpeg,Datenvorschau,0.10380274802446365,"['Datenvorschau', 'Data Store Object', 'Query', 'Composite Provider', 'ABAP Dictionary']","[0.10380274802446365, 0.09554954618215561, 0.07551255822181702, 0.07499343901872635, 0.07382557541131973]"
..\Data\Rest Ungelabelt\31e94ffad8254e2490ff164b9da0b453.png,Data Source,0.12328082323074341,"['Data Source', 'Query', 'Data Store Object', 'DTP', 'ABAP Dictionary']","[0.12328082323074341, 0.10091639310121536, 0.07200673967599869, 0.07148262113332748, 0.07064700871706009]"
..\Data\Rest Ungelabelt\31f46df1cee34e519ba2caf1c7dd5185.jpeg,Data Flow Object,0.18466816842556,"['Data Flow Object', 'Composite Provider', 'Datenvorschau', 'Data Store Object', 'ABAP Dictionary']","[0.18466816842556, 0.06795144081115723, 0.06794378161430359, 0.06794370710849762, 0.06794368475675583]"
..\Data\Rest Ungelabelt\31fa3e1671c643b19c553d70eb72e3d2.jpeg,ABAP Dictionary,0.13157179951667786,"['ABAP Dictionary', 'Transformationen', 'Data Flow Object', 'Composite Provider', 'Bewegungsdaten']","[0.13157179951667786, 0.09560412913560867, 0.07167645543813705, 0.07146310061216354, 0.07012991607189178]"
..\Data\Rest Ungelabelt\3205689a26264b50a7d8da035aafde39.jpeg,Datenvorschau,0.11223242431879044,"['Datenvorschau', 'Data Store Object', 'Data Source', 'DTP', 'Data Mart']","[0.11223242431879044, 0.08758866786956787, 0.08479873090982437, 0.07708095014095306, 0.0717059075832367]"
..\Data\Rest Ungelabelt\3207669df46b4e86aa4fc8741c09a757.jpeg,Bewegungsdaten,0.0988486036658287,"['Bewegungsdaten', 'Data Source', 'BW4Cockpit (Stammdaten)', 'ABAP Dictionary', 'Data Store Object']","[0.0988486036658287, 0.0877123773097992, 0.08351276069879532, 0.07683193683624268, 0.07621976733207703]"
..\Data\Rest Ungelabelt\320e987516b5491f958c05ca96247ad7.png,Data Store Object,0.11198740452528,"['Data Store Object', 'Datenvorschau', 'DTP', 'Composite Provider', 'Transformationen']","[0.11198740452528, 0.0866144672036171, 0.08301929384469986, 0.07466534525156021, 0.0734158307313919]"
..\Data\Rest Ungelabelt\322e47f2f527434b9d685fbb2530d455.png,Data Flow Object,0.18416769802570343,"['Data Flow Object', 'Composite Provider', 'Transformationen', 'Excel', 'DTP']","[0.18416769802570343, 0.06817644089460373, 0.06797153502702713, 0.06796915829181671, 0.06796912848949432]"
..\Data\Rest Ungelabelt\323579fc5b7141b5b73534fb3c03690b.png,Excel,0.1846827268600464,"['Excel', 'Bewegungsdaten', 'Datenvorschau', 'DTP', 'Composite Provider']","[0.1846827268600464, 0.0679442435503006, 0.06794320046901703, 0.06794308125972748, 0.0679430291056633]"
..\Data\Rest Ungelabelt\32779d5caa9e4cad9fa4a084b2749c25.png,Query,0.18468479812145233,"['Query', 'Composite Provider', 'BW4Cockpit (Stammdaten)', 'Data Source', 'Transformationen']","[0.18468479812145233, 0.06794320791959763, 0.06794305145740509, 0.0679430365562439, 0.06794297695159912]"
..\Data\Rest Ungelabelt\3288ee3c56c642bfaf59439fa34a0215.png,Datenvorschau,0.1014932319521904,"['Datenvorschau', 'Data Source', 'ABAP Dictionary', 'Bewegungsdaten', 'DTP']","[0.1014932319521904, 0.09344617277383804, 0.08369261771440506, 0.07746616005897522, 0.0753694623708725]"
..\Data\Rest Ungelabelt\3296307a62274fe781d00f32919186aa.png,Composite Provider,0.1524217575788498,"['Composite Provider', 'Data Store Object', 'DTP', 'Query', 'Transformationen']","[0.1524217575788498, 0.07902996242046356, 0.07214150577783585, 0.07040279358625412, 0.07007123529911041]"
..\Data\Rest Ungelabelt\329b68fa70e8434a9e99d584d4946577.jpeg,Data Source,0.09851935505867004,"['Data Source', 'Bewegungsdaten', 'BW4Cockpit (Stammdaten)', 'Data Store Object', 'ABAP Dictionary']","[0.09851935505867004, 0.08624383062124252, 0.08144114911556244, 0.07737089693546295, 0.0757935494184494]"
..\Data\Rest Ungelabelt\32a43c558a674dc39ca40be7647ebda4.png,Data Store Object,0.10861378908157349,"['Data Store Object', 'Data Source', 'Data Mart', 'Datenvorschau', 'Query']","[0.10861378908157349, 0.0845034271478653, 0.08264774084091187, 0.07860609889030457, 0.07733273506164551]"
..\Data\Rest Ungelabelt\32d904bd47294c5aa1f382dc28b0454f.png,Bewegungsdaten,0.1734187752008438,"['Bewegungsdaten', 'Excel', 'Datenvorschau', 'ABAP Dictionary', 'Data Flow Object']","[0.1734187752008438, 0.07346947491168976, 0.0684652030467987, 0.06846500188112259, 0.06846494972705841]"
..\Data\Rest Ungelabelt\330242fcafc84bf185699f3866abecba.jpeg,Data Store Object,0.08931654691696167,"['Data Store Object', 'Excel', 'Composite Provider', 'Datenvorschau', 'Query']","[0.08931654691696167, 0.08553700894117355, 0.0812784731388092, 0.08020710945129395, 0.07793746888637543]"
..\Data\Rest Ungelabelt\3331205dc5ef44478025610979218a85.jpeg,Transformationen,0.09366404265165329,"['Transformationen', 'Data Store Object', 'Data Mart', 'Datenvorschau', 'Data Source']","[0.09366404265165329, 0.08866273611783981, 0.0839669480919838, 0.08197514712810516, 0.07594015449285507]"
..\Data\Rest Ungelabelt\3353e6e726d5484c95a19ff8ffd41898.png,BW4Cockpit (Stammdaten),0.18285903334617615,"['BW4Cockpit (Stammdaten)', 'Query', 'Excel', 'Data Store Object', 'Datenvorschau']","[0.18285903334617615, 0.06857042014598846, 0.06812915951013565, 0.06806910037994385, 0.06806734949350357]"
..\Data\Rest Ungelabelt\33d14221c2c946eea3caf45030ea34b1.png,Excel,0.15243254601955414,"['Excel', 'ABAP Dictionary', 'Transformationen', 'Bewegungsdaten', 'Data Flow Object']","[0.15243254601955414, 0.07650627940893173, 0.07416623830795288, 0.07011403143405914, 0.07006216049194336]"
..\Data\Rest Ungelabelt\33e04cc49e954b718a086efd2080f0d3.jpeg,ABAP Dictionary,0.18208637833595276,"['ABAP Dictionary', 'Transformationen', 'DTP', 'Excel', 'BW4Cockpit (Stammdaten)']","[0.18208637833595276, 0.06857064366340637, 0.06842553615570068, 0.06815314292907715, 0.06814029812812805]"
..\Data\Rest Ungelabelt\33fc3ddae40547d5b5297d004890809c.jpeg,Data Store Object,0.11360818147659302,"['Data Store Object', 'Composite Provider', 'Data Mart', 'Transformationen', 'Query']","[0.11360818147659302, 0.07672928273677826, 0.07554478943347931, 0.07469294965267181, 0.07462714612483978]"
..\Data\Rest Ungelabelt\34391f1102674fbe844cbd436ca920d0.png,Datenvorschau,0.10140092670917511,"['Datenvorschau', 'Query', 'Excel', 'Data Store Object', 'DTP']","[0.10140092670917511, 0.09734422713518143, 0.07891899347305298, 0.07890205085277557, 0.07527360320091248]"
..\Data\Rest Ungelabelt\345244b505e54f109f65e33c86f53a7a.png,Query,0.1755293905735016,"['Query', 'BW4Cockpit (Stammdaten)', 'Data Store Object', 'Excel', 'Datenvorschau']","[0.1755293905735016, 0.06922895461320877, 0.06912101805210114, 0.06909088045358658, 0.06880766898393631]"
..\Data\Rest Ungelabelt\3460b43897104f3991e598645138337e.jpeg,Data Source,0.1259888857603073,"['Data Source', 'Query', 'Datenvorschau', 'Data Mart', 'DTP']","[0.1259888857603073, 0.09877465665340424, 0.07149820029735565, 0.07121649384498596, 0.07062970101833344]"
..\Data\Rest Ungelabelt\346ab2999e3044f6ac40627a940ab674.png,Data Flow Object,0.17723968625068665,"['Data Flow Object', 'Composite Provider', 'Transformationen', 'ABAP Dictionary', 'Excel']","[0.17723968625068665, 0.07082273811101913, 0.0685376301407814, 0.0684821680188179, 0.06838706880807877]"
..\Data\Rest Ungelabelt\34b6240421b345378b9abbca98d18f2e.png,Data Source,0.10593754053115845,"['Data Source', 'Query', 'DTP', 'Transformationen', 'Datenvorschau']","[0.10593754053115845, 0.09300640970468521, 0.08833234012126923, 0.07443126291036606, 0.07275813072919846]"
..\Data\Rest Ungelabelt\34c2bf80d30f43d48e0d652d6669f375.jpeg,Excel,0.18439657986164093,"['Excel', 'Bewegungsdaten', 'Composite Provider', 'Data Flow Object', 'Datenvorschau']","[0.18439657986164093, 0.06807805597782135, 0.06795686483383179, 0.06795686483383179, 0.06795686483383179]"
..\Data\Rest Ungelabelt\34d69572a7d4406d97d467fc1ed49e35.jpeg,Excel,0.12177522480487823,"['Excel', 'Data Flow Object', 'Composite Provider', 'Transformationen', 'Datenvorschau']","[0.12177522480487823, 0.09597737342119217, 0.07446794956922531, 0.07274167239665985, 0.0714750587940216]"
..\Data\Rest Ungelabelt\34ea434371424186b08aa54bad4c358f.jpeg,Data Store Object,0.15400941669940948,"['Data Store Object', 'Composite Provider', 'Data Source', 'Data Mart', 'DTP']","[0.15400941669940948, 0.08259432762861252, 0.0702768936753273, 0.06948581337928772, 0.0693989172577858]"
..\Data\Rest Ungelabelt\34f023c98c3b42da953779aae32744a6.png,DTP,0.17074470221996307,"['DTP', 'Excel', 'Bewegungsdaten', 'BW4Cockpit (Stammdaten)', 'ABAP Dictionary']","[0.17074470221996307, 0.07074765115976334, 0.07005532085895538, 0.06979961693286896, 0.06936906278133392]"
..\Data\Rest Ungelabelt\3519f39dce9a40028034a762526d30d8.png,Data Store Object,0.10632821172475815,"['Data Store Object', 'Data Source', 'Query', 'Data Mart', 'Datenvorschau']","[0.10632821172475815, 0.10410262644290924, 0.08139251917600632, 0.07354657351970673, 0.07098998129367828]"
..\Data\Rest Ungelabelt\35274da809e945cea577f1167cad491a.jpeg,Data Store Object,0.18422400951385498,"['Data Store Object', 'BW4Cockpit (Stammdaten)', 'DTP', 'Query', 'Composite Provider']","[0.18422400951385498, 0.06808281689882278, 0.068022720515728, 0.06797434389591217, 0.06796836107969284]"
..\Data\Rest Ungelabelt\3538f859030b4d6ea72ef5211417345e.png,DTP,0.18464060127735138,"['DTP', 'ABAP Dictionary', 'Bewegungsdaten', 'Data Source', 'BW4Cockpit (Stammdaten)']","[0.18464060127735138, 0.06795365363359451, 0.06795091927051544, 0.06794746965169907, 0.06794597208499908]"
..\Data\Rest Ungelabelt\3579e317ce21404cbef2d3d5583c9415.png,DTP,0.1799643337726593,"['DTP', 'Bewegungsdaten', 'BW4Cockpit (Stammdaten)', 'ABAP Dictionary', 'Excel']","[0.1799643337726593, 0.06952134519815445, 0.06837727874517441, 0.06828734278678894, 0.06825584173202515]"
..\Data\Rest Ungelabelt\358886e15f5848b784e293ca0f32d4a6.png,Data Source,0.09669414162635803,"['Data Source', 'Query', 'Transformationen', 'Data Mart', 'Datenvorschau']","[0.09669414162635803, 0.09325563907623291, 0.09236901998519897, 0.07580932974815369, 0.07394015789031982]"
..\Data\Rest Ungelabelt\35a216f84cd5498ca5a0ea99d4ef30c8.png,DTP,0.1695989966392517,"['DTP', 'Data Store Object', 'Composite Provider', 'Bewegungsdaten', 'BW4Cockpit (Stammdaten)']","[0.1695989966392517, 0.07195381820201874, 0.07054422050714493, 0.06905718147754669, 0.06904799491167068]"
..\Data\Rest Ungelabelt\35b24ac5f4d943daafa1513e267250bf.png,Data Source,0.12315797805786133,"['Data Source', 'Datenvorschau', 'Data Store Object', 'Query', 'DTP']","[0.12315797805786133, 0.08962178230285645, 0.07693827152252197, 0.07379709184169769, 0.07366566359996796]"
..\Data\Rest Ungelabelt\35c4584fd64048d7850bb856a9761f4d.jpeg,Excel,0.16204875707626343,"['Excel', 'Bewegungsdaten', 'Data Flow Object', 'Transformationen', 'ABAP Dictionary']","[0.16204875707626343, 0.07960640639066696, 0.06895404309034348, 0.06895342469215393, 0.06895079463720322]"
..\Data\Rest Ungelabelt\35f5c20357844ef5843372eb69ce6b82.jpeg,Composite Provider,0.15918491780757904,"['Composite Provider', 'Data Flow Object', 'Query', 'Data Store Object', 'Transformationen']","[0.15918491780757904, 0.07502347230911255, 0.07197155803442001, 0.0704573392868042, 0.07010861486196518]"
..\Data\Rest Ungelabelt\361f9c12072c423ea9b6038abb202508.png,Data Source,0.11821818351745605,"['Data Source', 'Datenvorschau', 'DTP', 'Transformationen', 'Composite Provider']","[0.11821818351745605, 0.11095449328422546, 0.0702982023358345, 0.07015160471200943, 0.07010503858327866]"
..\Data\Rest Ungelabelt\362293a732834f49b5f42e58d63ae1a6.png,Query,0.11284062266349792,"['Query', 'Composite Provider', 'ABAP Dictionary', 'Data Store Object', 'Datenvorschau']","[0.11284062266349792, 0.08314821869134903, 0.08247855305671692, 0.07512543350458145, 0.07364155352115631]"
..\Data\Rest Ungelabelt\3626dc12d7834f4eb8e2b09a669578e4.jpeg,Data Store Object,0.1692650020122528,"['Data Store Object', 'Data Mart', 'Composite Provider', 'DTP', 'Query']","[0.1692650020122528, 0.073591448366642, 0.07010496407747269, 0.06875772774219513, 0.06875541806221008]"
..\Data\Rest Ungelabelt\362b1b70f0db457ea75b67d288e0b207.png,Composite Provider,0.10290274769067764,"['Composite Provider', 'Data Source', 'Datenvorschau', 'Bewegungsdaten', 'Data Store Object']","[0.10290274769067764, 0.08784464001655579, 0.08286795765161514, 0.07794161885976791, 0.07591347396373749]"
..\Data\Rest Ungelabelt\363b1e12f7de4ef5aaea360fb5f7183c.png,Data Store Object,0.1082727387547493,"['Data Store Object', 'Query', 'Composite Provider', 'Data Mart', 'Datenvorschau']","[0.1082727387547493, 0.10490842163562775, 0.0759313702583313, 0.07454604655504227, 0.07116469740867615]"
..\Data\Rest Ungelabelt\36418832c52148f0b2f92a0b14759b54.png,Data Source,0.12071315199136734,"['Data Source', 'Data Mart', 'Query', 'Data Store Object', 'Datenvorschau']","[0.12071315199136734, 0.07928941398859024, 0.07846667617559433, 0.07804862409830093, 0.0749894380569458]"
..\Data\Rest Ungelabelt\36650e3f239b43488964dbbc0fd7299e.png,Data Flow Object,0.17329995334148407,"['Data Flow Object', 'Composite Provider', 'DTP', 'Data Store Object', 'BW4Cockpit (Stammdaten)']","[0.17329995334148407, 0.07137243449687958, 0.06939784437417984, 0.06889592111110687, 0.0686149001121521]"
..\Data\Rest Ungelabelt\36726d386c8945a59192dbf2a001781b.png,Data Store Object,0.1832590103149414,"['Data Store Object', 'Query', 'Data Source', 'BW4Cockpit (Stammdaten)', 'DTP']","[0.1832590103149414, 0.06822112202644348, 0.06821827590465546, 0.06809452176094055, 0.0680631697177887]"
..\Data\Rest Ungelabelt\3689a0a5c757470bb9e49dfd97c71b0f.png,Query,0.15388116240501404,"['Query', 'Data Source', 'Transformationen', 'Data Mart', 'Datenvorschau']","[0.15388116240501404, 0.07559680193662643, 0.07149581611156464, 0.07122066617012024, 0.0709032192826271]"
..\Data\Rest Ungelabelt\368f90f4ac804e1e91c17626b64387d4.png,Transformationen,0.18463842570781708,"['Transformationen', 'Composite Provider', 'Data Flow Object', 'Excel', 'Data Source']","[0.18463842570781708, 0.06796470284461975, 0.06794553250074387, 0.06794532388448715, 0.06794512271881104]"
..\Data\Rest Ungelabelt\369b839a2df1485cb8173218f8d88bc5.png,Query,0.11669810116291046,"['Query', 'Data Store Object', 'Data Source', 'BW4Cockpit (Stammdaten)', 'DTP']","[0.11669810116291046, 0.09702873229980469, 0.0810040608048439, 0.07105492055416107, 0.07103351503610611]"
..\Data\Rest Ungelabelt\369f9ae4354e4acfb8496b6492816164.png,Data Source,0.1390465795993805,"['Data Source', 'Data Store Object', 'Data Mart', 'Datenvorschau', 'Query']","[0.1390465795993805, 0.09173940122127533, 0.07172467559576035, 0.07002399116754532, 0.06979794800281525]"
..\Data\Rest Ungelabelt\36ad2924bb2f492dbbe0cd6ef3ae7efb.jpeg,Data Store Object,0.18417365849018097,"['Data Store Object', 'DTP', 'ABAP Dictionary', 'BW4Cockpit (Stammdaten)', 'Data Mart']","[0.18417365849018097, 0.06806674599647522, 0.06806249171495438, 0.067974753677845, 0.06797178834676743]"
..\Data\Rest Ungelabelt\36b67d2237e941398a004b02ac288514.png,Data Store Object,0.13226225972175598,"['Data Store Object', 'Composite Provider', 'ABAP Dictionary', 'DTP', 'Transformationen']","[0.13226225972175598, 0.08422877639532089, 0.07367729395627975, 0.07329908758401871, 0.0728081539273262]"
..\Data\Rest Ungelabelt\36da14ae8ddf410bb9f1d164a06c5759.png,Data Flow Object,0.1842174232006073,"['Data Flow Object', 'Composite Provider', 'Datenvorschau', 'DTP', 'Data Store Object']","[0.1842174232006073, 0.06815915554761887, 0.06796646863222122, 0.06796617060899734, 0.06796588003635406]"
..\Data\Rest Ungelabelt\36dc20db7f4740bab283f58896d467e9.png,Data Source,0.14409063756465912,"['Data Source', 'Datenvorschau', 'Data Store Object', 'Query', 'Data Mart']","[0.14409063756465912, 0.07926050573587418, 0.07248153537511826, 0.07238177210092545, 0.07090486586093903]"
..\Data\Rest Ungelabelt\36e0fa037ca24bc99c17e7fe8890cd95.png,Data Store Object,0.1093691736459732,"['Data Store Object', 'Query', 'Data Source', 'DTP', 'BW4Cockpit (Stammdaten)']","[0.1093691736459732, 0.09493424743413925, 0.08863872289657593, 0.07110849022865295, 0.07098038494586945]"
..\Data\Rest Ungelabelt\372a25b5948a4d90bf920c8812a0c5c0.jpeg,Datenvorschau,0.08822965621948242,"['Datenvorschau', 'Transformationen', 'Composite Provider', 'BW4Cockpit (Stammdaten)', 'DTP']","[0.08822965621948242, 0.08257606625556946, 0.08234576135873795, 0.08019010722637177, 0.07872683554887772]"
..\Data\Rest Ungelabelt\372c3b1759a14757ac3f4b29d7bb8916.png,Data Store Object,0.17091237008571625,"['Data Store Object', 'BW4Cockpit (Stammdaten)', 'Data Source', 'Composite Provider', 'DTP']","[0.17091237008571625, 0.07074764370918274, 0.07037809491157532, 0.06945870071649551, 0.06910749524831772]"
..\Data\Rest Ungelabelt\3737deba4ef34380876ef539f652e9e5.png,Composite Provider,0.1645791083574295,"['Composite Provider', 'Transformationen', 'Data Store Object', 'Datenvorschau', 'Data Flow Object']","[0.1645791083574295, 0.07418502122163773, 0.07206375896930695, 0.06903186440467834, 0.06901364773511887]"
..\Data\Rest Ungelabelt\373af1d491e1460d97cff98e35530304.jpeg,DTP,0.1846853643655777,"['DTP', 'ABAP Dictionary', 'Data Source', 'Transformationen', 'Datenvorschau']","[0.1846853643655777, 0.06794328987598419, 0.06794305145740509, 0.06794291734695435, 0.06794284284114838]"
..\Data\Rest Ungelabelt\37466982f8bc4704ba48d55e38dce406.png,Data Flow Object,0.16547562181949615,"['Data Flow Object', 'Composite Provider', 'DTP', 'Transformationen', 'Data Source']","[0.16547562181949615, 0.07772999256849289, 0.06880953907966614, 0.06879997998476028, 0.06879919022321701]"
..\Data\Rest Ungelabelt\37738c533411451395d13a97745d8564.jpeg,DTP,0.1846856325864792,"['DTP', 'ABAP Dictionary', 'Transformationen', 'Query', 'Excel']","[0.1846856325864792, 0.0679432600736618, 0.06794288009405136, 0.06794285774230957, 0.06794283539056778]"
..\Data\Rest Ungelabelt\378b7e6b0e1a43adbbd33f88ee8d320a.png,Query,0.18468211591243744,"['Query', 'Data Store Object', 'Data Flow Object', 'Composite Provider', 'Data Mart']","[0.18468211591243744, 0.06794355809688568, 0.0679435133934021, 0.06794331222772598, 0.067943274974823]"
..\Data\Rest Ungelabelt\37990ef91b3b4073944d9ab34cba0aa0.jpeg,Data Store Object,0.17051781713962555,"['Data Store Object', 'Data Source', 'ABAP Dictionary', 'Bewegungsdaten', 'DTP']","[0.17051781713962555, 0.07140327990055084, 0.06930462270975113, 0.06916200369596481, 0.06913723051548004]"
..\Data\Rest Ungelabelt\37bfef53021644f3b28dd6f7fbb8537b.png,Query,0.18457096815109253,"['Query', 'Data Store Object', 'BW4Cockpit (Stammdaten)', 'Data Mart', 'Datenvorschau']","[0.18457096815109253, 0.06797116249799728, 0.06796205788850784, 0.0679536685347557, 0.06795018911361694]"
..\Data\Rest Ungelabelt\37c427aa50e5482bab8d411c6a7bd450.png,Query,0.10183769464492798,"['Query', 'Transformationen', 'Data Source', 'Data Store Object', 'Data Mart']","[0.10183769464492798, 0.08539088070392609, 0.07775595784187317, 0.07767297327518463, 0.07697752863168716]"
..\Data\Rest Ungelabelt\37c9e874cd6740c8a3fbdfdae6199290.jpeg,Data Source,0.14244207739830017,"['Data Source', 'Data Store Object', 'DTP', 'Query', 'BW4Cockpit (Stammdaten)']","[0.14244207739830017, 0.07835285365581512, 0.07441364973783493, 0.07316812127828598, 0.0720403641462326]"
..\Data\Rest Ungelabelt\37e23f0571b144969c8911efa93adaff.jpeg,Data Flow Object,0.16807644069194794,"['Data Flow Object', 'Composite Provider', 'Query', 'Transformationen', 'ABAP Dictionary']","[0.16807644069194794, 0.07492364943027496, 0.0691945031285286, 0.06894833594560623, 0.06885160505771637]"
..\Data\Rest Ungelabelt\37e98f444ec64d6d927cbca65607d557.png,DTP,0.18295297026634216,"['DTP', 'BW4Cockpit (Stammdaten)', 'ABAP Dictionary', 'Excel', 'Bewegungsdaten']","[0.18295297026634216, 0.06865780055522919, 0.06808076053857803, 0.06804585456848145, 0.06803745031356812]"
..\Data\Rest Ungelabelt\382ecea6dc374ad79ef5978894e2ab85.jpeg,Excel,0.1839139610528946,"['Excel', 'ABAP Dictionary', 'Transformationen', 'Data Flow Object', 'Bewegungsdaten']","[0.1839139610528946, 0.06809326261281967, 0.06807633489370346, 0.06803423166275024, 0.06800352782011032]"
..\Data\Rest Ungelabelt\385014ff77664c23b2e35deabf090f7c.jpeg,Data Flow Object,0.17918236553668976,"['Data Flow Object', 'Composite Provider', 'Data Store Object', 'ABAP Dictionary', 'Transformationen']","[0.17918236553668976, 0.07055151462554932, 0.06820766627788544, 0.06820711493492126, 0.06820696592330933]"
..\Data\Rest Ungelabelt\38912a0c71c9493c97b631c6a06d0610.png,Composite Provider,0.1028994619846344,"['Composite Provider', 'Transformationen', 'Datenvorschau', 'DTP', 'ABAP Dictionary']","[0.1028994619846344, 0.09749042242765427, 0.0767548456788063, 0.07546710968017578, 0.07491051405668259]"
..\Data\Rest Ungelabelt\38a7334b3e254b44a60ec56963aa9f18.png,Query,0.18215303122997284,"['Query', 'Composite Provider', 'Data Store Object', 'Data Mart', 'DTP']","[0.18215303122997284, 0.06869473308324814, 0.06831161677837372, 0.0681113600730896, 0.06810706108808517]"
..\Data\Rest Ungelabelt\38bb30014b384cfeb36e9f2ea44bf9a4.jpeg,Datenvorschau,0.11400127410888672,"['Datenvorschau', 'Transformationen', 'Composite Provider', 'Data Source', 'BW4Cockpit (Stammdaten)']","[0.11400127410888672, 0.10511064529418945, 0.07414545863866806, 0.07300937175750732, 0.07091326266527176]"
..\Data\Rest Ungelabelt\38dfa397b32646e39054ea41855e9f35.png,Data Store Object,0.1612028330564499,"['Data Store Object', 'Composite Provider', 'DTP', 'Query', 'Data Mart']","[0.1612028330564499, 0.07419724017381668, 0.07071614265441895, 0.07046053558588028, 0.06953944265842438]"
..\Data\Rest Ungelabelt\38e010b0aea14d57b1d773f6775c7c86.png,Transformationen,0.116348035633564,"['Transformationen', 'Datenvorschau', 'Data Source', 'Composite Provider', 'Data Store Object']","[0.116348035633564, 0.08250979334115982, 0.08145062625408173, 0.07695487886667252, 0.07423986494541168]"
..\Data\Rest Ungelabelt\38f488f8cc5e4492973b48b6f1635a91.png,Data Store Object,0.15023429691791534,"['Data Store Object', 'Query', 'Transformationen', 'Composite Provider', 'Datenvorschau']","[0.15023429691791534, 0.07502435147762299, 0.07295115292072296, 0.0712931901216507, 0.070985808968544]"
..\Data\Rest Ungelabelt\390adf0944dd4e3eaa387c284454f74c.jpeg,Data Store Object,0.13562007248401642,"['Data Store Object', 'Data Mart', 'Query', 'Data Source', 'Datenvorschau']","[0.13562007248401642, 0.07963163405656815, 0.0766000971198082, 0.07571221143007278, 0.07226875424385071]"
..\Data\Rest Ungelabelt\391ab9c6bb554849859de3e84bbd2a21.png,Query,0.17945486307144165,"['Query', 'Data Source', 'DTP', 'Data Store Object', 'Data Mart']","[0.17945486307144165, 0.06936562806367874, 0.06872868537902832, 0.06841009855270386, 0.06831750273704529]"
..\Data\Rest Ungelabelt\394c480a547140c997eecb0a810348f7.jpeg,Composite Provider,0.1387976109981537,"['Composite Provider', 'Data Store Object', 'Transformationen', 'DTP', 'Query']","[0.1387976109981537, 0.08218158036470413, 0.0733417272567749, 0.07320758700370789, 0.07150299102067947]"
..\Data\Rest Ungelabelt\39529556da654902808f512fb04372d7.jpeg,Data Flow Object,0.09386071562767029,"['Data Flow Object', 'BW4Cockpit (Stammdaten)', 'DTP', 'Composite Provider', 'ABAP Dictionary']","[0.09386071562767029, 0.09373193234205246, 0.09008920192718506, 0.07536422461271286, 0.07466413080692291]"
..\Data\Rest Ungelabelt\3982e2b23b434ba692f6dd5479f9f9fe.png,Data Store Object,0.18463601171970367,"['Data Store Object', 'DTP', 'BW4Cockpit (Stammdaten)', 'Composite Provider', 'Data Mart']","[0.18463601171970367, 0.06795478612184525, 0.06795357912778854, 0.06794629245996475, 0.06794627755880356]"
..\Data\Rest Ungelabelt\399614094acf4a41a15851499312d878.jpeg,ABAP Dictionary,0.1833658218383789,"['ABAP Dictionary', 'Datenvorschau', 'DTP', 'Transformationen', 'Data Store Object']","[0.1833658218383789, 0.0683707743883133, 0.06805769354104996, 0.06804434210062027, 0.06804297119379044]"
..\Data\Rest Ungelabelt\3998b63ea34042388ddfa6755d295a12.png,Transformationen,0.13372404873371124,"['Transformationen', 'Composite Provider', 'Excel', 'Data Flow Object', 'Datenvorschau']","[0.13372404873371124, 0.09238772094249725, 0.07252994179725647, 0.07062079757452011, 0.07054297626018524]"
..\Data\Rest Ungelabelt\39a1908835a34d1bb2a88d17f7a6d529.png,Data Store Object,0.11178205162286758,"['Data Store Object', 'Data Source', 'Query', 'Datenvorschau', 'DTP']","[0.11178205162286758, 0.09298495203256607, 0.07951502501964569, 0.0741022378206253, 0.07302864640951157]"
..\Data\Rest Ungelabelt\39b2b2c9146e4c5186e8574a3b209306.jpeg,Data Flow Object,0.10100899636745453,"['Data Flow Object', 'ABAP Dictionary', 'Composite Provider', 'Datenvorschau', 'Bewegungsdaten']","[0.10100899636745453, 0.09826859086751938, 0.08401264995336533, 0.07717125862836838, 0.07222138345241547]"
..\Data\Rest Ungelabelt\39cff7fe780e4eeea08af5b9f0075e8b.png,BW4Cockpit (Stammdaten),0.18464839458465576,"['BW4Cockpit (Stammdaten)', 'Query', 'Excel', 'Datenvorschau', 'Data Store Object']","[0.18464839458465576, 0.06795955449342728, 0.06794524937868118, 0.06794491410255432, 0.06794474273920059]"
..\Data\Rest Ungelabelt\39d00e24d7f9432480bc8478dabc9e1e.png,Bewegungsdaten,0.0896182507276535,"['Bewegungsdaten', 'Excel', 'BW4Cockpit (Stammdaten)', 'Composite Provider', 'Data Flow Object']","[0.0896182507276535, 0.08101223409175873, 0.07847105711698532, 0.07712992280721664, 0.07702633738517761]"
..\Data\Rest Ungelabelt\39dbed4f435148e7a03350a2c855d3a9.png,Query,0.18433593213558197,"['Query', 'Data Store Object', 'BW4Cockpit (Stammdaten)', 'Data Mart', 'Datenvorschau']","[0.18433593213558197, 0.06801202893257141, 0.06799471378326416, 0.06797868758440018, 0.06797637045383453]"
..\Data\Rest Ungelabelt\39f4ee4385594f9980de70572c8863c7.jpeg,Transformationen,0.18410931527614594,"['Transformationen', 'Composite Provider', 'Data Flow Object', 'Data Source', 'Excel']","[0.18410931527614594, 0.06821073591709137, 0.06797139346599579, 0.06797120720148087, 0.06797107309103012]"
..\Data\Rest Ungelabelt\39fd3d93af9e43cdb6663f870ae2fb13.jpeg,ABAP Dictionary,0.1835363656282425,"['ABAP Dictionary', 'Data Store Object', 'DTP', 'Composite Provider', 'Bewegungsdaten']","[0.1835363656282425, 0.06821832060813904, 0.06811386346817017, 0.06804472953081131, 0.06802594661712646]"
..\Data\Rest Ungelabelt\3a088f7261d74bd38f6e2ced034392d7.jpeg,DTP,0.11521913856267929,"['DTP', 'Composite Provider', 'Data Store Object', 'ABAP Dictionary', 'Datenvorschau']","[0.11521913856267929, 0.08683207631111145, 0.0757683664560318, 0.07494257390499115, 0.07382079213857651]"
..\Data\Rest Ungelabelt\3a0cc6bce8b44ea980bfc207eccf16d7.png,Data Store Object,0.168702632188797,"['Data Store Object', 'Query', 'Data Source', 'Data Mart', 'BW4Cockpit (Stammdaten)']","[0.168702632188797, 0.07340464740991592, 0.06932948529720306, 0.06929001957178116, 0.06922449171543121]"
..\Data\Rest Ungelabelt\3a47e9a3fa864318a3f4099a601a073b.png,DTP,0.18449924886226654,"['DTP', 'ABAP Dictionary', 'BW4Cockpit (Stammdaten)', 'Transformationen', 'Data Source']","[0.18449924886226654, 0.06802568584680557, 0.06795483827590942, 0.06795285642147064, 0.06795213371515274]"
..\Data\Rest Ungelabelt\3a78331613de4e3180db436f0b4667b6.png,Query,0.18465861678123474,"['Query', 'BW4Cockpit (Stammdaten)', 'Datenvorschau', 'Data Mart', 'Data Store Object']","[0.18465861678123474, 0.06794755905866623, 0.06794602423906326, 0.06794587522745132, 0.06794571131467819]"
..\Data\Rest Ungelabelt\3ac9ceefedb247b4a021fb7fe6510ecd.png,Data Store Object,0.18316535651683807,"['Data Store Object', 'DTP', 'BW4Cockpit (Stammdaten)', 'Data Source', 'Query']","[0.18316535651683807, 0.06836334615945816, 0.06821797043085098, 0.06804867833852768, 0.06803950667381287]"
..\Data\Rest Ungelabelt\3afe623c765347f5b52dacdc393d319c.png,Transformationen,0.13407005369663239,"['Transformationen', 'Composite Provider', 'ABAP Dictionary', 'Excel', 'Data Source']","[0.13407005369663239, 0.08728699386119843, 0.07370695471763611, 0.07176221162080765, 0.07128246128559113]"
..\Data\Rest Ungelabelt\3b025910a1714ae0839f7f406bae55a9.png,Query,0.18109193444252014,"['Query', 'Datenvorschau', 'Data Store Object', 'Data Source', 'Data Mart']","[0.18109193444252014, 0.06854293495416641, 0.06851231306791306, 0.06839395314455032, 0.06835084408521652]"
..\Data\Rest Ungelabelt\3b1a0c244ff64e7fa360a9f3791a2d5f.png,Data Source,0.1846832036972046,"['Data Source', 'Datenvorschau', 'Data Store Object', 'Data Mart', 'ABAP Dictionary']","[0.1846832036972046, 0.06794461607933044, 0.06794298440217972, 0.06794293224811554, 0.06794292479753494]"
..\Data\Rest Ungelabelt\3b7a488b7a87420e87c4421b33e86436.png,Query,0.1490362286567688,"['Query', 'Data Source', 'Data Store Object', 'Data Mart', 'DTP']","[0.1490362286567688, 0.07824311405420303, 0.07480960339307785, 0.07067803293466568, 0.0704643577337265]"
..\Data\Rest Ungelabelt\3b8153e3767b428bb269193821671235.png,Query,0.1846865713596344,"['Query', 'Data Flow Object', 'Data Store Object', 'Datenvorschau', 'BW4Cockpit (Stammdaten)']","[0.1846865713596344, 0.06794282793998718, 0.06794282793998718, 0.06794281303882599, 0.06794280558824539]"
..\Data\Rest Ungelabelt\3b818b4b76ef49f793c369e829c63b2e.png,Query,0.11385130882263184,"['Query', 'Data Store Object', 'Data Source', 'Datenvorschau', 'Data Mart']","[0.11385130882263184, 0.10837607830762863, 0.07419848442077637, 0.0712086632847786, 0.07061273604631424]"
..\Data\Rest Ungelabelt\3b9a5bb43c0a45dda5a7ba99b376db55.png,Datenvorschau,0.14745399355888367,"['Datenvorschau', 'DTP', 'Data Store Object', 'Data Source', 'Composite Provider']","[0.14745399355888367, 0.07991219311952591, 0.07261443883180618, 0.0710349753499031, 0.07069738209247589]"
..\Data\Rest Ungelabelt\3bba2298eaec470c9d24e7de40e5b43b.jpeg,Composite Provider,0.1132192462682724,"['Composite Provider', 'Datenvorschau', 'Data Store Object', 'Excel', 'Query']","[0.1132192462682724, 0.089118093252182, 0.08493920415639877, 0.07483946532011032, 0.07170136272907257]"
..\Data\Rest Ungelabelt\3bf6cf33394f42eb9936dc0b6cdb754f.png,Data Store Object,0.18407422304153442,"['Data Store Object', 'DTP', 'BW4Cockpit (Stammdaten)', 'Composite Provider', 'Query']","[0.18407422304153442, 0.06810668855905533, 0.0680784210562706, 0.06798084080219269, 0.06797542423009872]"
..\Data\Rest Ungelabelt\3c28ff529cf342c4a171a9d3435a7332.png,Datenvorschau,0.135116845369339,"['Datenvorschau', 'Composite Provider', 'Data Store Object', 'Bewegungsdaten', 'Data Source']","[0.135116845369339, 0.0820598155260086, 0.08068983256816864, 0.07147208601236343, 0.07027362287044525]"
..\Data\Rest Ungelabelt\3c41e39350344c349e46f4f776f14a0a.png,Data Flow Object,0.17892146110534668,"['Data Flow Object', 'Composite Provider', 'Transformationen', 'Datenvorschau', 'DTP']","[0.17892146110534668, 0.07039903849363327, 0.06838556379079819, 0.06825651973485947, 0.06824282556772232]"
..\Data\Rest Ungelabelt\3c461a667ed34cd29d6dd91455e00d78.jpeg,Excel,0.1844911277294159,"['Excel', 'BW4Cockpit (Stammdaten)', 'Datenvorschau', 'Bewegungsdaten', 'DTP']","[0.1844911277294159, 0.06797558069229126, 0.06796795129776001, 0.06796316057443619, 0.06796253472566605]"
..\Data\Rest Ungelabelt\3c51528b07e549fe91074bb47b97b6c7.jpeg,Datenvorschau,0.13386112451553345,"['Datenvorschau', 'Composite Provider', 'Transformationen', 'Data Source', 'Data Store Object']","[0.13386112451553345, 0.07925577461719513, 0.07914143055677414, 0.07449977844953537, 0.07199480384588242]"
..\Data\Rest Ungelabelt\3c57304baa00475ba8f78c2a4bd3bdb0.png,Data Source,0.10431358218193054,"['Data Source', 'Datenvorschau', 'DTP', 'Composite Provider', 'Data Store Object']","[0.10431358218193054, 0.10423389077186584, 0.07763802260160446, 0.0761617049574852, 0.07159021496772766]"
..\Data\Rest Ungelabelt\3c6057d34d0f440cabda1b053937f090.jpeg,Data Source,0.1212516501545906,"['Data Source', 'Query', 'Data Store Object', 'Data Mart', 'Datenvorschau']","[0.1212516501545906, 0.08645933866500854, 0.08134373277425766, 0.07434570789337158, 0.07294809818267822]"
..\Data\Rest Ungelabelt\3c7bbcb9548d47aab575df736898e7f5.png,Bewegungsdaten,0.0896182507276535,"['Bewegungsdaten', 'Excel', 'BW4Cockpit (Stammdaten)', 'Composite Provider', 'Data Flow Object']","[0.0896182507276535, 0.08101223409175873, 0.07847105711698532, 0.07712992280721664, 0.07702633738517761]"
..\Data\Rest Ungelabelt\3c9c3f49453d46448d513b0f138e9c00.png,Query,0.18467819690704346,"['Query', 'Composite Provider', 'Data Flow Object', 'Data Store Object', 'BW4Cockpit (Stammdaten)']","[0.18467819690704346, 0.0679439827799797, 0.06794389337301254, 0.06794367730617523, 0.06794366985559464]"
..\Data\Rest Ungelabelt\3c9e8519d2a04eea8b39c12157f10134.jpeg,Excel,0.12116385251283646,"['Excel', 'ABAP Dictionary', 'Bewegungsdaten', 'Transformationen', 'Data Flow Object']","[0.12116385251283646, 0.08261384069919586, 0.08114206790924072, 0.07488857954740524, 0.07347738742828369]"
..\Data\Rest Ungelabelt\3ca993c65a4a4e6caddcbedffb4402a1.png,Data Flow Object,0.1773483008146286,"['Data Flow Object', 'Composite Provider', 'ABAP Dictionary', 'DTP', 'Transformationen']","[0.1773483008146286, 0.07053568959236145, 0.06890058517456055, 0.06842273473739624, 0.0684102326631546]"
..\Data\Rest Ungelabelt\3cb32367153c44eea56b43ee27002e05.png,Data Flow Object,0.18006914854049683,"['Data Flow Object', 'Composite Provider', 'DTP', 'ABAP Dictionary', 'Transformationen']","[0.18006914854049683, 0.06995455920696259, 0.06826157867908478, 0.06818246841430664, 0.06818067282438278]"
..\Data\Rest Ungelabelt\3cba31aebc724327b038ed1bbfc8ecac.jpeg,Query,0.18465279042720795,"['Query', 'BW4Cockpit (Stammdaten)', 'Data Source', 'Data Mart', 'Composite Provider']","[0.18465279042720795, 0.06795000284910202, 0.06794833391904831, 0.06794659048318863, 0.06794528663158417]"
..\Data\Rest Ungelabelt\3ce15ebe31544fbda4890264381b5a66.png,Composite Provider,0.09732997417449951,"['Composite Provider', 'Datenvorschau', 'Data Source', 'Data Store Object', 'Transformationen']","[0.09732997417449951, 0.09448064863681793, 0.09025663137435913, 0.07710538804531097, 0.07232895493507385]"
..\Data\Rest Ungelabelt\3cf5992a5461421abf90bc0658567da3.png,Data Flow Object,0.18077537417411804,"['Data Flow Object', 'Composite Provider', 'Transformationen', 'DTP', 'Excel']","[0.18077537417411804, 0.06961788982152939, 0.06818736344575882, 0.06817673146724701, 0.0681472197175026]"
..\Data\Rest Ungelabelt\3cfc2f18c9c147f5a28f2f5211cc5515.png,Data Source,0.18460409343242645,"['Data Source', 'Datenvorschau', 'Data Store Object', 'BW4Cockpit (Stammdaten)', 'Data Mart']","[0.18460409343242645, 0.0679696723818779, 0.06795604526996613, 0.06794757395982742, 0.06794749200344086]"
..\Data\Rest Ungelabelt\3d259e9ffad047ba8174ec21dd7a1406.png,Query,0.18462838232517242,"['Query', 'Data Flow Object', 'Composite Provider', 'Datenvorschau', 'Data Store Object']","[0.18462838232517242, 0.06795414537191391, 0.06795176863670349, 0.06794766336679459, 0.06794748455286026]"
..\Data\Rest Ungelabelt\3d516f6d16424f8d93c37a58619f1b92.png,ABAP Dictionary,0.17089377343654633,"['ABAP Dictionary', 'BW4Cockpit (Stammdaten)', 'DTP', 'Bewegungsdaten', 'Data Store Object']","[0.17089377343654633, 0.07236461341381073, 0.07079046964645386, 0.06861555576324463, 0.06860648095607758]"
..\Data\Rest Ungelabelt\3d58ce3668e14f9194ed8e1765d7ec0f.png,Data Store Object,0.1845838874578476,"['Data Store Object', 'Composite Provider', 'DTP', 'Data Source', 'BW4Cockpit (Stammdaten)']","[0.1845838874578476, 0.06795813888311386, 0.06795695424079895, 0.06795616447925568, 0.06795448809862137]"
..\Data\Rest Ungelabelt\3d5d9a2c348b44e89059088abc9d8ab8.png,Data Source,0.11416439712047577,"['Data Source', 'Data Store Object', 'Query', 'BW4Cockpit (Stammdaten)', 'Transformationen']","[0.11416439712047577, 0.08749464154243469, 0.07574488967657089, 0.0744815543293953, 0.07436013966798782]"
..\Data\Rest Ungelabelt\3d72874d814d4126af467b348f70cfd4.png,Query,0.1837044060230255,"['Query', 'Data Store Object', 'BW4Cockpit (Stammdaten)', 'Data Source', 'Data Mart']","[0.1837044060230255, 0.06822586804628372, 0.06809554249048233, 0.06802953779697418, 0.06799910962581635]"
..\Data\Rest Ungelabelt\3d7841fb22ca445f89a91de52cf540dc.png,Data Source,0.15499816834926605,"['Data Source', 'Data Mart', 'Data Store Object', 'Datenvorschau', 'Query']","[0.15499816834926605, 0.07452873885631561, 0.0743711069226265, 0.07218470424413681, 0.06946176290512085]"
..\Data\Rest Ungelabelt\3d820dae0ace4a9f8638b4a0420b5bf5.png,Data Source,0.13305436074733734,"['Data Source', 'Query', 'Datenvorschau', 'DTP', 'Transformationen']","[0.13305436074733734, 0.0807461142539978, 0.07680733501911163, 0.0730607733130455, 0.07200707495212555]"
..\Data\Rest Ungelabelt\3da74505adf9468195a14f3efb74e8a4.png,Bewegungsdaten,0.18434882164001465,"['Bewegungsdaten', 'ABAP Dictionary', 'Datenvorschau', 'BW4Cockpit (Stammdaten)', 'Data Store Object']","[0.18434882164001465, 0.06801623851060867, 0.06799594312906265, 0.06797746568918228, 0.06796703487634659]"
..\Data\Rest Ungelabelt\3de09ffc1cc2465a8f82226891c27dab.jpeg,Datenvorschau,0.1001453623175621,"['Datenvorschau', 'Data Store Object', 'Bewegungsdaten', 'BW4Cockpit (Stammdaten)', 'DTP']","[0.1001453623175621, 0.09625483304262161, 0.07958967983722687, 0.07668515294790268, 0.07481180876493454]"
..\Data\Rest Ungelabelt\3de28b770d4c485a9b9a979a0741bb06.png,Query,0.18467028439044952,"['Query', 'Data Flow Object', 'Datenvorschau', 'Composite Provider', 'Data Source']","[0.18467028439044952, 0.06794530898332596, 0.06794492900371552, 0.06794454902410507, 0.06794451177120209]"
..\Data\Rest Ungelabelt\3de61ed74f09406380c11817516dd75f.png,Query,0.16965803503990173,"['Query', 'Composite Provider', 'Datenvorschau', 'Data Store Object', 'Transformationen']","[0.16965803503990173, 0.07302521914243698, 0.06957323104143143, 0.06952427327632904, 0.06881428509950638]"
..\Data\Rest Ungelabelt\3df1bae55e2b413e8f36c940d4079f17.png,Data Flow Object,0.15226323902606964,"['Data Flow Object', 'Composite Provider', 'Transformationen', 'Data Store Object', 'DTP']","[0.15226323902606964, 0.08563383668661118, 0.06929042190313339, 0.06928814202547073, 0.06928536295890808]"
..\Data\Rest Ungelabelt\3e244b02397e47e7a632e97cea5a68ce.png,Query,0.1827312558889389,"['Query', 'Data Source', 'Transformationen', 'Datenvorschau', 'DTP']","[0.1827312558889389, 0.06873677670955658, 0.06806302815675735, 0.06806223839521408, 0.0680604949593544]"
..\Data\Rest Ungelabelt\3e48aafa6cc14b4d918e44324862e55a.png,Data Store Object,0.11588136851787567,"['Data Store Object', 'Query', 'Data Mart', 'Transformationen', 'Datenvorschau']","[0.11588136851787567, 0.10303642600774765, 0.07229307293891907, 0.07176531106233597, 0.07136518508195877]"
..\Data\Rest Ungelabelt\3e4e24ed1a034d3ca2512728e41a9bc3.jpeg,Data Store Object,0.10891687870025635,"['Data Store Object', 'Composite Provider', 'Datenvorschau', 'Data Mart', 'Data Source']","[0.10891687870025635, 0.0915784239768982, 0.08123867958784103, 0.07942156493663788, 0.07158590853214264]"
..\Data\Rest Ungelabelt\3e696a5bc1ed47dfb6a7cdfb0503e818.png,Data Store Object,0.17188818752765656,"['Data Store Object', 'Query', 'Composite Provider', 'Data Source', 'Data Mart']","[0.17188818752765656, 0.07146875560283661, 0.06930188089609146, 0.06910724192857742, 0.06905155628919601]"
..\Data\Rest Ungelabelt\3e738ee5824d4d5bbb7600d8a095e280.png,Data Store Object,0.13937804102897644,"['Data Store Object', 'Datenvorschau', 'Composite Provider', 'Query', 'Bewegungsdaten']","[0.13937804102897644, 0.08217263966798782, 0.07558269798755646, 0.07153791934251785, 0.07098206132650375]"
..\Data\Rest Ungelabelt\3e86095feab5493a82ea29580aa23421.jpeg,Data Flow Object,0.18430402874946594,"['Data Flow Object', 'Composite Provider', 'DTP', 'Excel', 'ABAP Dictionary']","[0.18430402874946594, 0.06809545308351517, 0.06797157227993011, 0.06796576827764511, 0.06796490401029587]"
..\Data\Rest Ungelabelt\3e87c01e437a4ee3ba09f517fb741589.png,Data Store Object,0.09081286191940308,"['Data Store Object', 'Composite Provider', 'Query', 'Datenvorschau', 'Data Mart']","[0.09081286191940308, 0.08650169521570206, 0.08594436943531036, 0.08199194073677063, 0.0770990327000618]"
..\Data\Rest Ungelabelt\3eb099f97f1c450e9e78e21d831b0f46.png,Data Flow Object,0.11834075301885605,"['Data Flow Object', 'Composite Provider', 'DTP', 'Transformationen', 'ABAP Dictionary']","[0.11834075301885605, 0.10893195122480392, 0.07167965173721313, 0.0703549012541771, 0.07025488466024399]"
..\Data\Rest Ungelabelt\3eba35b8bd8d4e82a3e785e8466c32d8.png,Transformationen,0.13893398642539978,"['Transformationen', 'Composite Provider', 'Data Store Object', 'Query', 'Data Source']","[0.13893398642539978, 0.0879572182893753, 0.07175701856613159, 0.07112617790699005, 0.07090151309967041]"
..\Data\Rest Ungelabelt\3eba504584ab43a3ba07bec4b00e02b3.png,Data Source,0.15238574147224426,"['Data Source', 'Transformationen', 'Composite Provider', 'Datenvorschau', 'Data Store Object']","[0.15238574147224426, 0.07549421489238739, 0.07204955816268921, 0.07203228771686554, 0.07034846395254135]"
..\Data\Rest Ungelabelt\3eff4d8611624f5ba2b253a6555fb8d4.png,Data Flow Object,0.1846572905778885,"['Data Flow Object', 'Composite Provider', 'ABAP Dictionary', 'DTP', 'Data Store Object']","[0.1846572905778885, 0.06795665621757507, 0.06794418394565582, 0.06794418394565582, 0.06794418394565582]"
..\Data\Rest Ungelabelt\3f044b3ffd2f4ca392301f2c42898c19.png,Datenvorschau,0.16849853098392487,"['Datenvorschau', 'Data Store Object', 'DTP', 'Query', 'ABAP Dictionary']","[0.16849853098392487, 0.0735858902335167, 0.06961831450462341, 0.06911487877368927, 0.0690239667892456]"
..\Data\Rest Ungelabelt\3f14401c8aff4d6aac5cc82ab84f3db9.png,DTP,0.10582870244979858,"['DTP', 'Data Store Object', 'Data Source', 'Query', 'Composite Provider']","[0.10582870244979858, 0.09226132929325104, 0.08336269855499268, 0.07682273536920547, 0.07321635633707047]"
..\Data\Rest Ungelabelt\3f23afdb15de42b1994729d2498b6441.png,Composite Provider,0.10701754689216614,"['Composite Provider', 'Data Store Object', 'Datenvorschau', 'Bewegungsdaten', 'Data Source']","[0.10701754689216614, 0.07902859896421432, 0.07813454419374466, 0.07646419107913971, 0.0764051228761673]"
..\Data\Rest Ungelabelt\3f30500ea0664a9f8668bb79e1e78d73.jpeg,Composite Provider,0.12854157388210297,"['Composite Provider', 'Excel', 'Transformationen', 'Data Flow Object', 'Data Source']","[0.12854157388210297, 0.08220383524894714, 0.08022797107696533, 0.07213523983955383, 0.07141660153865814]"
..\Data\Rest Ungelabelt\3f5c4b1fee9c4722b0b6684d749638f6.png,Query,0.1260763704776764,"['Query', 'Data Store Object', 'Data Source', 'DTP', 'ABAP Dictionary']","[0.1260763704776764, 0.10129215568304062, 0.0711512491106987, 0.07042349129915237, 0.07035447657108307]"
..\Data\Rest Ungelabelt\3f78aeb62d964499803cf9d293f1b208.png,Data Store Object,0.1713608354330063,"['Data Store Object', 'Data Source', 'Data Mart', 'Query', 'Composite Provider']","[0.1713608354330063, 0.07123064249753952, 0.06970055401325226, 0.06909013539552689, 0.06898675113916397]"
..\Data\Rest Ungelabelt\3fbed710dafa4fea8e79ac25fba135b4.png,Data Source,0.15084156394004822,"['Data Source', 'Data Store Object', 'Datenvorschau', 'Data Mart', 'Query']","[0.15084156394004822, 0.08049874007701874, 0.07399491220712662, 0.0700099766254425, 0.06942706555128098]"
..\Data\Rest Ungelabelt\3fe37d3f576d455fb4ea1096bb86c702.png,ABAP Dictionary,0.1354924887418747,"['ABAP Dictionary', 'Data Store Object', 'Composite Provider', 'Transformationen', 'Datenvorschau']","[0.1354924887418747, 0.08231773227453232, 0.07401343435049057, 0.07285984605550766, 0.07212350517511368]"
..\Data\Rest Ungelabelt\3fe75ed0a7f24fe1a70a25dd573fae51.png,Transformationen,0.1634499728679657,"['Transformationen', 'Datenvorschau', 'Data Source', 'DTP', 'Composite Provider']","[0.1634499728679657, 0.07195311784744263, 0.07170221954584122, 0.0709775760769844, 0.06966511160135269]"
..\Data\Rest Ungelabelt\3ff407ad4b044668816c5ae1c461122e.jpeg,Data Flow Object,0.09446898847818375,"['Data Flow Object', 'Datenvorschau', 'Transformationen', 'DTP', 'Composite Provider']","[0.09446898847818375, 0.09365146607160568, 0.07957081496715546, 0.07755964249372482, 0.07520958036184311]"
..\Data\Rest Ungelabelt\3ff70dd6bf32409784319f21963a7f46.png,Query,0.18468733131885529,"['Query', 'Composite Provider', 'BW4Cockpit (Stammdaten)', 'Data Flow Object', 'Data Mart']","[0.18468733131885529, 0.06794273108243942, 0.06794272363185883, 0.06794272363185883, 0.06794272363185883]"
..\Data\Rest Ungelabelt\400b2cb0a25c4fafa65f99b8ec76134c.png,BW4Cockpit (Stammdaten),0.18468019366264343,"['BW4Cockpit (Stammdaten)', 'Query', 'Data Store Object', 'DTP', 'Excel']","[0.18468019366264343, 0.06794428825378418, 0.06794387102127075, 0.0679435133934021, 0.06794330477714539]"
..\Data\Rest Ungelabelt\4048a8870f244a4fa7730f4af678a5bc.jpeg,Data Flow Object,0.17181959748268127,"['Data Flow Object', 'Composite Provider', 'ABAP Dictionary', 'Datenvorschau', 'Transformationen']","[0.17181959748268127, 0.07167647778987885, 0.07073536515235901, 0.06864434480667114, 0.06860996037721634]"
..\Data\Rest Ungelabelt\404ae090cd724234912a98b939ed54d0.jpeg,Data Flow Object,0.1845790594816208,"['Data Flow Object', 'Composite Provider', 'Transformationen', 'ABAP Dictionary', 'BW4Cockpit (Stammdaten)']","[0.1845790594816208, 0.06799311935901642, 0.06794801354408264, 0.06794799119234085, 0.06794799119234085]"
..\Data\Rest Ungelabelt\404b0ca3e9bc4cb3b78b3d045caadb26.png,DTP,0.10604523122310638,"['DTP', 'Bewegungsdaten', 'Composite Provider', 'Datenvorschau', 'Excel']","[0.10604523122310638, 0.09238168597221375, 0.07690490037202835, 0.07611378282308578, 0.07474945485591888]"
..\Data\Rest Ungelabelt\4058f48915f24daaa5e4b151524ef6d9.png,ABAP Dictionary,0.12739212810993195,"['ABAP Dictionary', 'Composite Provider', 'BW4Cockpit (Stammdaten)', 'Data Flow Object', 'DTP']","[0.12739212810993195, 0.07838122546672821, 0.07771999388933182, 0.07521392405033112, 0.07280559092760086]"
..\Data\Rest Ungelabelt\407db519c3724e4ab8d483e56c5592f6.jpeg,Excel,0.15369164943695068,"['Excel', 'ABAP Dictionary', 'DTP', 'Bewegungsdaten', 'Transformationen']","[0.15369164943695068, 0.07504493743181229, 0.0746953934431076, 0.07062707841396332, 0.07011029869318008]"
..\Data\Rest Ungelabelt\408c7cade7414ae6a567b99486b15cd6.png,Composite Provider,0.10079175233840942,"['Composite Provider', 'DTP', 'Data Source', 'Query', 'Datenvorschau']","[0.10079175233840942, 0.09813535213470459, 0.08636485040187836, 0.07453923672437668, 0.07247739285230637]"
..\Data\Rest Ungelabelt\4091070a5d0d44e08e30cb356fc6f514.png,BW4Cockpit (Stammdaten),0.18428152799606323,"['BW4Cockpit (Stammdaten)', 'Query', 'Excel', 'Datenvorschau', 'Data Store Object']","[0.18428152799606323, 0.06807801872491837, 0.06798994541168213, 0.06797009706497192, 0.0679699257016182]"
..\Data\Rest Ungelabelt\4098e19e74d04c93ac824d734786a000.png,Data Flow Object,0.13821709156036377,"['Data Flow Object', 'Composite Provider', 'Bewegungsdaten', 'DTP', 'Data Store Object']","[0.13821709156036377, 0.07806643843650818, 0.07331439852714539, 0.07315226644277573, 0.07309833914041519]"
..\Data\Rest Ungelabelt\40ca5f31d458467ebab0edde27105b7f.jpeg,Query,0.17069247364997864,"['Query', 'Data Source', 'Datenvorschau', 'Data Mart', 'Transformationen']","[0.17069247364997864, 0.0742853507399559, 0.06876475363969803, 0.06870508939027786, 0.06870381534099579]"
..\Data\Rest Ungelabelt\40db63d83101466bba53c7a8dd412b75.png,ABAP Dictionary,0.167474627494812,"['ABAP Dictionary', 'Composite Provider', 'BW4Cockpit (Stammdaten)', 'DTP', 'Transformationen']","[0.167474627494812, 0.07080699503421783, 0.0707988291978836, 0.06993390619754791, 0.0694502741098404]"
..\Data\Rest Ungelabelt\40f11995689948e79008850f9bfb1d17.png,Data Source,0.10467395931482315,"['Data Source', 'Data Store Object', 'ABAP Dictionary', 'Query', 'Datenvorschau']","[0.10467395931482315, 0.0848565399646759, 0.08125674724578857, 0.0769854187965393, 0.0759018212556839]"
..\Data\Rest Ungelabelt\4110d36117f242059f155f81490d71dd.png,ABAP Dictionary,0.11690102517604828,"['ABAP Dictionary', 'Data Source', 'Datenvorschau', 'Transformationen', 'DTP']","[0.11690102517604828, 0.10659607499837875, 0.07246863096952438, 0.07168857753276825, 0.07048961520195007]"
..\Data\Rest Ungelabelt\411d699b1bd74a54aa4449eed29cf1a6.png,Composite Provider,0.0956810712814331,"['Composite Provider', 'Query', 'Transformationen', 'Data Source', 'DTP']","[0.0956810712814331, 0.08318805694580078, 0.08226323872804642, 0.07859880477190018, 0.07847261428833008]"
..\Data\Rest Ungelabelt\41252b4dc23e4651af6a39d6e6804a8c.png,Datenvorschau,0.09239538758993149,"['Datenvorschau', 'DTP', 'Query', 'Transformationen', 'Composite Provider']","[0.09239538758993149, 0.09016397595405579, 0.08949833363294601, 0.0792558491230011, 0.0780695453286171]"
..\Data\Rest Ungelabelt\412c82c3f4934f028d5d5a24e34f2fa1.png,Bewegungsdaten,0.13047689199447632,"['Bewegungsdaten', 'ABAP Dictionary', 'BW4Cockpit (Stammdaten)', 'Datenvorschau', 'Transformationen']","[0.13047689199447632, 0.08958547562360764, 0.07247841358184814, 0.07239902019500732, 0.07116905599832535]"
..\Data\Rest Ungelabelt\412f75a7bfa2402b97063fb64bbddb9f.png,Data Store Object,0.18375201523303986,"['Data Store Object', 'DTP', 'Composite Provider', 'BW4Cockpit (Stammdaten)', 'Query']","[0.18375201523303986, 0.06828948110342026, 0.06801841408014297, 0.0680130124092102, 0.06799966841936111]"
..\Data\Rest Ungelabelt\413e5e78ae54481c86f3fc1c00a9fc11.png,ABAP Dictionary,0.16807806491851807,"['ABAP Dictionary', 'DTP', 'BW4Cockpit (Stammdaten)', 'Data Source', 'Bewegungsdaten']","[0.16807806491851807, 0.07391977310180664, 0.07037661224603653, 0.06920742988586426, 0.06871864199638367]"
..\Data\Rest Ungelabelt\4141b3939e5c48419b066488199a6558.jpeg,Composite Provider,0.1260402947664261,"['Composite Provider', 'Data Store Object', 'Transformationen', 'Data Source', 'DTP']","[0.1260402947664261, 0.09708576649427414, 0.07354483753442764, 0.0713130459189415, 0.0704558789730072]"
..\Data\Rest Ungelabelt\415c95527b6b4d769faf9bf70dfc5bce.png,Data Store Object,0.10612861812114716,"['Data Store Object', 'DTP', 'Query', 'Composite Provider', 'Data Source']","[0.10612861812114716, 0.08600493520498276, 0.08497567474842072, 0.07838668674230576, 0.07583361119031906]"
..\Data\Rest Ungelabelt\416095fde0604c73b92a474994e29d77.jpeg,Query,0.18468712270259857,"['Query', 'Data Flow Object', 'BW4Cockpit (Stammdaten)', 'Composite Provider', 'Data Mart']","[0.18468712270259857, 0.06794276833534241, 0.06794275343418121, 0.06794275343418121, 0.06794273108243942]"
..\Data\Rest Ungelabelt\4163c8f7d37c4363ac70728bd0162af7.jpeg,Data Flow Object,0.15980394184589386,"['Data Flow Object', 'Composite Provider', 'ABAP Dictionary', 'Data Store Object', 'Transformationen']","[0.15980394184589386, 0.08086109161376953, 0.06910324096679688, 0.06903399527072906, 0.06902711093425751]"
..\Data\Rest Ungelabelt\4168bbf5d605495a8e6e16b630018caf.png,Query,0.13726988434791565,"['Query', 'Data Source', 'Datenvorschau', 'Data Store Object', 'Bewegungsdaten']","[0.13726988434791565, 0.08208831399679184, 0.07830655574798584, 0.0711456835269928, 0.070578433573246]"
..\Data\Rest Ungelabelt\416aae155cde4ab7b2c26b3b0b845106.png,Data Store Object,0.12898124754428864,"['Data Store Object', 'Data Source', 'Query', 'Transformationen', 'Datenvorschau']","[0.12898124754428864, 0.07932974398136139, 0.07706388086080551, 0.07547888904809952, 0.07236593961715698]"
..\Data\Rest Ungelabelt\4173034c0f2543b5a36e4a9641712d37.png,Data Source,0.09499482065439224,"['Data Source', 'Transformationen', 'Datenvorschau', 'ABAP Dictionary', 'Query']","[0.09499482065439224, 0.08981353044509888, 0.08013392239809036, 0.07653456926345825, 0.07573111355304718]"
..\Data\Rest Ungelabelt\417d53bff682488ca536624c6e74802a.jpeg,Data Flow Object,0.1630067378282547,"['Data Flow Object', 'DTP', 'BW4Cockpit (Stammdaten)', 'Data Store Object', 'Composite Provider']","[0.1630067378282547, 0.0739142969250679, 0.07086824625730515, 0.06971295177936554, 0.06967369467020035]"
..\Data\Rest Ungelabelt\41b03a7e3f144150b63de396f681dc68.jpeg,Query,0.1844378411769867,"['Query', 'Data Source', 'Data Mart', 'BW4Cockpit (Stammdaten)', 'Data Store Object']","[0.1844378411769867, 0.06802228838205338, 0.06797050684690475, 0.06796257197856903, 0.06796129047870636]"
..\Data\Rest Ungelabelt\41d6c10d754f43e18230fffdb8dfc85c.png,Data Flow Object,0.18468324840068817,"['Data Flow Object', 'Composite Provider', 'ABAP Dictionary', 'BW4Cockpit (Stammdaten)', 'DTP']","[0.18468324840068817, 0.06794463843107224, 0.06794292479753494, 0.06794292479753494, 0.06794292479753494]"
..\Data\Rest Ungelabelt\41de41f9cebb42f38f80e1dbbd410c1c.png,DTP,0.1795736849308014,"['DTP', 'Transformationen', 'Composite Provider', 'Query', 'ABAP Dictionary']","[0.1795736849308014, 0.06939471513032913, 0.06876904517412186, 0.06834039837121964, 0.06826134026050568]"
..\Data\Rest Ungelabelt\41e8539687214130a6e3d8f0a77eab54.png,Transformationen,0.1844554841518402,"['Transformationen', 'Composite Provider', 'Excel', 'Data Source', 'Data Store Object']","[0.1844554841518402, 0.06799479573965073, 0.06798150390386581, 0.06796024739742279, 0.06796004623174667]"
..\Data\Rest Ungelabelt\41f70ab9820d4277a7a99ae92063c828.png,Data Source,0.18413251638412476,"['Data Source', 'Query', 'DTP', 'Data Store Object', 'Datenvorschau']","[0.18413251638412476, 0.06807266920804977, 0.0680398941040039, 0.0679951086640358, 0.06798374652862549]"
..\Data\Rest Ungelabelt\41ff7285a22f45c18a64f388178e2466.png,DTP,0.1846858561038971,"['DTP', 'Bewegungsdaten', 'ABAP Dictionary', 'Composite Provider', 'Transformationen']","[0.1846858561038971, 0.06794306635856628, 0.06794296950101852, 0.06794285029172897, 0.06794283539056778]"
..\Data\Rest Ungelabelt\41ffc82f45474d2e947f953ff24bee73.png,Query,0.18468689918518066,"['Query', 'BW4Cockpit (Stammdaten)', 'Data Mart', 'Data Store Object', 'Composite Provider']","[0.18468689918518066, 0.0679427906870842, 0.06794276833534241, 0.06794276833534241, 0.06794276088476181]"
..\Data\Rest Ungelabelt\420489e686f04456a3b286ded380f984.jpeg,ABAP Dictionary,0.18467943370342255,"['ABAP Dictionary', 'DTP', 'BW4Cockpit (Stammdaten)', 'Data Flow Object', 'Bewegungsdaten']","[0.18467943370342255, 0.06794584542512894, 0.06794332712888718, 0.06794323772192001, 0.06794323027133942]"
..\Data\Rest Ungelabelt\420e238b03ba4211b01f870d1484abba.jpeg,Data Store Object,0.15686775743961334,"['Data Store Object', 'Composite Provider', 'Data Source', 'Data Mart', 'DTP']","[0.15686775743961334, 0.08134590089321136, 0.06990180909633636, 0.06938710063695908, 0.06922801584005356]"
..\Data\Rest Ungelabelt\4223d4699f214fde916cff7444026817.png,Data Store Object,0.1506813019514084,"['Data Store Object', 'Composite Provider', 'Datenvorschau', 'ABAP Dictionary', 'DTP']","[0.1506813019514084, 0.07312431931495667, 0.07224969565868378, 0.07182380557060242, 0.07160019874572754]"
..\Data\Rest Ungelabelt\42289cf240fb49ceaaba8e2d2c481731.png,Query,0.15776920318603516,"['Query', 'Data Store Object', 'Data Mart', 'Datenvorschau', 'Transformationen']","[0.15776920318603516, 0.07888635247945786, 0.07130322605371475, 0.06954214721918106, 0.06925070285797119]"
..\Data\Rest Ungelabelt\42439bdfd8624530abbe34304b2b9d86.jpeg,Query,0.16365604102611542,"['Query', 'Composite Provider', 'Data Store Object', 'BW4Cockpit (Stammdaten)', 'DTP']","[0.16365604102611542, 0.07254072278738022, 0.07033319026231766, 0.07032986730337143, 0.06992574781179428]"
..\Data\Rest Ungelabelt\4269152bc2bb467f91a0d0946a98de7c.png,Transformationen,0.12228846549987793,"['Transformationen', 'Composite Provider', 'Query', 'Data Source', 'Datenvorschau']","[0.12228846549987793, 0.10414376854896545, 0.07177162915468216, 0.07071999460458755, 0.07031012326478958]"
..\Data\Rest Ungelabelt\4270f7b69de845dfa83b11a89484d00f.png,Query,0.1659265160560608,"['Query', 'Data Store Object', 'BW4Cockpit (Stammdaten)', 'Data Source', 'DTP']","[0.1659265160560608, 0.0733884871006012, 0.07146275788545609, 0.06967620551586151, 0.06890188157558441]"
..\Data\Rest Ungelabelt\427724203862460897283b2779a97cc0.jpeg,Query,0.14037272334098816,"['Query', 'Data Store Object', 'Data Source', 'ABAP Dictionary', 'DTP']","[0.14037272334098816, 0.08841465413570404, 0.07195286452770233, 0.07041710615158081, 0.07014840096235275]"
..\Data\Rest Ungelabelt\4285ae52a3ce4b66b0d1d13087d9a1fb.png,ABAP Dictionary,0.18235917389392853,"['ABAP Dictionary', 'BW4Cockpit (Stammdaten)', 'Transformationen', 'DTP', 'Data Flow Object']","[0.18235917389392853, 0.06885919719934464, 0.06812212616205215, 0.06811641156673431, 0.06807481497526169]"
..\Data\Rest Ungelabelt\4287c85f850841a6bd00dd162b9562e2.png,Composite Provider,0.11853467673063278,"['Composite Provider', 'Transformationen', 'Data Source', 'Datenvorschau', 'DTP']","[0.11853467673063278, 0.09005416184663773, 0.0759204626083374, 0.07544615119695663, 0.07237742096185684]"
..\Data\Rest Ungelabelt\42a299dc053141d18b6c30137c5c666c.jpeg,Composite Provider,0.15806518495082855,"['Composite Provider', 'Transformationen', 'Bewegungsdaten', 'Data Source', 'Data Store Object']","[0.15806518495082855, 0.07295536249876022, 0.07185950130224228, 0.07118013501167297, 0.07072263956069946]"
..\Data\Rest Ungelabelt\42ede3fadef846fa9aeabb1ce68229e8.png,Composite Provider,0.12254395335912704,"['Composite Provider', 'Query', 'Data Flow Object', 'Transformationen', 'Data Store Object']","[0.12254395335912704, 0.09720389544963837, 0.07339735329151154, 0.07235453277826309, 0.0712556540966034]"
..\Data\Rest Ungelabelt\430ba91f847a494fa3325aa6c2d750a3.png,Datenvorschau,0.17852972447872162,"['Datenvorschau', 'Data Source', 'Query', 'Data Store Object', 'Excel']","[0.17852972447872162, 0.06997856497764587, 0.0685538500547409, 0.06842837482690811, 0.06839083880186081]"
..\Data\Rest Ungelabelt\431646c7f4f54703a7b4e8832d7c11ef.png,Composite Provider,0.12565675377845764,"['Composite Provider', 'Transformationen', 'Query', 'Data Flow Object', 'DTP']","[0.12565675377845764, 0.08720342069864273, 0.07346323877573013, 0.07312700152397156, 0.07306162267923355]"
..\Data\Rest Ungelabelt\432788dfca874259ba4cfe2ec70a359b.png,Data Store Object,0.11995591223239899,"['Data Store Object', 'Data Source', 'Query', 'Datenvorschau', 'Data Mart']","[0.11995591223239899, 0.10425232350826263, 0.0715356320142746, 0.07147917151451111, 0.0711764246225357]"
..\Data\Rest Ungelabelt\433c67f8ba6347a3a80f6257766a8fc5.png,Data Store Object,0.11781824380159378,"['Data Store Object', 'Data Mart', 'Data Source', 'Datenvorschau', 'Composite Provider']","[0.11781824380159378, 0.11023737490177155, 0.07118717581033707, 0.07041094452142715, 0.0701291412115097]"
..\Data\Rest Ungelabelt\43403bb72d2a4d8585f3ec6e8966b93b.png,Data Store Object,0.1473625749349594,"['Data Store Object', 'DTP', 'Composite Provider', 'Datenvorschau', 'BW4Cockpit (Stammdaten)']","[0.1473625749349594, 0.07799995690584183, 0.0731348767876625, 0.0720445066690445, 0.07073284685611725]"
..\Data\Rest Ungelabelt\4352c72b8bd746f1b4a77f0c9b183267.jpeg,Data Flow Object,0.13033069670200348,"['Data Flow Object', 'Composite Provider', 'Datenvorschau', 'Transformationen', 'DTP']","[0.13033069670200348, 0.09720105677843094, 0.07096948474645615, 0.07054287195205688, 0.07053951174020767]"
..\Data\Rest Ungelabelt\4357fdbe825d45e3b2900fcf05acd19d.png,Query,0.18436263501644135,"['Query', 'Data Store Object', 'BW4Cockpit (Stammdaten)', 'Data Mart', 'Datenvorschau']","[0.18436263501644135, 0.06801655888557434, 0.06798139959573746, 0.06797662377357483, 0.06797222793102264]"
..\Data\Rest Ungelabelt\4364c71e0ee74023aab59642f642fbff.jpeg,Data Source,0.12547247111797333,"['Data Source', 'Data Store Object', 'Query', 'DTP', 'BW4Cockpit (Stammdaten)']","[0.12547247111797333, 0.09500068426132202, 0.0733434334397316, 0.0725972130894661, 0.07141933590173721]"
..\Data\Rest Ungelabelt\436b8a5cc0c2453a8b5705d48e3c7ebe.png,Data Source,0.12153485417366028,"['Data Source', 'Data Store Object', 'Datenvorschau', 'Data Mart', 'BW4Cockpit (Stammdaten)']","[0.12153485417366028, 0.09914932399988174, 0.07527868449687958, 0.07096035778522491, 0.07089602947235107]"
..\Data\Rest Ungelabelt\4379d34c2d8f48c6a5c3ff867ac54411.png,Composite Provider,0.12601405382156372,"['Composite Provider', 'Data Source', 'Data Store Object', 'Datenvorschau', 'Data Mart']","[0.12601405382156372, 0.08010129630565643, 0.07739799469709396, 0.0764978677034378, 0.07238631695508957]"
..\Data\Rest Ungelabelt\438178df41de4354b4cfaf66e793a935.png,ABAP Dictionary,0.1846872866153717,"['ABAP Dictionary', 'DTP', 'Transformationen', 'BW4Cockpit (Stammdaten)', 'Bewegungsdaten']","[0.1846872866153717, 0.06794276833534241, 0.06794273108243942, 0.06794271618127823, 0.06794271618127823]"
..\Data\Rest Ungelabelt\438bfc17a53a4bcdac6fa6c0c3ee68d9.png,Bewegungsdaten,0.1842603236436844,"['Bewegungsdaten', 'ABAP Dictionary', 'Datenvorschau', 'BW4Cockpit (Stammdaten)', 'Data Flow Object']","[0.1842603236436844, 0.06812617927789688, 0.06797299534082413, 0.06796634197235107, 0.0679648369550705]"
..\Data\Rest Ungelabelt\4390f91fa589481db755caa4be8babf7.jpeg,Data Flow Object,0.16401265561580658,"['Data Flow Object', 'Composite Provider', 'Data Source', 'Datenvorschau', 'Data Store Object']","[0.16401265561580658, 0.07713595777750015, 0.06979023665189743, 0.06905714422464371, 0.06899485737085342]"
..\Data\Rest Ungelabelt\4398ccb81ec04b41bf1301820d50ad43.png,Query,0.13503281772136688,"['Query', 'Transformationen', 'Data Source', 'Data Mart', 'Data Store Object']","[0.13503281772136688, 0.08494333177804947, 0.07569833099842072, 0.07157428562641144, 0.07122072577476501]"
..\Data\Rest Ungelabelt\43e4ffcd3e8b4b959fd6a7ce54bee36e.png,Data Store Object,0.11028458178043365,"['Data Store Object', 'ABAP Dictionary', 'Query', 'DTP', 'Transformationen']","[0.11028458178043365, 0.08862268924713135, 0.07634983956813812, 0.07495883107185364, 0.07464175671339035]"
..\Data\Rest Ungelabelt\43eff20e87a246968d9784ef17ff06db.png,Query,0.14810878038406372,"['Query', 'Excel', 'DTP', 'Data Store Object', 'Transformationen']","[0.14810878038406372, 0.07562484592199326, 0.07357601821422577, 0.07189729064702988, 0.07130953669548035]"
..\Data\Rest Ungelabelt\43f48f7e953e4d7481bd4c44d5b84f17.png,Composite Provider,0.14767856895923615,"['Composite Provider', 'Data Store Object', 'DTP', 'Query', 'Transformationen']","[0.14767856895923615, 0.0883667841553688, 0.06955894082784653, 0.06949460506439209, 0.06944599002599716]"
..\Data\Rest Ungelabelt\4439051b66f84e23a9316643a15074aa.png,Data Source,0.1504601687192917,"['Data Source', 'Datenvorschau', 'Query', 'DTP', 'Transformationen']","[0.1504601687192917, 0.07483474910259247, 0.07353167980909348, 0.07276175171136856, 0.07032308727502823]"
..\Data\Rest Ungelabelt\4450fcdab0504b8d910d5d045159eb7e.png,ABAP Dictionary,0.12840069830417633,"['ABAP Dictionary', 'DTP', 'BW4Cockpit (Stammdaten)', 'Data Store Object', 'Transformationen']","[0.12840069830417633, 0.08417752385139465, 0.08364791423082352, 0.07240253686904907, 0.07018829137086868]"
..\Data\Rest Ungelabelt\44555b5875aa4e4a9169b26279511eef.png,Data Store Object,0.11622448265552521,"['Data Store Object', 'Data Mart', 'Data Source', 'Datenvorschau', 'Composite Provider']","[0.11622448265552521, 0.1129174754023552, 0.0703790932893753, 0.07019732892513275, 0.07019466161727905]"
..\Data\Rest Ungelabelt\445cbb55b5e54b509289289b23ce508d.png,Transformationen,0.16895294189453125,"['Transformationen', 'Composite Provider', 'Excel', 'Data Store Object', 'Data Flow Object']","[0.16895294189453125, 0.07361406087875366, 0.07059768587350845, 0.06873505562543869, 0.06869376450777054]"
..\Data\Rest Ungelabelt\446ca7b449034f87a4069f8b143e8677.png,Query,0.11297556012868881,"['Query', 'Data Store Object', 'Composite Provider', 'BW4Cockpit (Stammdaten)', 'DTP']","[0.11297556012868881, 0.08435370773077011, 0.083461694419384, 0.07673349231481552, 0.07305225729942322]"
..\Data\Rest Ungelabelt\44727be0717f4c9aa1689d4bae209784.jpeg,Composite Provider,0.11802207678556442,"['Composite Provider', 'Data Store Object', 'Bewegungsdaten', 'Data Source', 'Data Flow Object']","[0.11802207678556442, 0.09450116753578186, 0.0769038051366806, 0.0722741037607193, 0.07178442925214767]"
..\Data\Rest Ungelabelt\448e31013dec4f5ab3596054416fffc6.png,ABAP Dictionary,0.151840478181839,"['ABAP Dictionary', 'Bewegungsdaten', 'Datenvorschau', 'Composite Provider', 'Transformationen']","[0.151840478181839, 0.08153395354747772, 0.0709335058927536, 0.06983054429292679, 0.06980077177286148]"
..\Data\Rest Ungelabelt\448f515cecdc4b5a81736773db3d15dc.png,Bewegungsdaten,0.1447509527206421,"['Bewegungsdaten', 'ABAP Dictionary', 'Data Flow Object', 'Datenvorschau', 'BW4Cockpit (Stammdaten)']","[0.1447509527206421, 0.08123215287923813, 0.07687871903181076, 0.0701213926076889, 0.06977556645870209]"
..\Data\Rest Ungelabelt\44aabb88018a42018255e6734edf3dc9.jpeg,Transformationen,0.10864293575286865,"['Transformationen', 'Query', 'Data Source', 'Composite Provider', 'Datenvorschau']","[0.10864293575286865, 0.08859416842460632, 0.08713274449110031, 0.0732637420296669, 0.07264222204685211]"
..\Data\Rest Ungelabelt\44b3670505f14e5c8f808583b65e8cc0.jpeg,Data Store Object,0.1844109445810318,"['Data Store Object', 'BW4Cockpit (Stammdaten)', 'DTP', 'Composite Provider', 'Query']","[0.1844109445810318, 0.06800679862499237, 0.06800155341625214, 0.0679638609290123, 0.06796182692050934]"
..\Data\Rest Ungelabelt\44b5ab31d08f431393c0f07dbacb62db.png,Data Store Object,0.16602103412151337,"['Data Store Object', 'DTP', 'ABAP Dictionary', 'Bewegungsdaten', 'BW4Cockpit (Stammdaten)']","[0.16602103412151337, 0.07142345607280731, 0.07085129618644714, 0.06995151191949844, 0.06990891695022583]"
..\Data\Rest Ungelabelt\44dd695d5c2a4a559bca722f39eee7e5.png,Query,0.18427588045597076,"['Query', 'Data Source', 'Data Store Object', 'BW4Cockpit (Stammdaten)', 'Data Mart']","[0.18427588045597076, 0.06801129132509232, 0.06800469011068344, 0.06799323856830597, 0.06799249351024628]"
..\Data\Rest Ungelabelt\44eb70330711453588ae0a2d0d6d76b9.png,DTP,0.10710471868515015,"['DTP', 'Transformationen', 'Composite Provider', 'Query', 'Data Store Object']","[0.10710471868515015, 0.09690053761005402, 0.0822516679763794, 0.07347999513149261, 0.07279607653617859]"
..\Data\Rest Ungelabelt\44ed7bc64d654571a89985d18ad4faf3.png,Composite Provider,0.10434151440858841,"['Composite Provider', 'Datenvorschau', 'Data Store Object', 'DTP', 'Bewegungsdaten']","[0.10434151440858841, 0.09540608525276184, 0.08389095962047577, 0.07632781565189362, 0.07179415225982666]"
..\Data\Rest Ungelabelt\450c8cd31124402d98ad86a08cfeb20d.png,DTP,0.18390105664730072,"['DTP', 'Data Store Object', 'Bewegungsdaten', 'BW4Cockpit (Stammdaten)', 'Excel']","[0.18390105664730072, 0.06806731969118118, 0.06805605441331863, 0.06804553419351578, 0.06802187114953995]"
..\Data\Rest Ungelabelt\4522617f47c14de4963705f57287611c.png,Data Flow Object,0.17973072826862335,"['Data Flow Object', 'Composite Provider', 'Transformationen', 'Data Store Object', 'Query']","[0.17973072826862335, 0.07026929408311844, 0.0681910291314125, 0.0681857019662857, 0.06818343698978424]"
..\Data\Rest Ungelabelt\4527f78aec6c41e58fddb7f5258c3319.png,Query,0.17633119225502014,"['Query', 'Data Store Object', 'Data Source', 'Data Mart', 'BW4Cockpit (Stammdaten)']","[0.17633119225502014, 0.06998246163129807, 0.06931309401988983, 0.06892818957567215, 0.06848079711198807]"
..\Data\Rest Ungelabelt\4532f87b0fcd4b05b26b2ac77ebfe3a9.jpeg,Data Store Object,0.17816244065761566,"['Data Store Object', 'Data Mart', 'Data Source', 'Datenvorschau', 'Query']","[0.17816244065761566, 0.070017971098423, 0.06876155734062195, 0.0685698613524437, 0.06843684613704681]"
..\Data\Rest Ungelabelt\4561427935824299929faeaa36adf23c.png,Query,0.18468520045280457,"['Query', 'Data Store Object', 'Data Flow Object', 'Data Mart', 'BW4Cockpit (Stammdaten)']","[0.18468520045280457, 0.0679430440068245, 0.06794297695159912, 0.06794297695159912, 0.06794296205043793]"
..\Data\Rest Ungelabelt\4587e003c0904a90809f068192dc82ff.png,Excel,0.18458017706871033,"['Excel', 'Bewegungsdaten', 'DTP', 'Transformationen', 'Data Flow Object']","[0.18458017706871033, 0.06796480715274811, 0.0679565817117691, 0.06795205920934677, 0.06795135140419006]"
..\Data\Rest Ungelabelt\458a26cd3e9e4d4198677e278d08e9d0.png,Excel,0.18450476229190826,"['Excel', 'Bewegungsdaten', 'ABAP Dictionary', 'Transformationen', 'Data Flow Object']","[0.18450476229190826, 0.06799859553575516, 0.06795932352542877, 0.06795912235975266, 0.06795558333396912]"
..\Data\Rest Ungelabelt\45a9dbe48abc4600b0cbab7b6e7915bc.jpeg,Data Flow Object,0.17777439951896667,"['Data Flow Object', 'Composite Provider', 'Query', 'Data Store Object', 'ABAP Dictionary']","[0.17777439951896667, 0.07050374895334244, 0.0685584545135498, 0.06843516230583191, 0.06833017617464066]"
..\Data\Rest Ungelabelt\45abf6974f1b46b58c27c2ddab8ca53d.jpeg,Data Store Object,0.15310677886009216,"['Data Store Object', 'DTP', 'Data Source', 'ABAP Dictionary', 'BW4Cockpit (Stammdaten)']","[0.15310677886009216, 0.0751657709479332, 0.07495632767677307, 0.07146197557449341, 0.0702967718243599]"
..\Data\Rest Ungelabelt\45baa7ef33b34636ac1b74c898b32afe.png,Composite Provider,0.139805868268013,"['Composite Provider', 'Data Store Object', 'Transformationen', 'DTP', 'Datenvorschau']","[0.139805868268013, 0.07585003226995468, 0.073938749730587, 0.07374952733516693, 0.0722176656126976]"
..\Data\Rest Ungelabelt\45c28356d46b4729a02c3397b3332c4e.png,ABAP Dictionary,0.1542695164680481,"['ABAP Dictionary', 'Transformationen', 'Bewegungsdaten', 'Data Source', 'Datenvorschau']","[0.1542695164680481, 0.0762353241443634, 0.07121661305427551, 0.07097611576318741, 0.07083094120025635]"
..\Data\Rest Ungelabelt\45c8eb21e79442a48bdfaa176637ebb9.png,Query,0.10469920188188553,"['Query', 'Data Store Object', 'Data Source', 'DTP', 'ABAP Dictionary']","[0.10469920188188553, 0.09876822680234909, 0.08120647817850113, 0.07348550856113434, 0.07281916588544846]"
..\Data\Rest Ungelabelt\45d1d698cbe34a4b975513e7e13de822.png,Excel,0.1846114844083786,"['Excel', 'Datenvorschau', 'Composite Provider', 'Data Store Object', 'Query']","[0.1846114844083786, 0.06795825809240341, 0.06795255094766617, 0.06795106828212738, 0.06794977933168411]"
..\Data\Rest Ungelabelt\462b48f92927482aa18dcb73b642e469.jpeg,Data Store Object,0.14655748009681702,"['Data Store Object', 'Composite Provider', 'DTP', 'Datenvorschau', 'Transformationen']","[0.14655748009681702, 0.07639911770820618, 0.0763436034321785, 0.07128593325614929, 0.07059216499328613]"
..\Data\Rest Ungelabelt\463c056b877949bcb50de18599dfdca2.jpeg,ABAP Dictionary,0.18468743562698364,"['ABAP Dictionary', 'BW4Cockpit (Stammdaten)', 'DTP', 'Transformationen', 'Bewegungsdaten']","[0.18468743562698364, 0.06794272363185883, 0.06794272363185883, 0.06794272363185883, 0.06794271618127823]"
..\Data\Rest Ungelabelt\464ce7dd70374909b47e7999e8284bc8.png,Excel,0.1846671998500824,"['Excel', 'Bewegungsdaten', 'Composite Provider', 'Datenvorschau', 'DTP']","[0.1846671998500824, 0.06794768571853638, 0.06794514507055283, 0.06794466823339462, 0.06794423609972]"
..\Data\Rest Ungelabelt\465ec5705fb84704a0a3f55d45322b0f.jpeg,Excel,0.13805140554904938,"['Excel', 'Transformationen', 'Composite Provider', 'ABAP Dictionary', 'Data Flow Object']","[0.13805140554904938, 0.08867409825325012, 0.07290332764387131, 0.07056717574596405, 0.0705476626753807]"
..\Data\Rest Ungelabelt\466ada175c854a8a9b4456a2099fe922.jpeg,Datenvorschau,0.1747061312198639,"['Datenvorschau', 'BW4Cockpit (Stammdaten)', 'Data Source', 'Query', 'Excel']","[0.1747061312198639, 0.07007346302270889, 0.0697082057595253, 0.06965330988168716, 0.06846566498279572]"
..\Data\Rest Ungelabelt\466cc3f3b76b4599956afb3943a9c08e.png,Query,0.10391845554113388,"['Query', 'Data Store Object', 'Data Source', 'Data Mart', 'BW4Cockpit (Stammdaten)']","[0.10391845554113388, 0.09600647538900375, 0.09258907288312912, 0.07104706019163132, 0.07102109491825104]"
..\Data\Rest Ungelabelt\46952fa534d741fdbf18e307d546b901.png,Data Source,0.10106788575649261,"['Data Source', 'Query', 'Data Store Object', 'Data Mart', 'Datenvorschau']","[0.10106788575649261, 0.10002429038286209, 0.09010475873947144, 0.07228652387857437, 0.0711052417755127]"
..\Data\Rest Ungelabelt\46add69ebb544bd1a38d044b564d61c2.png,Query,0.1165870651602745,"['Query', 'Composite Provider', 'Transformationen', 'Data Store Object', 'Data Mart']","[0.1165870651602745, 0.08167142421007156, 0.0802430808544159, 0.07507827132940292, 0.07453854382038116]"
..\Data\Rest Ungelabelt\46bf9a2c43cc4566bae0008eb61ef7e1.jpeg,Query,0.10648706555366516,"['Query', 'Composite Provider', 'Data Store Object', 'DTP', 'Datenvorschau']","[0.10648706555366516, 0.0871346965432167, 0.08458706736564636, 0.0754387229681015, 0.07298333942890167]"
..\Data\Rest Ungelabelt\46d7e186cfdc4606beb2c0aa4b1a3cee.png,DTP,0.15293718874454498,"['DTP', 'Data Store Object', 'Bewegungsdaten', 'Excel', 'Composite Provider']","[0.15293718874454498, 0.07587376236915588, 0.07141394168138504, 0.07100437581539154, 0.07055345922708511]"
..\Data\Rest Ungelabelt\46e492dffd1d447bbbc4b3acc2f228ae.jpeg,Data Source,0.10805559158325195,"['Data Source', 'Data Store Object', 'ABAP Dictionary', 'BW4Cockpit (Stammdaten)', 'Datenvorschau']","[0.10805559158325195, 0.09598790109157562, 0.07496990263462067, 0.07417777925729752, 0.07352939993143082]"
..\Data\Rest Ungelabelt\4711aeba57734fc981331831383c8f67.png,DTP,0.18234401941299438,"['DTP', 'ABAP Dictionary', 'BW4Cockpit (Stammdaten)', 'Bewegungsdaten', 'Data Store Object']","[0.18234401941299438, 0.06871786713600159, 0.06836653500795364, 0.06806080788373947, 0.06806015223264694]"
..\Data\Rest Ungelabelt\4721d1ed5d0d45409740a174ed73e00b.png,Transformationen,0.12394603341817856,"['Transformationen', 'Data Source', 'Datenvorschau', 'Composite Provider', 'Query']","[0.12394603341817856, 0.0895761176943779, 0.0771729052066803, 0.07328696548938751, 0.07197678089141846]"
..\Data\Rest Ungelabelt\4747336531b94b4b98a75c5b603c26fc.png,Query,0.18459053337574005,"['Query', 'DTP', 'Data Source', 'Data Store Object', 'Composite Provider']","[0.18459053337574005, 0.0679628849029541, 0.06795842945575714, 0.0679527297616005, 0.06795060634613037]"
..\Data\Rest Ungelabelt\47546cec77814203bd8d62a914d30b63.png,Query,0.15206551551818848,"['Query', 'Data Source', 'Data Store Object', 'Data Mart', 'Transformationen']","[0.15206551551818848, 0.0772135779261589, 0.07216885685920715, 0.07089604437351227, 0.07038386911153793]"
..\Data\Rest Ungelabelt\479f4da0596b4dcc8265101dca353398.png,Datenvorschau,0.17097367346286774,"['Datenvorschau', 'Data Store Object', 'Bewegungsdaten', 'Composite Provider', 'DTP']","[0.17097367346286774, 0.07151789963245392, 0.07041802257299423, 0.06934494525194168, 0.06874749809503555]"
..\Data\Rest Ungelabelt\47db19a0258a48c3a73da9115c8894b4.png,Data Store Object,0.13080981373786926,"['Data Store Object', 'Data Mart', 'Query', 'Datenvorschau', 'Data Source']","[0.13080981373786926, 0.09136413782835007, 0.07400885969400406, 0.07219153642654419, 0.07079285383224487]"
..\Data\Rest Ungelabelt\47de1310da484508a3b66b222f1d5897.jpeg,BW4Cockpit (Stammdaten),0.11381635814905167,"['BW4Cockpit (Stammdaten)', 'Data Source', 'Data Store Object', 'Composite Provider', 'ABAP Dictionary']","[0.11381635814905167, 0.08706822246313095, 0.08095403760671616, 0.07753117382526398, 0.0735655277967453]"
..\Data\Rest Ungelabelt\47e1dc943cf84f1ea63e7cfbe3b827da.png,Data Store Object,0.1833537220954895,"['Data Store Object', 'Composite Provider', 'Data Source', 'Data Mart', 'Datenvorschau']","[0.1833537220954895, 0.0682467669248581, 0.06818380206823349, 0.06811568140983582, 0.06803259998559952]"
..\Data\Rest Ungelabelt\480230c3d1f84cd0ad0fc8a8c8b7b32e.png,Query,0.1690593659877777,"['Query', 'Data Source', 'Datenvorschau', 'Data Store Object', 'BW4Cockpit (Stammdaten)']","[0.1690593659877777, 0.07188347727060318, 0.0701872855424881, 0.06993664056062698, 0.06907740235328674]"
..\Data\Rest Ungelabelt\4818ad866330460ba2662985aa0b3a92.png,Data Flow Object,0.18457607924938202,"['Data Flow Object', 'Composite Provider', 'Datenvorschau', 'DTP', 'ABAP Dictionary']","[0.18457607924938202, 0.06799230724573135, 0.06794990599155426, 0.06794831156730652, 0.06794821470975876]"
..\Data\Rest Ungelabelt\48315acf74914aa583fc0cf9dffe6532.png,Transformationen,0.12013242393732071,"['Transformationen', 'Data Source', 'Datenvorschau', 'Composite Provider', 'Query']","[0.12013242393732071, 0.08743622153997421, 0.08103843778371811, 0.0754065066576004, 0.07105670124292374]"
..\Data\Rest Ungelabelt\483d298e85d640259591ae0df7ea51c5.png,Bewegungsdaten,0.1168750524520874,"['Bewegungsdaten', 'ABAP Dictionary', 'Datenvorschau', 'BW4Cockpit (Stammdaten)', 'Data Source']","[0.1168750524520874, 0.11044039577245712, 0.07195261120796204, 0.07021749764680862, 0.07011628895998001]"
..\Data\Rest Ungelabelt\4877240bd08c4476b148118a2886ef6c.jpeg,Query,0.11676198989152908,"['Query', 'Data Source', 'DTP', 'Datenvorschau', 'Transformationen']","[0.11676198989152908, 0.09618791192770004, 0.0760083794593811, 0.07407213747501373, 0.07179098576307297]"
..\Data\Rest Ungelabelt\48895c61f07d4c6ea79ef9c6615be53e.png,Excel,0.18454481661319733,"['Excel', 'Bewegungsdaten', 'Transformationen', 'Data Flow Object', 'ABAP Dictionary']","[0.18454481661319733, 0.06800241768360138, 0.0679534524679184, 0.0679505243897438, 0.06795043498277664]"
..\Data\Rest Ungelabelt\48b3702a1e1f40cf8e9f66cf626012dd.png,Datenvorschau,0.0979127287864685,"['Datenvorschau', 'Data Store Object', 'Composite Provider', 'Data Mart', 'Data Source']","[0.0979127287864685, 0.08532493561506271, 0.0852939561009407, 0.0846746638417244, 0.0772421807050705]"
..\Data\Rest Ungelabelt\48c278dc33884ebabed22f6d7a200206.png,Query,0.1819463074207306,"['Query', 'Data Store Object', 'Data Source', 'Data Mart', 'Composite Provider']","[0.1819463074207306, 0.06852178275585175, 0.06829126924276352, 0.06821591407060623, 0.06819744408130646]"
..\Data\Rest Ungelabelt\48f3298ee4c44e66a63c736d05795857.jpeg,Bewegungsdaten,0.17814312875270844,"['Bewegungsdaten', 'Datenvorschau', 'ABAP Dictionary', 'Data Store Object', 'BW4Cockpit (Stammdaten)']","[0.17814312875270844, 0.0694698840379715, 0.06928571313619614, 0.06846846640110016, 0.0683646872639656]"
..\Data\Rest Ungelabelt\490baf26cb264e72847f325c49953d4d.jpeg,Data Store Object,0.10747570544481277,"['Data Store Object', 'Query', 'Composite Provider', 'Datenvorschau', 'Data Mart']","[0.10747570544481277, 0.08738147467374802, 0.07690847665071487, 0.07576592266559601, 0.07501278817653656]"
..\Data\Rest Ungelabelt\4913dd66791f42e9924efe4ec2d93fe2.png,Data Store Object,0.1467389613389969,"['Data Store Object', 'Data Source', 'Data Mart', 'Datenvorschau', 'Query']","[0.1467389613389969, 0.0844724103808403, 0.0734579861164093, 0.0696646124124527, 0.06954478472471237]"
..\Data\Rest Ungelabelt\4936d2b1593946d6abc425838d626077.png,Query,0.17080101370811462,"['Query', 'Data Source', 'Datenvorschau', 'Data Store Object', 'Transformationen']","[0.17080101370811462, 0.07109823822975159, 0.07030035555362701, 0.06959173083305359, 0.06890111416578293]"
..\Data\Rest Ungelabelt\494d57e1c98b43ecbad355b8407e1a7e.jpeg,Data Store Object,0.17929260432720184,"['Data Store Object', 'Data Mart', 'Query', 'Datenvorschau', 'BW4Cockpit (Stammdaten)']","[0.17929260432720184, 0.06994505971670151, 0.06852579861879349, 0.06832356005907059, 0.06822934746742249]"
..\Data\Rest Ungelabelt\49513b032a9e4f1093da961b833e21a4.png,ABAP Dictionary,0.1845267117023468,"['ABAP Dictionary', 'DTP', 'BW4Cockpit (Stammdaten)', 'Bewegungsdaten', 'Data Store Object']","[0.1845267117023468, 0.06801606714725494, 0.06795134395360947, 0.06795070320367813, 0.06795070320367813]"
..\Data\Rest Ungelabelt\49580320f0214a69aecf67be4ef5c81b.png,Data Store Object,0.17594493925571442,"['Data Store Object', 'Query', 'Data Source', 'BW4Cockpit (Stammdaten)', 'DTP']","[0.17594493925571442, 0.07014169543981552, 0.06954322010278702, 0.06875313073396683, 0.06866315752267838]"
..\Data\Rest Ungelabelt\4960cf62bf0b4148a76462df5e8899e5.png,BW4Cockpit (Stammdaten),0.10218183696269989,"['BW4Cockpit (Stammdaten)', 'Data Store Object', 'DTP', 'ABAP Dictionary', 'Data Flow Object']","[0.10218183696269989, 0.09010108560323715, 0.08502274751663208, 0.08460073173046112, 0.07203452289104462]"
..\Data\Rest Ungelabelt\49611889e0e743468bbbe6618cae0266.png,Query,0.1669151932001114,"['Query', 'Data Source', 'Datenvorschau', 'Data Store Object', 'DTP']","[0.1669151932001114, 0.07148687541484833, 0.07037848979234695, 0.07037331908941269, 0.06936268508434296]"
..\Data\Rest Ungelabelt\49682c9b27d644de88eba63f28aa6ca1.png,Query,0.1840175837278366,"['Query', 'Data Source', 'BW4Cockpit (Stammdaten)', 'Data Store Object', 'Data Mart']","[0.1840175837278366, 0.06814824044704437, 0.06802094727754593, 0.0680030956864357, 0.06798539310693741]"
..\Data\Rest Ungelabelt\4988579610094e1ebec521da1abb28a1.png,Query,0.17842254042625427,"['Query', 'Data Source', 'Data Store Object', 'Transformationen', 'ABAP Dictionary']","[0.17842254042625427, 0.06951356679201126, 0.0685734823346138, 0.06853220611810684, 0.06849522888660431]"
..\Data\Rest Ungelabelt\49a8927942f74e5c8a44ee2facd9617e.jpeg,Query,0.10311474651098251,"['Query', 'Data Source', 'Datenvorschau', 'Transformationen', 'DTP']","[0.10311474651098251, 0.09037356823682785, 0.08525929600000381, 0.07764220982789993, 0.07280991226434708]"
..\Data\Rest Ungelabelt\49aa0da08e91459fb463b39da37b8ed1.jpeg,Data Source,0.10898943245410919,"['Data Source', 'Datenvorschau', 'Query', 'Transformationen', 'DTP']","[0.10898943245410919, 0.08267990499734879, 0.08238682150840759, 0.07868936657905579, 0.07677799463272095]"
..\Data\Rest Ungelabelt\49cd90d0487645a7b7e0cae052cdd44c.jpeg,ABAP Dictionary,0.12970586121082306,"['ABAP Dictionary', 'Composite Provider', 'Data Flow Object', 'Transformationen', 'Data Source']","[0.12970586121082306, 0.09046299755573273, 0.07800568640232086, 0.07054775953292847, 0.07037635147571564]"
..\Data\Rest Ungelabelt\49d11e682d0a486887e64c8c35dbbccc.png,Query,0.11811990290880203,"['Query', 'Data Source', 'Data Store Object', 'Datenvorschau', 'Data Mart']","[0.11811990290880203, 0.08575336635112762, 0.08026685565710068, 0.0766739770770073, 0.07244130223989487]"
..\Data\Rest Ungelabelt\49db93329173494886189220d496b82b.png,Data Flow Object,0.1822882741689682,"['Data Flow Object', 'Composite Provider', 'ABAP Dictionary', 'Datenvorschau', 'DTP']","[0.1822882741689682, 0.06902529299259186, 0.06807423382997513, 0.06806571781635284, 0.0680626630783081]"
..\Data\Rest Ungelabelt\4a0388850f7d4a319daaa43a319012ae.jpeg,Datenvorschau,0.13928009569644928,"['Datenvorschau', 'Data Store Object', 'Data Source', 'Query', 'Data Mart']","[0.13928009569644928, 0.08989539742469788, 0.07143960148096085, 0.07056919485330582, 0.07052423059940338]"
..\Data\Rest Ungelabelt\4a0cc30df70a480ab690218ee0ff140b.png,Query,0.1846456676721573,"['Query', 'Data Store Object', 'Data Mart', 'BW4Cockpit (Stammdaten)', 'Datenvorschau']","[0.1846456676721573, 0.06795085966587067, 0.06794784963130951, 0.06794694066047668, 0.06794685870409012]"
..\Data\Rest Ungelabelt\4a12b2d1c5584c0483fb238a185d001e.png,Transformationen,0.10876349359750748,"['Transformationen', 'Datenvorschau', 'Data Source', 'Excel', 'Data Flow Object']","[0.10876349359750748, 0.08790826052427292, 0.08119794726371765, 0.07813811302185059, 0.07410372793674469]"
..\Data\Rest Ungelabelt\4a60a25b4fdf4bb7b3bcd82694b46b84.jpeg,Excel,0.17919959127902985,"['Excel', 'Bewegungsdaten', 'ABAP Dictionary', 'Transformationen', 'Data Flow Object']","[0.17919959127902985, 0.07007701694965363, 0.0685868039727211, 0.06824768334627151, 0.06823641806840897]"
..\Data\Rest Ungelabelt\4a72d15edf544447b06518fdd612e0fe.jpeg,Data Store Object,0.13502806425094604,"['Data Store Object', 'Composite Provider', 'Data Mart', 'Query', 'Transformationen']","[0.13502806425094604, 0.09589937329292297, 0.0706138163805008, 0.06991874426603317, 0.0699043944478035]"
..\Data\Rest Ungelabelt\4ac174d9aa89407eb721ca92c61bbf42.png,Query,0.135045126080513,"['Query', 'Data Store Object', 'Data Source', 'ABAP Dictionary', 'DTP']","[0.135045126080513, 0.08554231375455856, 0.07690759748220444, 0.07117648422718048, 0.07053201645612717]"
..\Data\Rest Ungelabelt\4ac2f681423845b88383dd79713ff485.png,Data Source,0.18430645763874054,"['Data Source', 'Datenvorschau', 'Data Store Object', 'Data Mart', 'BW4Cockpit (Stammdaten)']","[0.18430645763874054, 0.06807957589626312, 0.06798958033323288, 0.06796617805957794, 0.067963607609272]"
..\Data\Rest Ungelabelt\4ad33b9700c14104a33fbe5db18e0d97.png,Data Store Object,0.11519064009189606,"['Data Store Object', 'Composite Provider', 'Query', 'Data Source', 'Datenvorschau']","[0.11519064009189606, 0.10075697302818298, 0.07493055611848831, 0.074149489402771, 0.07107484340667725]"
..\Data\Rest Ungelabelt\4b03ccab31e24abfaad0bf23ad9ffcd8.png,Transformationen,0.1836063414812088,"['Transformationen', 'Data Source', 'ABAP Dictionary', 'Data Flow Object', 'Composite Provider']","[0.1836063414812088, 0.0683445930480957, 0.0680508092045784, 0.06801087409257889, 0.06800537556409836]"
..\Data\Rest Ungelabelt\4b2a4071aa714e29a9b5049f18c723e8.png,Data Source,0.09499049186706543,"['Data Source', 'Query', 'Data Store Object', 'DTP', 'Data Mart']","[0.09499049186706543, 0.09455946087837219, 0.08513783663511276, 0.0746978372335434, 0.07440079748630524]"
..\Data\Rest Ungelabelt\4b7adbcbe12945cfb2b5837ccf7d60e0.png,Bewegungsdaten,0.125091090798378,"['Bewegungsdaten', 'Datenvorschau', 'Composite Provider', 'Data Source', 'Data Store Object']","[0.125091090798378, 0.08252933621406555, 0.07859493046998978, 0.07558244466781616, 0.07301831245422363]"
..\Data\Rest Ungelabelt\4b7f5a8dd3b743268e464f929a304764.png,Data Store Object,0.11367443948984146,"['Data Store Object', 'Composite Provider', 'Data Mart', 'Data Source', 'Datenvorschau']","[0.11367443948984146, 0.09543539583683014, 0.07704415917396545, 0.07580189406871796, 0.07193274050951004]"
..\Data\Rest Ungelabelt\4bb4f2d085834e738cc52f506226ad3d.jpeg,Data Source,0.1477169245481491,"['Data Source', 'Query', 'Data Store Object', 'Datenvorschau', 'Data Mart']","[0.1477169245481491, 0.07637035101652145, 0.07320086658000946, 0.07265184074640274, 0.07197503000497818]"
..\Data\Rest Ungelabelt\4bbdc1e4e06e47ff9be43603bc4f867c.png,Query,0.1846851408481598,"['Query', 'Composite Provider', 'BW4Cockpit (Stammdaten)', 'Data Source', 'Data Flow Object']","[0.1846851408481598, 0.06794317811727524, 0.0679430216550827, 0.06794293224811554, 0.06794289499521255]"
..\Data\Rest Ungelabelt\4bc78703b4ea4936b0f6d1b286a28e62.png,Datenvorschau,0.09793533384799957,"['Datenvorschau', 'Bewegungsdaten', 'Composite Provider', 'Data Source', 'Transformationen']","[0.09793533384799957, 0.09449852257966995, 0.0805198922753334, 0.07895974814891815, 0.07584314048290253]"
..\Data\Rest Ungelabelt\4bcb5616ca8849b7b8f50fc8f111f9f0.png,DTP,0.12389340251684189,"['DTP', 'BW4Cockpit (Stammdaten)', 'Bewegungsdaten', 'Data Source', 'ABAP Dictionary']","[0.12389340251684189, 0.08722969889640808, 0.07608471065759659, 0.07555729150772095, 0.07361464202404022]"
..\Data\Rest Ungelabelt\4bff91d490e44a619ed6529b1b70c9ce.png,Data Store Object,0.09231141209602356,"['Data Store Object', 'Composite Provider', 'Transformationen', 'Data Source', 'ABAP Dictionary']","[0.09231141209602356, 0.08777035027742386, 0.08594159781932831, 0.08438330143690109, 0.07386389374732971]"
..\Data\Rest Ungelabelt\4c30b8e457394bff9838d621ba86b885.png,Bewegungsdaten,0.17772401869297028,"['Bewegungsdaten', 'Excel', 'ABAP Dictionary', 'BW4Cockpit (Stammdaten)', 'Data Flow Object']","[0.17772401869297028, 0.07128555327653885, 0.06827336549758911, 0.06827203929424286, 0.06827203184366226]"
..\Data\Rest Ungelabelt\4c8daee6d87146f5b5af44f602e3fd2f.png,Excel,0.18253280222415924,"['Excel', 'Data Flow Object', 'Transformationen', 'Composite Provider', 'Bewegungsdaten']","[0.18253280222415924, 0.06840715557336807, 0.0681997761130333, 0.06819716840982437, 0.0681404396891594]"
..\Data\Rest Ungelabelt\4c93b8e133fe496788493f1b81491c69.jpeg,DTP,0.1312609612941742,"['DTP', 'Data Source', 'Datenvorschau', 'Data Store Object', 'Query']","[0.1312609612941742, 0.08417147397994995, 0.08123540878295898, 0.07109687477350235, 0.07073245942592621]"
..\Data\Rest Ungelabelt\4ca19c5195b74e6c95530aff8bfc3fcd.png,Data Source,0.1404874324798584,"['Data Source', 'Data Store Object', 'Data Mart', 'Datenvorschau', 'Query']","[0.1404874324798584, 0.08811206370592117, 0.07236282527446747, 0.07145550101995468, 0.0698254257440567]"
..\Data\Rest Ungelabelt\4ca7d5407c5348a2b636ab2eedf49d75.png,Data Store Object,0.17513687908649445,"['Data Store Object', 'Data Mart', 'Data Source', 'Query', 'Datenvorschau']","[0.17513687908649445, 0.07174232602119446, 0.06913841515779495, 0.06841987371444702, 0.06841829419136047]"
..\Data\Rest Ungelabelt\4cbbe171f974479782535b46d422f8c5.png,Excel,0.184354767203331,"['Excel', 'Datenvorschau', 'Composite Provider', 'Bewegungsdaten', 'Data Store Object']","[0.184354767203331, 0.06800331920385361, 0.06800045073032379, 0.06797458231449127, 0.06797395646572113]"
..\Data\Rest Ungelabelt\4cbca9cedec945e4ad08069bf642a4d8.png,Composite Provider,0.11897800117731094,"['Composite Provider', 'Data Store Object', 'Data Mart', 'Transformationen', 'Data Source']","[0.11897800117731094, 0.08086861670017242, 0.0787012055516243, 0.07699927687644958, 0.07549209892749786]"
..\Data\Rest Ungelabelt\4cbde9e3298c486ab14be91f050fe863.png,Query,0.18441693484783173,"['Query', 'Data Source', 'Data Mart', 'Data Store Object', 'Datenvorschau']","[0.18441693484783173, 0.06805145740509033, 0.06795988976955414, 0.06795915216207504, 0.06795873492956161]"
..\Data\Rest Ungelabelt\4cc59bf7a481425592064e3f912984ed.jpeg,Data Flow Object,0.18014772236347198,"['Data Flow Object', 'DTP', 'Composite Provider', 'BW4Cockpit (Stammdaten)', 'Excel']","[0.18014772236347198, 0.06913406401872635, 0.06853106617927551, 0.06829958409070969, 0.0682954490184784]"
..\Data\Rest Ungelabelt\4cd70bdb1c39453eb2ae917f1ddf9ed6.png,Excel,0.1844473034143448,"['Excel', 'Bewegungsdaten', 'Datenvorschau', 'Composite Provider', 'Transformationen']","[0.1844473034143448, 0.06798328459262848, 0.06797442585229874, 0.06796809285879135, 0.06796236336231232]"
..\Data\Rest Ungelabelt\4d20f8f55b0944c8a7e2a3b74a40a1d4.png,Data Store Object,0.13368873298168182,"['Data Store Object', 'Composite Provider', 'DTP', 'Data Source', 'BW4Cockpit (Stammdaten)']","[0.13368873298168182, 0.08141753822565079, 0.07775864750146866, 0.07211750745773315, 0.07202118635177612]"
..\Data\Rest Ungelabelt\4d606b77f4c34800bbd0130d0c8af7b4.png,Data Source,0.15045396983623505,"['Data Source', 'Data Store Object', 'Datenvorschau', 'Data Mart', 'Query']","[0.15045396983623505, 0.08065996319055557, 0.07406745105981827, 0.07003779709339142, 0.06944107264280319]"
..\Data\Rest Ungelabelt\4d93ba4978224bd79c7b25894643f6b2.jpeg,DTP,0.10149350017309189,"['DTP', 'Composite Provider', 'Data Store Object', 'Datenvorschau', 'Data Source']","[0.10149350017309189, 0.08855662494897842, 0.08252910524606705, 0.07886062562465668, 0.07563814520835876]"
..\Data\Rest Ungelabelt\4d9b73990cd14cdd844af5dab8549fe6.png,Data Store Object,0.08960611373186111,"['Data Store Object', 'Query', 'Datenvorschau', 'Composite Provider', 'Data Flow Object']","[0.08960611373186111, 0.08551781624555588, 0.08334630727767944, 0.08195743709802628, 0.07816828042268753]"
..\Data\Rest Ungelabelt\4daaac9cae7948aea3276166a755d9fd.png,Bewegungsdaten,0.0896182507276535,"['Bewegungsdaten', 'Excel', 'BW4Cockpit (Stammdaten)', 'Composite Provider', 'Data Flow Object']","[0.0896182507276535, 0.08101223409175873, 0.07847105711698532, 0.07712992280721664, 0.07702633738517761]"
..\Data\Rest Ungelabelt\4daecfe5d3c64ba48a25e4854b28cb70.png,Datenvorschau,0.08907819539308548,"['Datenvorschau', 'Data Source', 'Transformationen', 'Query', 'Composite Provider']","[0.08907819539308548, 0.08869785815477371, 0.08384574204683304, 0.07979799807071686, 0.07804645597934723]"
..\Data\Rest Ungelabelt\4dbaf038c90948d782951e92672c6d44.jpeg,Data Flow Object,0.1633823812007904,"['Data Flow Object', 'Datenvorschau', 'Composite Provider', 'Bewegungsdaten', 'ABAP Dictionary']","[0.1633823812007904, 0.07707424461841583, 0.06943681836128235, 0.06939256191253662, 0.06917976588010788]"
..\Data\Rest Ungelabelt\4de66c0c198e4b858650b76519847f97.png,Data Store Object,0.10145432502031326,"['Data Store Object', 'Data Source', 'BW4Cockpit (Stammdaten)', 'Composite Provider', 'Query']","[0.10145432502031326, 0.08629287034273148, 0.08467746526002884, 0.07770486176013947, 0.07503333687782288]"
..\Data\Rest Ungelabelt\4e362a72da0d4c85bccd8bab8242e6b7.png,Datenvorschau,0.13804011046886444,"['Datenvorschau', 'Composite Provider', 'DTP', 'Transformationen', 'Data Source']","[0.13804011046886444, 0.07428333163261414, 0.0734388455748558, 0.07327257096767426, 0.07257765531539917]"
..\Data\Rest Ungelabelt\4e49010d8f6b4663ac71cf82e0e84e15.png,Composite Provider,0.1205257847905159,"['Composite Provider', 'Datenvorschau', 'Transformationen', 'Data Flow Object', 'Excel']","[0.1205257847905159, 0.10436522960662842, 0.07234183698892593, 0.07063031196594238, 0.07050558924674988]"
..\Data\Rest Ungelabelt\4e53025ccf5b4e50b52004fe2c47c16e.png,Data Store Object,0.10117566585540771,"['Data Store Object', 'Query', 'Transformationen', 'Data Source', 'DTP']","[0.10117566585540771, 0.09874226152896881, 0.07820333540439606, 0.07776319980621338, 0.07267734408378601]"
..\Data\Rest Ungelabelt\4e840ab7eb9243a0b906651ede3a4ed0.png,Composite Provider,0.1033865436911583,"['Composite Provider', 'Query', 'Data Source', 'Data Store Object', 'Transformationen']","[0.1033865436911583, 0.10311789065599442, 0.07531087845563889, 0.07523465901613235, 0.07407097518444061]"
..\Data\Rest Ungelabelt\4eb5e4f411a84160b3f3c689944d6779.png,Query,0.18466117978096008,"['Query', 'Data Store Object', 'Data Mart', 'Datenvorschau', 'BW4Cockpit (Stammdaten)']","[0.18466117978096008, 0.06794854998588562, 0.06794584542512894, 0.06794574856758118, 0.06794499605894089]"
..\Data\Rest Ungelabelt\4ebd13751ea948219511cac163f383ad.png,Data Store Object,0.10101249068975449,"['Data Store Object', 'Composite Provider', 'Data Flow Object', 'Query', 'Datenvorschau']","[0.10101249068975449, 0.09116004407405853, 0.08269339054822922, 0.0751153901219368, 0.07435991615056992]"
..\Data\Rest Ungelabelt\4ec18bcca5114140882841b0110df9af.png,Datenvorschau,0.10064224153757095,"['Datenvorschau', 'Data Source', 'Composite Provider', 'Data Store Object', 'Data Mart']","[0.10064224153757095, 0.09549812972545624, 0.0804867371916771, 0.07856743782758713, 0.0734638124704361]"
..\Data\Rest Ungelabelt\4ec97dfcb40c4c879e97e364394217f6.png,Data Source,0.12029674649238586,"['Data Source', 'DTP', 'Query', 'Data Store Object', 'Transformationen']","[0.12029674649238586, 0.08617306500673294, 0.07835882157087326, 0.0760919451713562, 0.0721835047006607]"
..\Data\Rest Ungelabelt\4eedcddcf9904078988ace2240182dc6.jpeg,Query,0.18466903269290924,"['Query', 'Data Source', 'Data Mart', 'Composite Provider', 'BW4Cockpit (Stammdaten)']","[0.18466903269290924, 0.06794536858797073, 0.0679449513554573, 0.06794486939907074, 0.06794481724500656]"
..\Data\Rest Ungelabelt\4f031447c7544e80b36c1d32d8ccd04b.png,DTP,0.147934690117836,"['DTP', 'Data Store Object', 'Composite Provider', 'Datenvorschau', 'Transformationen']","[0.147934690117836, 0.0809885635972023, 0.0723847821354866, 0.07137066125869751, 0.07088331878185272]"
..\Data\Rest Ungelabelt\4f09c433bd474ae4ace9cae590632938.png,Data Flow Object,0.18461795151233673,"['Data Flow Object', 'Composite Provider', 'Datenvorschau', 'DTP', 'ABAP Dictionary']","[0.18461795151233673, 0.06797406077384949, 0.06794639676809311, 0.06794635951519012, 0.06794621795415878]"
..\Data\Rest Ungelabelt\4f14f861261b4a15a9ee537c2b21c919.png,Data Store Object,0.14996123313903809,"['Data Store Object', 'Data Source', 'BW4Cockpit (Stammdaten)', 'DTP', 'Composite Provider']","[0.14996123313903809, 0.07899431884288788, 0.07453780621290207, 0.06998573243618011, 0.06985877454280853]"
..\Data\Rest Ungelabelt\4f4ed734686d49d09e95c79b745074fa.png,Data Store Object,0.17810820043087006,"['Data Store Object', 'Data Source', 'Query', 'BW4Cockpit (Stammdaten)', 'DTP']","[0.17810820043087006, 0.06963018327951431, 0.06937231868505478, 0.06848503649234772, 0.06829366832971573]"
..\Data\Rest Ungelabelt\4f56a6db3a32400f9bd1175d59591500.png,Bewegungsdaten,0.16427011787891388,"['Bewegungsdaten', 'ABAP Dictionary', 'DTP', 'BW4Cockpit (Stammdaten)', 'Datenvorschau']","[0.16427011787891388, 0.07457900047302246, 0.0703633651137352, 0.07018524408340454, 0.06908286362886429]"
..\Data\Rest Ungelabelt\4f72c9813a544c7bb237e79471a810c0.png,Data Store Object,0.18467706441879272,"['Data Store Object', 'DTP', 'BW4Cockpit (Stammdaten)', 'Data Mart', 'Data Source']","[0.18467706441879272, 0.06794525682926178, 0.06794434040784836, 0.06794419139623642, 0.06794331967830658]"
..\Data\Rest Ungelabelt\4f9d25894a9347079d760199da4d6613.png,Data Flow Object,0.18467308580875397,"['Data Flow Object', 'Composite Provider', 'ABAP Dictionary', 'Excel', 'Datenvorschau']","[0.18467308580875397, 0.06794918328523636, 0.06794348359107971, 0.06794348359107971, 0.06794343143701553]"
..\Data\Rest Ungelabelt\4f9ffa1067204d6bbb3fbf800f9f43f0.png,Query,0.15306316316127777,"['Query', 'Data Store Object', 'Datenvorschau', 'DTP', 'Composite Provider']","[0.15306316316127777, 0.0740073025226593, 0.07262234389781952, 0.07168520987033844, 0.07158231735229492]"
..\Data\Rest Ungelabelt\4fadf62fa1ac456d9cc8d553a6147664.jpeg,Data Store Object,0.10073427110910416,"['Data Store Object', 'Query', 'Data Mart', 'Datenvorschau', 'Composite Provider']","[0.10073427110910416, 0.09616106003522873, 0.08565369248390198, 0.07524431496858597, 0.07296521216630936]"
..\Data\Rest Ungelabelt\4fb066868a4f4bdb8ded72d22ba1b8d7.png,Query,0.18465767800807953,"['Query', 'Data Flow Object', 'Composite Provider', 'Data Source', 'Datenvorschau']","[0.18465767800807953, 0.06794685870409012, 0.06794677674770355, 0.0679461881518364, 0.06794603168964386]"
..\Data\Rest Ungelabelt\4fb0b1fa7c004348aea0877c4cfd2776.png,Data Store Object,0.11079203337430954,"['Data Store Object', 'Data Source', 'Composite Provider', 'Transformationen', 'DTP']","[0.11079203337430954, 0.0947503000497818, 0.08299437910318375, 0.07270431518554688, 0.07205792516469955]"
..\Data\Rest Ungelabelt\4fc1b297247a43fa8bf2ed3cb4d3224b.png,Data Flow Object,0.18412643671035767,"['Data Flow Object', 'Composite Provider', 'ABAP Dictionary', 'Transformationen', 'Excel']","[0.18412643671035767, 0.06818713992834091, 0.06797603517770767, 0.06797457486391068, 0.06797178089618683]"
..\Data\Rest Ungelabelt\50211a59c3a0410bb6a44b872403d79d.png,Query,0.18459869921207428,"['Query', 'Composite Provider', 'Data Source', 'Data Mart', 'Data Flow Object']","[0.18459869921207428, 0.06795598566532135, 0.0679531916975975, 0.06795290857553482, 0.06795085221529007]"
..\Data\Rest Ungelabelt\505c9e963e4e472ba5ff8a5d80796dd9.jpeg,Query,0.1624467670917511,"['Query', 'Composite Provider', 'Transformationen', 'Data Flow Object', 'DTP']","[0.1624467670917511, 0.07727628946304321, 0.06965044140815735, 0.06940696388483047, 0.06919939815998077]"
..\Data\Rest Ungelabelt\509359f7fc0247c8abe50d13bca622a6.png,Query,0.17422614991664886,"['Query', 'Data Store Object', 'Data Source', 'Data Mart', 'BW4Cockpit (Stammdaten)']","[0.17422614991664886, 0.07079208642244339, 0.06925645470619202, 0.06884507834911346, 0.06878429651260376]"
..\Data\Rest Ungelabelt\509525b6ff184d5ba5266c51a749b94b.png,Data Store Object,0.18389318883419037,"['Data Store Object', 'DTP', 'BW4Cockpit (Stammdaten)', 'Data Mart', 'ABAP Dictionary']","[0.18389318883419037, 0.06821558624505997, 0.06800878793001175, 0.06800063699483871, 0.06799738854169846]"
..\Data\Rest Ungelabelt\509ef08c278f4c2aac8c0dd50e5a74e2.png,Query,0.14095450937747955,"['Query', 'Data Store Object', 'Data Source', 'ABAP Dictionary', 'Data Mart']","[0.14095450937747955, 0.08901689946651459, 0.0708201676607132, 0.0703805461525917, 0.07034116238355637]"
..\Data\Rest Ungelabelt\50ab6a8ec96c470e8d403b05fd7b8256.png,BW4Cockpit (Stammdaten),0.1844923347234726,"['BW4Cockpit (Stammdaten)', 'Query', 'Data Store Object', 'Excel', 'Datenvorschau']","[0.1844923347234726, 0.06802544742822647, 0.06795421242713928, 0.06795395910739899, 0.06795372813940048]"
..\Data\Rest Ungelabelt\50b169f1445345958cc945f5e86e270d.png,Bewegungsdaten,0.11354868113994598,"['Bewegungsdaten', 'BW4Cockpit (Stammdaten)', 'Datenvorschau', 'DTP', 'ABAP Dictionary']","[0.11354868113994598, 0.08227214962244034, 0.08006777614355087, 0.0755709707736969, 0.07307947427034378]"
..\Data\Rest Ungelabelt\50d7803e33284f3cae70285627e78e24.png,Transformationen,0.1287403255701065,"['Transformationen', 'Composite Provider', 'Data Source', 'Datenvorschau', 'Data Flow Object']","[0.1287403255701065, 0.08899122476577759, 0.07572637498378754, 0.07137935608625412, 0.07129140943288803]"
..\Data\Rest Ungelabelt\50f6fc1add954bc891b1b3dcec252595.png,Transformationen,0.1846834421157837,"['Transformationen', 'Excel', 'Composite Provider', 'Data Source', 'ABAP Dictionary']","[0.1846834421157837, 0.06794373691082001, 0.06794358044862747, 0.06794296950101852, 0.06794294714927673]"
..\Data\Rest Ungelabelt\50f95e0d70de40c6aec968ac09ef3b60.png,Data Source,0.13400740921497345,"['Data Source', 'Datenvorschau', 'DTP', 'ABAP Dictionary', 'Query']","[0.13400740921497345, 0.0841614156961441, 0.07995358109474182, 0.07068222016096115, 0.07040221244096756]"
..\Data\Rest Ungelabelt\51283429fdec4ac8b8c601a855ba7ea3.png,Data Store Object,0.16730567812919617,"['Data Store Object', 'Data Source', 'Query', 'Data Mart', 'BW4Cockpit (Stammdaten)']","[0.16730567812919617, 0.07271026074886322, 0.07133036851882935, 0.06908982247114182, 0.06908395886421204]"
..\Data\Rest Ungelabelt\51332fa9adc14cf88c9bbe554642e47a.png,Datenvorschau,0.11207056045532227,"['Datenvorschau', 'Data Store Object', 'Data Source', 'Data Mart', 'Composite Provider']","[0.11207056045532227, 0.10998265445232391, 0.07302935421466827, 0.07192184031009674, 0.0711929053068161]"
..\Data\Rest Ungelabelt\5151bfe8fac0420a9ec878049ebd62de.png,Transformationen,0.176156148314476,"['Transformationen', 'Excel', 'Composite Provider', 'DTP', 'Query']","[0.176156148314476, 0.07034525275230408, 0.06951425969600677, 0.0685548186302185, 0.06842537224292755]"
..\Data\Rest Ungelabelt\517b946b862249b6808682955223bfa5.png,BW4Cockpit (Stammdaten),0.18321895599365234,"['BW4Cockpit (Stammdaten)', 'Query', 'Excel', 'DTP', 'Datenvorschau']","[0.18321895599365234, 0.06847212463617325, 0.06808016449213028, 0.06804124265909195, 0.06803683936595917]"
..\Data\Rest Ungelabelt\519888e5a32e4624965dc08cd6854558.png,DTP,0.15105673670768738,"['DTP', 'ABAP Dictionary', 'Transformationen', 'Excel', 'Data Flow Object']","[0.15105673670768738, 0.08199566602706909, 0.07046229392290115, 0.07031642645597458, 0.07005289942026138]"
..\Data\Rest Ungelabelt\51b1b0642c0b4703b29e223d23fad2b3.png,Data Store Object,0.18363997340202332,"['Data Store Object', 'DTP', 'BW4Cockpit (Stammdaten)', 'Data Source', 'Query']","[0.18363997340202332, 0.06825487315654755, 0.0680750161409378, 0.06803357601165771, 0.06800869852304459]"
..\Data\Rest Ungelabelt\51d1a66aa2054058a966cc4deed1e215.png,DTP,0.18468448519706726,"['DTP', 'BW4Cockpit (Stammdaten)', 'ABAP Dictionary', 'Data Source', 'Transformationen']","[0.18468448519706726, 0.0679434984922409, 0.06794320046901703, 0.06794300675392151, 0.06794290989637375]"
..\Data\Rest Ungelabelt\52156c4504da4cc29c0b72149f25581b.png,Data Store Object,0.09113238006830215,"['Data Store Object', 'ABAP Dictionary', 'Data Source', 'Composite Provider', 'BW4Cockpit (Stammdaten)']","[0.09113238006830215, 0.08950358629226685, 0.08481551706790924, 0.08131186664104462, 0.07891502976417542]"
..\Data\Rest Ungelabelt\5230c248b49543508bdb977bc41b92f7.jpeg,Query,0.18434357643127441,"['Query', 'Data Source', 'DTP', 'Transformationen', 'Composite Provider']","[0.18434357643127441, 0.06809019297361374, 0.06796559691429138, 0.06796156615018845, 0.06796053797006607]"
..\Data\Rest Ungelabelt\523a727d0d794baaa09366f488003dfa.jpeg,BW4Cockpit (Stammdaten),0.11379329860210419,"['BW4Cockpit (Stammdaten)', 'Data Source', 'Data Store Object', 'Composite Provider', 'ABAP Dictionary']","[0.11379329860210419, 0.08707872033119202, 0.08097152411937714, 0.07748938351869583, 0.07359304279088974]"
..\Data\Rest Ungelabelt\5276587be942414aa7a5d921811509cc.jpeg,ABAP Dictionary,0.17384861409664154,"['ABAP Dictionary', 'Bewegungsdaten', 'BW4Cockpit (Stammdaten)', 'Datenvorschau', 'Transformationen']","[0.17384861409664154, 0.07286693900823593, 0.06857111304998398, 0.06855745613574982, 0.06849957257509232]"
..\Data\Rest Ungelabelt\52a3feb447ad490bbc306c48c4830a40.png,Query,0.18468345701694489,"['Query', 'Data Source', 'Data Mart', 'Data Store Object', 'Datenvorschau']","[0.18468345701694489, 0.06794334948062897, 0.06794333457946777, 0.06794318556785583, 0.06794318556785583]"
..\Data\Rest Ungelabelt\52a82f65fad74c5590b3092a2d0a3fa9.png,Query,0.18467949330806732,"['Query', 'Data Store Object', 'Data Mart', 'BW4Cockpit (Stammdaten)', 'Datenvorschau']","[0.18467949330806732, 0.06794479489326477, 0.0679439902305603, 0.06794355064630508, 0.06794322282075882]"
..\Data\Rest Ungelabelt\52c0be1bf8f241a885abb19c9fa4a92f.png,Composite Provider,0.09586798399686813,"['Composite Provider', 'Query', 'DTP', 'Data Store Object', 'Transformationen']","[0.09586798399686813, 0.08462958037853241, 0.08164549618959427, 0.08055516332387924, 0.07852819561958313]"
..\Data\Rest Ungelabelt\52c2b359d8fe4a428e825a0770fa4c4a.jpeg,ABAP Dictionary,0.16197583079338074,"['ABAP Dictionary', 'Datenvorschau', 'Data Source', 'Data Store Object', 'Composite Provider']","[0.16197583079338074, 0.07568445056676865, 0.07034368067979813, 0.07008753716945648, 0.06952401250600815]"
..\Data\Rest Ungelabelt\52e0f7491a794a609dbab023ca4a74e9.jpeg,Data Source,0.17954151332378387,"['Data Source', 'Datenvorschau', 'Data Store Object', 'Data Mart', 'BW4Cockpit (Stammdaten)']","[0.17954151332378387, 0.06924574077129364, 0.06909012794494629, 0.06837323307991028, 0.06820723414421082]"
..\Data\Rest Ungelabelt\530bb3faba514f668701f3bea7296011.jpeg,BW4Cockpit (Stammdaten),0.17750607430934906,"['BW4Cockpit (Stammdaten)', 'Excel', 'Query', 'Data Store Object', 'Bewegungsdaten']","[0.17750607430934906, 0.06934847682714462, 0.06934377551078796, 0.06864338368177414, 0.06848601996898651]"
..\Data\Rest Ungelabelt\530c518238884e01b6c26591b620b7ca.png,Data Source,0.18180789053440094,"['Data Source', 'Datenvorschau', 'DTP', 'Data Store Object', 'ABAP Dictionary']","[0.18180789053440094, 0.06898345798254013, 0.06825584918260574, 0.06818008422851562, 0.06809761375188828]"
..\Data\Rest Ungelabelt\5318d9b6ff2e4f188c9ddd67e010a51f.png,Query,0.18464013934135437,"['Query', 'Data Source', 'Transformationen', 'Composite Provider', 'Data Mart']","[0.18464013934135437, 0.06795953959226608, 0.0679469183087349, 0.06794582307338715, 0.06794574856758118]"
..\Data\Rest Ungelabelt\531bafee63b9452babce696a84ff3bd1.png,Composite Provider,0.17095838487148285,"['Composite Provider', 'Data Flow Object', 'DTP', 'Data Store Object', 'Transformationen']","[0.17095838487148285, 0.07363257557153702, 0.06941498070955276, 0.06865529716014862, 0.06861384958028793]"
..\Data\Rest Ungelabelt\5327969fd07c44ab8c82ec45267fb4bf.png,Data Store Object,0.17913174629211426,"['Data Store Object', 'Composite Provider', 'Query', 'DTP', 'Data Source']","[0.17913174629211426, 0.07025773823261261, 0.06831448525190353, 0.06828384846448898, 0.06826093047857285]"
..\Data\Rest Ungelabelt\533b7602808c443fab1e08bc7e52a28a.jpeg,ABAP Dictionary,0.09936819970607758,"['ABAP Dictionary', 'Data Source', 'Transformationen', 'Data Store Object', 'BW4Cockpit (Stammdaten)']","[0.09936819970607758, 0.08793876320123672, 0.07882968336343765, 0.07775091379880905, 0.07735707610845566]"
..\Data\Rest Ungelabelt\534028b4b01f4315a5069722309dbf85.png,Data Flow Object,0.1835811734199524,"['Data Flow Object', 'Composite Provider', 'ABAP Dictionary', 'Data Store Object', 'DTP']","[0.1835811734199524, 0.06845642626285553, 0.06799742579460144, 0.06799709051847458, 0.06799665838479996]"
..\Data\Rest Ungelabelt\5361f776c89843e48bbf4922d3ed1abc.png,Query,0.14654527604579926,"['Query', 'Composite Provider', 'Data Store Object', 'Transformationen', 'Datenvorschau']","[0.14654527604579926, 0.07816941291093826, 0.07411801069974899, 0.0722256600856781, 0.07134298235177994]"
..\Data\Rest Ungelabelt\537abb479f764b838f1e5644d3c9312b.png,Data Store Object,0.16665782034397125,"['Data Store Object', 'Datenvorschau', 'DTP', 'Data Mart', 'ABAP Dictionary']","[0.16665782034397125, 0.07065383344888687, 0.07026872038841248, 0.0702599287033081, 0.07024082541465759]"
..\Data\Rest Ungelabelt\53ac89e49628457a8dd4d21ff6bb52ac.jpeg,Data Source,0.09095074236392975,"['Data Source', 'Transformationen', 'Datenvorschau', 'Data Store Object', 'Data Mart']","[0.09095074236392975, 0.08662129938602448, 0.08275453746318817, 0.08164370805025101, 0.07774798572063446]"
..\Data\Rest Ungelabelt\53b42d51ec2245fea4e176e9fa0bb1bc.png,Query,0.11134283989667892,"['Query', 'Transformationen', 'Composite Provider', 'Data Flow Object', 'Excel']","[0.11134283989667892, 0.09723193943500519, 0.07797212898731232, 0.07358265668153763, 0.07223303616046906]"
..\Data\Rest Ungelabelt\53b8a64111ac4bd8835ef7acb6f7a75f.png,Composite Provider,0.13783416152000427,"['Composite Provider', 'Data Flow Object', 'Data Source', 'Data Store Object', 'DTP']","[0.13783416152000427, 0.07488613575696945, 0.07443368434906006, 0.07415443658828735, 0.07370584458112717]"
..\Data\Rest Ungelabelt\53d6e819fac845d48c01f4caec69604c.jpeg,Data Flow Object,0.18254287540912628,"['Data Flow Object', 'Composite Provider', 'DTP', 'Data Store Object', 'Datenvorschau']","[0.18254287540912628, 0.06894475221633911, 0.06804850697517395, 0.06804701685905457, 0.06804661452770233]"
..\Data\Rest Ungelabelt\53fbd36bbb564b59a3db5744b27a98d7.png,Transformationen,0.12084649503231049,"['Transformationen', 'Composite Provider', 'Data Source', 'Data Flow Object', 'Query']","[0.12084649503231049, 0.09113970398902893, 0.07739982008934021, 0.07202627509832382, 0.07183665782213211]"
..\Data\Rest Ungelabelt\544d6cd05a7e407e9dcc3f529824066c.png,Data Store Object,0.16626384854316711,"['Data Store Object', 'Query', 'Composite Provider', 'Data Source', 'Data Mart']","[0.16626384854316711, 0.07094863802194595, 0.0709126740694046, 0.07001689821481705, 0.0694640502333641]"
..\Data\Rest Ungelabelt\54533e4681a949f79274f76e8a931b07.jpeg,Transformationen,0.18426074087619781,"['Transformationen', 'Composite Provider', 'Excel', 'Data Flow Object', 'ABAP Dictionary']","[0.18426074087619781, 0.06807567179203033, 0.06800390034914017, 0.06797859817743301, 0.0679669976234436]"
..\Data\Rest Ungelabelt\545562d79b1843b69ae33fb91262810a.png,Datenvorschau,0.11152814328670502,"['Datenvorschau', 'Data Store Object', 'Composite Provider', 'DTP', 'Data Flow Object']","[0.11152814328670502, 0.08452236652374268, 0.08232681453227997, 0.07796322554349899, 0.07516279071569443]"
..\Data\Rest Ungelabelt\5480240399974cb3ae916f00e9ffb706.png,Query,0.17054109275341034,"['Query', 'Transformationen', 'Data Store Object', 'Data Mart', 'Data Source']","[0.17054109275341034, 0.07073783129453659, 0.06983387470245361, 0.06933017820119858, 0.06930864602327347]"
..\Data\Rest Ungelabelt\54820a854592416c94af7eed591a9967.png,Excel,0.184571772813797,"['Excel', 'Bewegungsdaten', 'Datenvorschau', 'DTP', 'Data Flow Object']","[0.184571772813797, 0.0679602101445198, 0.06795839965343475, 0.06795687973499298, 0.06795351952314377]"
..\Data\Rest Ungelabelt\5483a2c3fc72413d9b8de9215b3a003c.png,Query,0.18407763540744781,"['Query', 'Data Flow Object', 'Composite Provider', 'Datenvorschau', 'Data Source']","[0.18407763540744781, 0.06804000586271286, 0.06802913546562195, 0.0680157020688057, 0.06799528002738953]"
..\Data\Rest Ungelabelt\54f8e3c8b33842b2921766353bfe511f.jpeg,ABAP Dictionary,0.1268281191587448,"['ABAP Dictionary', 'DTP', 'Data Store Object', 'BW4Cockpit (Stammdaten)', 'Data Source']","[0.1268281191587448, 0.0856272429227829, 0.07685582339763641, 0.07324814051389694, 0.07225058972835541]"
..\Data\Rest Ungelabelt\5515700f63bb4800a57d780e1059fe70.png,Data Source,0.13684281706809998,"['Data Source', 'Data Store Object', 'Query', 'Datenvorschau', 'BW4Cockpit (Stammdaten)']","[0.13684281706809998, 0.08864244818687439, 0.07322805374860764, 0.07118815928697586, 0.0705282986164093]"
..\Data\Rest Ungelabelt\5546a3af891c42fb8b4d36ce1ef573b9.png,Composite Provider,0.09992065280675888,"['Composite Provider', 'Datenvorschau', 'Transformationen', 'Data Source', 'Data Flow Object']","[0.09992065280675888, 0.08173132687807083, 0.0807645320892334, 0.08017081767320633, 0.07859496027231216]"
..\Data\Rest Ungelabelt\5550537f0dac4e1dab6109b648fa0146.jpeg,Composite Provider,0.15429073572158813,"['Composite Provider', 'Datenvorschau', 'Data Source', 'Transformationen', 'Data Flow Object']","[0.15429073572158813, 0.08135874569416046, 0.07084869593381882, 0.06976482272148132, 0.06947275251150131]"
..\Data\Rest Ungelabelt\5550b09bdfe24d42bde6604ae5f37397.png,Transformationen,0.1419021338224411,"['Transformationen', 'DTP', 'Datenvorschau', 'Composite Provider', 'Data Store Object']","[0.1419021338224411, 0.08306480944156647, 0.07494479417800903, 0.07084690779447556, 0.07022705674171448]"
..\Data\Rest Ungelabelt\5554dcef474a4e7ea162c28b179eebc8.png,DTP,0.18464133143424988,"['DTP', 'ABAP Dictionary', 'Bewegungsdaten', 'Data Source', 'BW4Cockpit (Stammdaten)']","[0.18464133143424988, 0.06795456260442734, 0.06794969737529755, 0.06794752925634384, 0.06794600933790207]"
..\Data\Rest Ungelabelt\5554faeb677e4ab6a4df03af74ac9760.png,Data Store Object,0.1431518942117691,"['Data Store Object', 'Query', 'Data Source', 'Data Mart', 'Datenvorschau']","[0.1431518942117691, 0.07845751941204071, 0.07565676420927048, 0.07277757674455643, 0.07165815681219101]"
..\Data\Rest Ungelabelt\555561d15fe8484c813a2d2de08f6667.png,Data Store Object,0.18330927193164825,"['Data Store Object', 'Query', 'Data Source', 'BW4Cockpit (Stammdaten)', 'Data Mart']","[0.18330927193164825, 0.0683969184756279, 0.06807548552751541, 0.06807511299848557, 0.06804864853620529]"
..\Data\Rest Ungelabelt\555ffe318a5643dfa06595fd03b39fd1.png,Query,0.14507724344730377,"['Query', 'Transformationen', 'Composite Provider', 'Excel', 'Data Source']","[0.14507724344730377, 0.08169206231832504, 0.07462012022733688, 0.07073383033275604, 0.07016332447528839]"
..\Data\Rest Ungelabelt\5564a8aa080944e8ba6a6e4ff07f6256.jpeg,Query,0.10400187224149704,"['Query', 'Data Store Object', 'Composite Provider', 'Transformationen', 'Data Mart']","[0.10400187224149704, 0.09580875188112259, 0.08553960174322128, 0.07474177330732346, 0.07306868582963943]"
..\Data\Rest Ungelabelt\5588bb6f80f8426abc298a9300736157.jpeg,Query,0.16821148991584778,"['Query', 'DTP', 'Composite Provider', 'Data Source', 'Datenvorschau']","[0.16821148991584778, 0.07127419114112854, 0.07045077532529831, 0.0698365718126297, 0.06948809325695038]"
..\Data\Rest Ungelabelt\55acc3ef61474f4e91812f712b263f84.png,Transformationen,0.11520665138959885,"['Transformationen', 'Composite Provider', 'Data Source', 'Data Flow Object', 'Datenvorschau']","[0.11520665138959885, 0.09880880266427994, 0.07602789998054504, 0.07167042046785355, 0.0716397687792778]"
..\Data\Rest Ungelabelt\55b70af8a0c743bab665bcea73f2ea9b.png,Transformationen,0.1846694052219391,"['Transformationen', 'Composite Provider', 'Excel', 'Data Source', 'Data Flow Object']","[0.1846694052219391, 0.06795022636651993, 0.06794415414333344, 0.0679437667131424, 0.06794368475675583]"
..\Data\Rest Ungelabelt\55c752e3c6b44533b1c2a04246c326aa.png,Query,0.11599071323871613,"['Query', 'Data Store Object', 'Data Source', 'DTP', 'Data Mart']","[0.11599071323871613, 0.10970520228147507, 0.07104270905256271, 0.07088278234004974, 0.07069194316864014]"
..\Data\Rest Ungelabelt\55da610e89c94bd6a5f8650651307347.png,ABAP Dictionary,0.11587096005678177,"['ABAP Dictionary', 'Bewegungsdaten', 'Data Source', 'DTP', 'Datenvorschau']","[0.11587096005678177, 0.10600879788398743, 0.07243603467941284, 0.0714162066578865, 0.07124713063240051]"
..\Data\Rest Ungelabelt\55e24cb8958d4517be56966aaeee7a7b.png,Data Store Object,0.11762841045856476,"['Data Store Object', 'Data Source', 'Data Mart', 'Query', 'Datenvorschau']","[0.11762841045856476, 0.0829547718167305, 0.08058115839958191, 0.07801828533411026, 0.0747840404510498]"
..\Data\Rest Ungelabelt\55ecc14c61a346369d4e05bcd8b81c99.png,Data Flow Object,0.18455015122890472,"['Data Flow Object', 'Composite Provider', 'ABAP Dictionary', 'DTP', 'Excel']","[0.18455015122890472, 0.0680050253868103, 0.06795008480548859, 0.06794971227645874, 0.06794959306716919]"
..\Data\Rest Ungelabelt\560cab8115d343a7b4eb4790a7d390dd.png,Transformationen,0.11817745119333267,"['Transformationen', 'Composite Provider', 'Data Source', 'Data Flow Object', 'Query']","[0.11817745119333267, 0.08957254141569138, 0.07686812430620193, 0.07564527541399002, 0.07291898131370544]"
..\Data\Rest Ungelabelt\568131f5df9a4c149eb3aa701bdacad2.png,BW4Cockpit (Stammdaten),0.18436358869075775,"['BW4Cockpit (Stammdaten)', 'Query', 'Excel', 'Data Store Object', 'Datenvorschau']","[0.18436358869075775, 0.06807730346918106, 0.06796333938837051, 0.06796294450759888, 0.06796204298734665]"
..\Data\Rest Ungelabelt\56a90157982b4b1d8d268c589ca8b1a7.png,ABAP Dictionary,0.11913634091615677,"['ABAP Dictionary', 'Transformationen', 'Data Source', 'Datenvorschau', 'DTP']","[0.11913634091615677, 0.10169581323862076, 0.07316568493843079, 0.07139680534601212, 0.07078561931848526]"
..\Data\Rest Ungelabelt\56b6d217fc3f444f8eafaab9917899b3.png,DTP,0.16237884759902954,"['DTP', 'Data Store Object', 'BW4Cockpit (Stammdaten)', 'Query', 'ABAP Dictionary']","[0.16237884759902954, 0.07312265783548355, 0.07293250411748886, 0.06943928450345993, 0.0694303885102272]"
..\Data\Rest Ungelabelt\56c39d8205ad45b8a711d7270c9e6c3a.jpeg,Data Store Object,0.1767801195383072,"['Data Store Object', 'Composite Provider', 'Data Source', 'Datenvorschau', 'DTP']","[0.1767801195383072, 0.06977023929357529, 0.06884491443634033, 0.06872811913490295, 0.06865938752889633]"
..\Data\Rest Ungelabelt\56d64b237a474683b6db964a1a4c78f3.png,ABAP Dictionary,0.13157343864440918,"['ABAP Dictionary', 'BW4Cockpit (Stammdaten)', 'Transformationen', 'DTP', 'Excel']","[0.13157343864440918, 0.09803569316864014, 0.07079092413187027, 0.07042358070611954, 0.06997110694646835]"
..\Data\Rest Ungelabelt\56eac70819034190be959a52d02c78ca.png,Data Store Object,0.13792403042316437,"['Data Store Object', 'Data Source', 'DTP', 'BW4Cockpit (Stammdaten)', 'Datenvorschau']","[0.13792403042316437, 0.09133977442979813, 0.07077233493328094, 0.07025565952062607, 0.07015149295330048]"
..\Data\Rest Ungelabelt\57050c63fe5c46adbb1c441df5ffa19d.png,Data Store Object,0.18464834988117218,"['Data Store Object', 'DTP', 'Data Mart', 'BW4Cockpit (Stammdaten)', 'Data Source']","[0.18464834988117218, 0.0679519921541214, 0.06794905662536621, 0.0679483637213707, 0.06794498860836029]"
..\Data\Rest Ungelabelt\5707bea1bdd94556bcc443881d4efd1d.png,Datenvorschau,0.09678728133440018,"['Datenvorschau', 'Data Source', 'Data Store Object', 'Transformationen', 'DTP']","[0.09678728133440018, 0.09246354550123215, 0.08697473257780075, 0.0753685012459755, 0.07359373569488525]"
..\Data\Rest Ungelabelt\57164ed2e5d644169df3ec213cf74bbe.png,Data Store Object,0.16726182401180267,"['Data Store Object', 'DTP', 'Composite Provider', 'ABAP Dictionary', 'Data Source']","[0.16726182401180267, 0.07389108091592789, 0.06994599103927612, 0.06908357888460159, 0.06895409524440765]"
..\Data\Rest Ungelabelt\575a35a813164152b555c7c56503e1c8.png,Datenvorschau,0.1484483778476715,"['Datenvorschau', 'DTP', 'Composite Provider', 'Excel', 'Data Store Object']","[0.1484483778476715, 0.07626639306545258, 0.07412853091955185, 0.0724547952413559, 0.07069675624370575]"
..\Data\Rest Ungelabelt\57648b5f8239451d8e6ce1a9f31aada3.png,Query,0.18433155119419098,"['Query', 'Datenvorschau', 'Data Mart', 'Data Source', 'Data Flow Object']","[0.18433155119419098, 0.06799781322479248, 0.06798300892114639, 0.06798277050256729, 0.06798262149095535]"
..\Data\Rest Ungelabelt\5775bd7e78844d6b849f8c97d625ae72.png,Transformationen,0.12484686821699142,"['Transformationen', 'Composite Provider', 'Data Source', 'Query', 'Data Store Object']","[0.12484686821699142, 0.0929754376411438, 0.07405319064855576, 0.07350460439920425, 0.07165370136499405]"
..\Data\Rest Ungelabelt\577653e8c6e54e58869b0349a1c63c44.jpeg,Data Store Object,0.1550726443529129,"['Data Store Object', 'Composite Provider', 'Data Source', 'Data Mart', 'Datenvorschau']","[0.1550726443529129, 0.08098356425762177, 0.07114941626787186, 0.06942856311798096, 0.0693451464176178]"
..\Data\Rest Ungelabelt\578f51dce9f34ac89a849a08b68460a3.jpeg,Composite Provider,0.12706133723258972,"['Composite Provider', 'Data Store Object', 'Transformationen', 'Data Source', 'Data Flow Object']","[0.12706133723258972, 0.09593115001916885, 0.07357624918222427, 0.07135868072509766, 0.07052232325077057]"
..\Data\Rest Ungelabelt\579d4002a5a5471eb04cd1a5607a9993.jpeg,DTP,0.10086382925510406,"['DTP', 'Excel', 'ABAP Dictionary', 'Transformationen', 'Bewegungsdaten']","[0.10086382925510406, 0.09590598195791245, 0.09198570251464844, 0.07407441735267639, 0.07182681560516357]"
..\Data\Rest Ungelabelt\57d7da8afb5e4a41a81487bab4c4199b.png,Transformationen,0.126424640417099,"['Transformationen', 'Composite Provider', 'Data Source', 'Data Store Object', 'Data Mart']","[0.126424640417099, 0.0776892676949501, 0.07606630772352219, 0.07434293627738953, 0.07352577149868011]"
..\Data\Rest Ungelabelt\57fe200e39404ae1b702ee809b1eb753.png,Data Store Object,0.18443742394447327,"['Data Store Object', 'DTP', 'BW4Cockpit (Stammdaten)', 'Query', 'Composite Provider']","[0.18443742394447327, 0.06802460551261902, 0.06797134876251221, 0.06796083599328995, 0.06795908510684967]"
..\Data\Rest Ungelabelt\580c580b0fa44cb7934bbc15560f22d9.png,Excel,0.18450124561786652,"['Excel', 'Bewegungsdaten', 'Transformationen', 'Data Flow Object', 'ABAP Dictionary']","[0.18450124561786652, 0.06797826290130615, 0.06796594709157944, 0.06796589493751526, 0.06796222180128098]"
..\Data\Rest Ungelabelt\5821650e3862493f893dd935f0358555.jpeg,Excel,0.18447408080101013,"['Excel', 'Bewegungsdaten', 'Data Store Object', 'BW4Cockpit (Stammdaten)', 'Data Flow Object']","[0.18447408080101013, 0.0679880827665329, 0.06796238571405411, 0.06796148419380188, 0.06796042621135712]"
..\Data\Rest Ungelabelt\58372550b43246d9ae092dbf71b69b47.jpeg,Query,0.17970113456249237,"['Query', 'Data Source', 'Datenvorschau', 'Data Store Object', 'BW4Cockpit (Stammdaten)']","[0.17970113456249237, 0.06907720863819122, 0.06862954795360565, 0.06847885251045227, 0.068292535841465]"
..\Data\Rest Ungelabelt\58394b85ef5a4ff0816d312e728e90b8.jpeg,Data Store Object,0.13878870010375977,"['Data Store Object', 'Composite Provider', 'Query', 'DTP', 'Data Mart']","[0.13878870010375977, 0.08072629570960999, 0.07338783144950867, 0.07331010699272156, 0.07309294492006302]"
..\Data\Rest Ungelabelt\5853b8a9bc904ea6a7cbe41022ea00c2.jpeg,Data Store Object,0.11911565810441971,"['Data Store Object', 'Data Mart', 'Datenvorschau', 'Data Source', 'Composite Provider']","[0.11911565810441971, 0.08785372227430344, 0.08476459980010986, 0.07371515780687332, 0.07116495072841644]"
..\Data\Rest Ungelabelt\5865f6551df94ec3858a6c0e1744a52e.png,Query,0.1773415356874466,"['Query', 'Data Store Object', 'Data Mart', 'BW4Cockpit (Stammdaten)', 'Composite Provider']","[0.1773415356874466, 0.07117937505245209, 0.06850487738847733, 0.06832880526781082, 0.06830665469169617]"
..\Data\Rest Ungelabelt\586fd293bb24408f80b5e48a0b07d075.png,Data Store Object,0.11655928939580917,"['Data Store Object', 'Composite Provider', 'Query', 'Data Mart', 'Datenvorschau']","[0.11655928939580917, 0.09800770878791809, 0.08032052963972092, 0.0716041624546051, 0.07049047946929932]"
..\Data\Rest Ungelabelt\5872a48763b04aa8ad22db921657c338.jpeg,Bewegungsdaten,0.10207422077655792,"['Bewegungsdaten', 'ABAP Dictionary', 'Datenvorschau', 'Data Source', 'DTP']","[0.10207422077655792, 0.0992216020822525, 0.08277294039726257, 0.07704205065965652, 0.07166267186403275]"
..\Data\Rest Ungelabelt\588a2e61ea494879a8f6e7154db56dfe.png,Excel,0.18460027873516083,"['Excel', 'Data Store Object', 'Bewegungsdaten', 'Datenvorschau', 'Data Flow Object']","[0.18460027873516083, 0.0679565966129303, 0.06795602291822433, 0.06795363128185272, 0.06795034557580948]"
..\Data\Rest Ungelabelt\588f6832fdb74efbb1b6bec0f1399c67.png,Data Store Object,0.13159224390983582,"['Data Store Object', 'Datenvorschau', 'Transformationen', 'Data Mart', 'Data Flow Object']","[0.13159224390983582, 0.08403852581977844, 0.0738363191485405, 0.0729818344116211, 0.07203635573387146]"
..\Data\Rest Ungelabelt\58b23b1475d94a16801b93eab67a3115.png,DTP,0.10042937844991684,"['DTP', 'Bewegungsdaten', 'ABAP Dictionary', 'BW4Cockpit (Stammdaten)', 'Data Source']","[0.10042937844991684, 0.09843692183494568, 0.08784269541501999, 0.07565159350633621, 0.07115397602319717]"
..\Data\Rest Ungelabelt\58c4a60002ea47ce84086a31e8410242.png,Excel,0.18467970192432404,"['Excel', 'Bewegungsdaten', 'BW4Cockpit (Stammdaten)', 'Composite Provider', 'DTP']","[0.18467970192432404, 0.06794623285531998, 0.06794309616088867, 0.06794309616088867, 0.06794309616088867]"
..\Data\Rest Ungelabelt\58cbfe4aca9c4ebbae873449a9e9edb5.jpeg,Composite Provider,0.1712123304605484,"['Composite Provider', 'Transformationen', 'DTP', 'Query', 'Data Store Object']","[0.1712123304605484, 0.07167185842990875, 0.06970833986997604, 0.06902822852134705, 0.06898374855518341]"
..\Data\Rest Ungelabelt\58da74a466aa4b61998b59ec34da1609.png,Data Source,0.18464413285255432,"['Data Source', 'Data Store Object', 'Query', 'Datenvorschau', 'DTP']","[0.18464413285255432, 0.06795435398817062, 0.06794760376214981, 0.06794711202383041, 0.06794705986976624]"
..\Data\Rest Ungelabelt\591218810e214ad184f74bb1f7e545ea.png,ABAP Dictionary,0.09752736240625381,"['ABAP Dictionary', 'Composite Provider', 'Data Flow Object', 'Transformationen', 'Datenvorschau']","[0.09752736240625381, 0.08964500576257706, 0.08856210112571716, 0.08484645932912827, 0.07211490720510483]"
..\Data\Rest Ungelabelt\591ed39061614e4c88a637c3a02455de.png,Data Source,0.0931674912571907,"['Data Source', 'Composite Provider', 'Transformationen', 'Datenvorschau', 'DTP']","[0.0931674912571907, 0.09215068072080612, 0.08589117974042892, 0.07621090859174728, 0.07383940368890762]"
..\Data\Rest Ungelabelt\59459bf4fe3d4bb7829f972c80aeeff7.png,Query,0.15910416841506958,"['Query', 'Data Source', 'Data Store Object', 'Transformationen', 'DTP']","[0.15910416841506958, 0.08046068251132965, 0.06944327801465988, 0.06919333338737488, 0.0691598653793335]"
..\Data\Rest Ungelabelt\59466c48f79f474db354560415c7ca4c.png,Data Store Object,0.15520602464675903,"['Data Store Object', 'Data Source', 'Query', 'Datenvorschau', 'Data Mart']","[0.15520602464675903, 0.08116640150547028, 0.07023453712463379, 0.06974605470895767, 0.06965075433254242]"
..\Data\Rest Ungelabelt\59803ce8660340c681def2ea0700a018.png,DTP,0.1841242015361786,"['DTP', 'ABAP Dictionary', 'Data Source', 'BW4Cockpit (Stammdaten)', 'Query']","[0.1841242015361786, 0.06812460720539093, 0.06800996512174606, 0.06798789650201797, 0.06797885149717331]"
..\Data\Rest Ungelabelt\59afb591b76045e7a89b820848531696.jpeg,Transformationen,0.16940203309059143,"['Transformationen', 'Composite Provider', 'Datenvorschau', 'Data Flow Object', 'ABAP Dictionary']","[0.16940203309059143, 0.06975403428077698, 0.06965044885873795, 0.06964171677827835, 0.0695817843079567]"
..\Data\Rest Ungelabelt\59e11069db9542f8910635567ebfbd39.png,Datenvorschau,0.1541939675807953,"['Datenvorschau', 'Data Store Object', 'Data Source', 'Transformationen', 'Query']","[0.1541939675807953, 0.07641894370317459, 0.07202388346195221, 0.07079362869262695, 0.07041988521814346]"
..\Data\Rest Ungelabelt\59f9a9538d94455a88859267fc6cfa65.jpeg,ABAP Dictionary,0.18287783861160278,"['ABAP Dictionary', 'Transformationen', 'DTP', 'Data Flow Object', 'Data Source']","[0.18287783861160278, 0.06837600469589233, 0.06818266212940216, 0.06812439858913422, 0.06809130311012268]"
..\Data\Rest Ungelabelt\59fb15874f114a8ba2d606be881a69ab.png,Data Source,0.10230749100446701,"['Data Source', 'Data Store Object', 'Query', 'Datenvorschau', 'Data Mart']","[0.10230749100446701, 0.09102887660264969, 0.08364308625459671, 0.07797494530677795, 0.07459459453821182]"
..\Data\Rest Ungelabelt\5a0e00df9a6d4e7981f522c1ff932604.png,Data Flow Object,0.18401384353637695,"['Data Flow Object', 'Composite Provider', 'Datenvorschau', 'DTP', 'Excel']","[0.18401384353637695, 0.06825367361307144, 0.06797785311937332, 0.06797584891319275, 0.06797551363706589]"
..\Data\Rest Ungelabelt\5a13218d1044434bbfa79d8c95fc51aa.png,Datenvorschau,0.1623687446117401,"['Datenvorschau', 'Bewegungsdaten', 'Excel', 'Composite Provider', 'Transformationen']","[0.1623687446117401, 0.0712512880563736, 0.07100076228380203, 0.0707838237285614, 0.07042022049427032]"
..\Data\Rest Ungelabelt\5a6006472f0a41019d9d0b2b4454ea9d.png,DTP,0.08868643641471863,"['DTP', 'Query', 'Composite Provider', 'Data Source', 'Data Store Object']","[0.08868643641471863, 0.08545589447021484, 0.08458879590034485, 0.08320975303649902, 0.07800281047821045]"
..\Data\Rest Ungelabelt\5a8fc0e166d7446990df4b80c2a9debb.jpeg,Data Store Object,0.1391960233449936,"['Data Store Object', 'Datenvorschau', 'Data Mart', 'Data Source', 'Transformationen']","[0.1391960233449936, 0.08161541074514389, 0.07689794152975082, 0.07240083068609238, 0.07050421088933945]"
..\Data\Rest Ungelabelt\5a916fd6f4c64660966a5c9b310b817d.png,Query,0.15098924934864044,"['Query', 'Data Store Object', 'Data Source', 'Data Mart', 'Transformationen']","[0.15098924934864044, 0.08285485208034515, 0.07059426605701447, 0.06978461891412735, 0.06971223652362823]"
..\Data\Rest Ungelabelt\5af514b3f3464841b1e2ddafbf88b2ce.png,Datenvorschau,0.1192038282752037,"['Datenvorschau', 'Composite Provider', 'Data Store Object', 'DTP', 'Excel']","[0.1192038282752037, 0.08707093447446823, 0.08206824213266373, 0.07493776082992554, 0.07183929532766342]"
..\Data\Rest Ungelabelt\5b08863063f44acd80549367d2c93719.jpeg,Composite Provider,0.09339476376771927,"['Composite Provider', 'BW4Cockpit (Stammdaten)', 'Transformationen', 'Excel', 'DTP']","[0.09339476376771927, 0.08532946556806564, 0.08341389894485474, 0.07841245085000992, 0.07537069916725159]"
..\Data\Rest Ungelabelt\5b2e7f9854af4478b99bb09aa0e21531.png,ABAP Dictionary,0.11647025495767593,"['ABAP Dictionary', 'Bewegungsdaten', 'Datenvorschau', 'BW4Cockpit (Stammdaten)', 'Data Source']","[0.11647025495767593, 0.08937905728816986, 0.08042051643133163, 0.07568597048521042, 0.07190198451280594]"
..\Data\Rest Ungelabelt\5b3528ab6ccf4b88a7515f0789eef912.jpeg,Datenvorschau,0.18273189663887024,"['Datenvorschau', 'Bewegungsdaten', 'Data Store Object', 'BW4Cockpit (Stammdaten)', 'Composite Provider']","[0.18273189663887024, 0.06857143342494965, 0.06811283528804779, 0.06809981912374496, 0.06809256970882416]"
..\Data\Rest Ungelabelt\5b70d65dc64f42f988fc27fc3e9e2651.jpeg,Data Store Object,0.15870431065559387,"['Data Store Object', 'Composite Provider', 'Query', 'Data Source', 'Data Mart']","[0.15870431065559387, 0.07475882768630981, 0.07376526296138763, 0.06965534389019012, 0.06953448802232742]"
..\Data\Rest Ungelabelt\5bbbd5383ff245d7af531b9ff2e0eef3.png,Query,0.09846918284893036,"['Query', 'Transformationen', 'Data Store Object', 'Data Mart', 'Data Source']","[0.09846918284893036, 0.09272662550210953, 0.08280793577432632, 0.07904322445392609, 0.0741734430193901]"
..\Data\Rest Ungelabelt\5bd49f8348884a32b302349f0d71ea54.png,Query,0.10624011605978012,"['Query', 'Data Store Object', 'Data Source', 'Data Mart', 'DTP']","[0.10624011605978012, 0.1032404750585556, 0.0827188640832901, 0.07292179763317108, 0.07073932886123657]"
..\Data\Rest Ungelabelt\5bdc4f364a4e49fd85870ec86f0defea.png,Query,0.18460959196090698,"['Query', 'Data Source', 'Transformationen', 'BW4Cockpit (Stammdaten)', 'Data Mart']","[0.18460959196090698, 0.0679752379655838, 0.06794758886098862, 0.06794717162847519, 0.06794694811105728]"
..\Data\Rest Ungelabelt\5beb8b186d2f428c8140c1b5f10ed17c.png,Data Source,0.17054307460784912,"['Data Source', 'Datenvorschau', 'Transformationen', 'Data Mart', 'Composite Provider']","[0.17054307460784912, 0.0727417916059494, 0.06911078840494156, 0.06908023357391357, 0.06884805858135223]"
..\Data\Rest Ungelabelt\5bf269636520446ebafcf31750767b33.png,Excel,0.1841031163930893,"['Excel', 'ABAP Dictionary', 'Transformationen', 'DTP', 'Bewegungsdaten']","[0.1841031163930893, 0.06803105026483536, 0.06803078949451447, 0.06801825761795044, 0.06799617409706116]"
..\Data\Rest Ungelabelt\5c12c1add94c4993b527eff6efe61c13.png,Excel,0.1837562471628189,"['Excel', 'DTP', 'Bewegungsdaten', 'Composite Provider', 'ABAP Dictionary']","[0.1837562471628189, 0.0681263729929924, 0.06809914112091064, 0.06804265826940536, 0.0680113360285759]"
..\Data\Rest Ungelabelt\5c27e254995e4b85a6580687c3fd0761.png,Excel,0.18452125787734985,"['Excel', 'Bewegungsdaten', 'Transformationen', 'ABAP Dictionary', 'DTP']","[0.18452125787734985, 0.06798261404037476, 0.06796053797006607, 0.0679587721824646, 0.06795680522918701]"
..\Data\Rest Ungelabelt\5c2911bd4a7447e29b32d2d5f50ddda9.png,Query,0.12778839468955994,"['Query', 'Composite Provider', 'DTP', 'Data Store Object', 'Data Flow Object']","[0.12778839468955994, 0.09317915141582489, 0.07345640659332275, 0.07241076976060867, 0.07090578228235245]"
..\Data\Rest Ungelabelt\5c35050e5c8d4161b7a98b1740055915.jpeg,Data Store Object,0.10811232030391693,"['Data Store Object', 'Query', 'Data Source', 'Transformationen', 'ABAP Dictionary']","[0.10811232030391693, 0.10435982793569565, 0.08021948486566544, 0.07147408276796341, 0.07110732048749924]"
..\Data\Rest Ungelabelt\5c37b17d831f41f192557c38049404c7.png,Excel,0.184444859623909,"['Excel', 'Datenvorschau', 'DTP', 'Composite Provider', 'Bewegungsdaten']","[0.184444859623909, 0.06801464408636093, 0.06796885281801224, 0.06796268373727798, 0.06796176731586456]"
..\Data\Rest Ungelabelt\5c3a4825bcda4f8db5d81affd4f52904.png,Data Store Object,0.16971397399902344,"['Data Store Object', 'Data Source', 'DTP', 'Composite Provider', 'BW4Cockpit (Stammdaten)']","[0.16971397399902344, 0.0705738514661789, 0.06978919357061386, 0.06941487640142441, 0.06939729303121567]"
..\Data\Rest Ungelabelt\5c76951160b944a796f1b3d65be1c62c.png,Query,0.1638597548007965,"['Query', 'Excel', 'DTP', 'Datenvorschau', 'Data Store Object']","[0.1638597548007965, 0.07214590907096863, 0.07094430923461914, 0.07025649398565292, 0.06949515640735626]"
..\Data\Rest Ungelabelt\5cbacfa8310249969318185e76faed58.png,Data Store Object,0.10923364013433456,"['Data Store Object', 'Composite Provider', 'Datenvorschau', 'Data Mart', 'Bewegungsdaten']","[0.10923364013433456, 0.09312251210212708, 0.08054719120264053, 0.07433510571718216, 0.07295969128608704]"
..\Data\Rest Ungelabelt\5cc73971bcee4394bf6945ec8a25b406.png,Data Store Object,0.17921172082424164,"['Data Store Object', 'Query', 'BW4Cockpit (Stammdaten)', 'Data Mart', 'Data Source']","[0.17921172082424164, 0.06975328177213669, 0.06881396472454071, 0.06828637421131134, 0.06824815273284912]"
..\Data\Rest Ungelabelt\5d09b501d88e4c058543463578184e3a.png,Query,0.17301487922668457,"['Query', 'Data Source', 'Composite Provider', 'Transformationen', 'Datenvorschau']","[0.17301487922668457, 0.0729261189699173, 0.06875310093164444, 0.0686696320772171, 0.06854848563671112]"
..\Data\Rest Ungelabelt\5d10e1e8592e47cd865d7f1e1fa6bd0e.jpeg,Data Source,0.1845744401216507,"['Data Source', 'Datenvorschau', 'Data Store Object', 'Data Mart', 'Query']","[0.1845744401216507, 0.06798820197582245, 0.06795108318328857, 0.06794972717761993, 0.06794921308755875]"
..\Data\Rest Ungelabelt\5d15a8248e914b63bee0b2244ba82cd8.png,Datenvorschau,0.11568409204483032,"['Datenvorschau', 'Data Store Object', 'Bewegungsdaten', 'Composite Provider', 'Data Source']","[0.11568409204483032, 0.10963989794254303, 0.07208264619112015, 0.07134562730789185, 0.07026911526918411]"
..\Data\Rest Ungelabelt\5d3d10ee558943ea8f91f43ae55a5b04.png,Data Store Object,0.13498689234256744,"['Data Store Object', 'Composite Provider', 'Query', 'Data Mart', 'Data Source']","[0.13498689234256744, 0.0840943306684494, 0.07727841287851334, 0.07151558250188828, 0.07137919962406158]"
..\Data\Rest Ungelabelt\5d47a1dabfe64f4a95add9afa3a602c2.png,Data Source,0.1379743367433548,"['Data Source', 'Query', 'Datenvorschau', 'Data Mart', 'Data Store Object']","[0.1379743367433548, 0.0815672054886818, 0.07484199851751328, 0.07199527323246002, 0.07124745100736618]"
..\Data\Rest Ungelabelt\5d4d6f17e4714516aeeb05a7c2581521.jpeg,Composite Provider,0.1161324605345726,"['Composite Provider', 'DTP', 'Data Store Object', 'Datenvorschau', 'Transformationen']","[0.1161324605345726, 0.0799834355711937, 0.07933720201253891, 0.07910872995853424, 0.07490994781255722]"
..\Data\Rest Ungelabelt\5d731ec1d1c44b9b94ad68737c2f8d07.jpeg,Bewegungsdaten,0.16970984637737274,"['Bewegungsdaten', 'Datenvorschau', 'Data Store Object', 'Excel', 'BW4Cockpit (Stammdaten)']","[0.16970984637737274, 0.07073667645454407, 0.06985881179571152, 0.06961780041456223, 0.06927291303873062]"
..\Data\Rest Ungelabelt\5d86dd7f4611494995fe027428f02372.png,ABAP Dictionary,0.09376530349254608,"['ABAP Dictionary', 'Excel', 'Transformationen', 'Bewegungsdaten', 'BW4Cockpit (Stammdaten)']","[0.09376530349254608, 0.08786295354366302, 0.08234967291355133, 0.07909753918647766, 0.07886821031570435]"
..\Data\Rest Ungelabelt\5da7cb48251f4129b49a5fa6bc8a6df9.jpeg,Data Flow Object,0.10557301342487335,"['Data Flow Object', 'Composite Provider', 'Datenvorschau', 'Data Store Object', 'Bewegungsdaten']","[0.10557301342487335, 0.09823081642389297, 0.08160427957773209, 0.07516147196292877, 0.07299111783504486]"
..\Data\Rest Ungelabelt\5dba84ba8e694ebeb8758a1009a55538.png,ABAP Dictionary,0.11331994831562042,"['ABAP Dictionary', 'Bewegungsdaten', 'Data Source', 'Datenvorschau', 'BW4Cockpit (Stammdaten)']","[0.11331994831562042, 0.09085620939731598, 0.0815645307302475, 0.07382988184690475, 0.07282711565494537]"
..\Data\Rest Ungelabelt\5de78e8c27d0458cbccc5c1c94e7abc4.jpeg,Bewegungsdaten,0.15071320533752441,"['Bewegungsdaten', 'Excel', 'BW4Cockpit (Stammdaten)', 'Datenvorschau', 'DTP']","[0.15071320533752441, 0.08138936758041382, 0.07084159553050995, 0.07056057453155518, 0.07039379328489304]"
..\Data\Rest Ungelabelt\5de88d09d462402e9049e714a014023b.png,BW4Cockpit (Stammdaten),0.17853602766990662,"['BW4Cockpit (Stammdaten)', 'Query', 'Data Store Object', 'Excel', 'Bewegungsdaten']","[0.17853602766990662, 0.06886228919029236, 0.06886213272809982, 0.06864872574806213, 0.06851322203874588]"
..\Data\Rest Ungelabelt\5df0d8141c884aa88bad46a50a1d78b6.png,DTP,0.18407954275608063,"['DTP', 'ABAP Dictionary', 'BW4Cockpit (Stammdaten)', 'Bewegungsdaten', 'Data Flow Object']","[0.18407954275608063, 0.06809596717357635, 0.06803946942090988, 0.0680292621254921, 0.06797435879707336]"
..\Data\Rest Ungelabelt\5e0e7094bc404d91a61b287c73971252.jpeg,Data Source,0.10188997536897659,"['Data Source', 'Data Flow Object', 'Datenvorschau', 'Composite Provider', 'Transformationen']","[0.10188997536897659, 0.09113253653049469, 0.07882384210824966, 0.07679427415132523, 0.07415764033794403]"
..\Data\Rest Ungelabelt\5e142408b7404ac1b9893a1b5608fb58.jpeg,Datenvorschau,0.18107739090919495,"['Datenvorschau', 'Data Source', 'Data Store Object', 'Data Flow Object', 'Excel']","[0.18107739090919495, 0.068926602602005, 0.06872887909412384, 0.06814590096473694, 0.06814217567443848]"
..\Data\Rest Ungelabelt\5e301c41a92a4df1826892c73f485dbe.png,Data Source,0.08432339876890182,"['Data Source', 'Query', 'Bewegungsdaten', 'Datenvorschau', 'Data Store Object']","[0.08432339876890182, 0.08426026254892349, 0.08410035818815231, 0.08127042651176453, 0.080147884786129]"
..\Data\Rest Ungelabelt\5e429355261147eeaa3de22401daa20c.png,Composite Provider,0.14350299537181854,"['Composite Provider', 'Data Flow Object', 'DTP', 'Transformationen', 'Data Store Object']","[0.14350299537181854, 0.08661544322967529, 0.07173358649015427, 0.07040312141180038, 0.06995035707950592]"
..\Data\Rest Ungelabelt\5e611f0be019465fafe221021a29f8ee.png,Query,0.18465664982795715,"['Query', 'Composite Provider', 'Data Flow Object', 'Data Source', 'Datenvorschau']","[0.18465664982795715, 0.0679471492767334, 0.06794670969247818, 0.06794624775648117, 0.06794597208499908]"
..\Data\Rest Ungelabelt\5e727f88e7ed4c37b7c96af4d9c62aa2.png,DTP,0.11337804049253464,"['DTP', 'BW4Cockpit (Stammdaten)', 'ABAP Dictionary', 'Data Store Object', 'Query']","[0.11337804049253464, 0.08781242370605469, 0.08443137258291245, 0.07731881737709045, 0.07117573171854019]"
..\Data\Rest Ungelabelt\5ec5b12fccdd4bc78128766af993dcb6.png,Excel,0.18257732689380646,"['Excel', 'Composite Provider', 'Data Flow Object', 'Data Store Object', 'Transformationen']","[0.18257732689380646, 0.0682213082909584, 0.06821487098932266, 0.06819827854633331, 0.0681619942188263]"
..\Data\Rest Ungelabelt\5eef39a797fa413cbc88e4e621808d41.png,Data Store Object,0.11002503335475922,"['Data Store Object', 'Datenvorschau', 'Data Source', 'DTP', 'Composite Provider']","[0.11002503335475922, 0.084060437977314, 0.07833000272512436, 0.07652956247329712, 0.07563668489456177]"
..\Data\Rest Ungelabelt\5f09bf11edf444c9bb297c3fc12c0652.png,Data Store Object,0.10465649515390396,"['Data Store Object', 'Query', 'Data Source', 'Data Mart', 'DTP']","[0.10465649515390396, 0.09912388771772385, 0.07970506697893143, 0.07662810385227203, 0.07304871827363968]"
..\Data\Rest Ungelabelt\5f1e8e0fd102440a9a8bdb209003c853.png,ABAP Dictionary,0.16473354399204254,"['ABAP Dictionary', 'Datenvorschau', 'Bewegungsdaten', 'DTP', 'Composite Provider']","[0.16473354399204254, 0.07306487113237381, 0.06995710730552673, 0.06979688256978989, 0.06966137140989304]"
..\Data\Rest Ungelabelt\5f22cc722b11476e816eec7eabf1729f.png,Excel,0.11658431589603424,"['Excel', 'Datenvorschau', 'BW4Cockpit (Stammdaten)', 'Composite Provider', 'Data Flow Object']","[0.11658431589603424, 0.08465422689914703, 0.07750757783651352, 0.07515124976634979, 0.07323450595140457]"
..\Data\Rest Ungelabelt\5f2e45933fb943d2be643f42ae113d69.png,Data Store Object,0.16467884182929993,"['Data Store Object', 'Data Source', 'DTP', 'Composite Provider', 'BW4Cockpit (Stammdaten)']","[0.16467884182929993, 0.07139739394187927, 0.07060892879962921, 0.07052487879991531, 0.0699595957994461]"
..\Data\Rest Ungelabelt\5f7f115316d749a28f0820659d48cb4a.png,Query,0.18468423187732697,"['Query', 'Data Flow Object', 'Composite Provider', 'Data Source', 'Datenvorschau']","[0.18468423187732697, 0.06794323772192001, 0.06794308125972748, 0.0679430440068245, 0.0679430142045021]"
..\Data\Rest Ungelabelt\5faa393d5e92451ab5e3b20fdb88921f.png,Query,0.18462872505187988,"['Query', 'Data Store Object', 'Data Source', 'Data Mart', 'BW4Cockpit (Stammdaten)']","[0.18462872505187988, 0.06795864552259445, 0.06795355677604675, 0.06794655323028564, 0.06794645637273788]"
..\Data\Rest Ungelabelt\5fc54219d028452b8aa55a2454136411.jpeg,BW4Cockpit (Stammdaten),0.09997193515300751,"['BW4Cockpit (Stammdaten)', 'Data Source', 'Bewegungsdaten', 'Composite Provider', 'Data Store Object']","[0.09997193515300751, 0.08380920439958572, 0.08372043073177338, 0.07897979021072388, 0.07594906538724899]"
..\Data\Rest Ungelabelt\5fe89f609c9541ec9cd647492cd3e1b2.png,Query,0.18464858829975128,"['Query', 'Composite Provider', 'Data Flow Object', 'Data Store Object', 'DTP']","[0.18464858829975128, 0.06794920563697815, 0.06794853508472443, 0.06794723123311996, 0.06794612854719162]"
..\Data\Rest Ungelabelt\5ff0aea6a31149d8a626ccc16f3df4fb.jpeg,BW4Cockpit (Stammdaten),0.18467845022678375,"['BW4Cockpit (Stammdaten)', 'Query', 'Excel', 'Datenvorschau', 'Data Store Object']","[0.18467845022678375, 0.06794537603855133, 0.06794396042823792, 0.06794341653585434, 0.06794339418411255]"
..\Data\Rest Ungelabelt\6096907b8c31469b849cb6dc0d4873ba.jpeg,Data Store Object,0.1295982152223587,"['Data Store Object', 'Datenvorschau', 'Data Mart', 'Query', 'Composite Provider']","[0.1295982152223587, 0.09164701402187347, 0.07418077439069748, 0.07136530429124832, 0.07079581171274185]"
..\Data\Rest Ungelabelt\60bc11f6a352441498763c737cc609e9.png,Query,0.18463057279586792,"['Query', 'Data Source', 'Data Store Object', 'BW4Cockpit (Stammdaten)', 'Data Mart']","[0.18463057279586792, 0.06795356422662735, 0.06795147806406021, 0.06794862449169159, 0.06794767081737518]"
..\Data\Rest Ungelabelt\60c55ba91fa644ccac7fee6f864d9479.png,Data Store Object,0.1839410811662674,"['Data Store Object', 'Composite Provider', 'DTP', 'Data Mart', 'Data Source']","[0.1839410811662674, 0.06809619069099426, 0.06804393976926804, 0.06801149249076843, 0.06800828874111176]"
..\Data\Rest Ungelabelt\60cd48d5eed14b1bb42c9dae746596bb.png,Composite Provider,0.12462224066257477,"['Composite Provider', 'Data Store Object', 'Transformationen', 'DTP', 'Data Mart']","[0.12462224066257477, 0.1008024588227272, 0.0715939998626709, 0.07147166132926941, 0.07047240436077118]"
..\Data\Rest Ungelabelt\611897b373464463842cd67b6db4b23e.png,Data Flow Object,0.1846696436405182,"['Data Flow Object', 'Composite Provider', 'Datenvorschau', 'DTP', 'Excel']","[0.1846696436405182, 0.06794844567775726, 0.0679459348320961, 0.06794361770153046, 0.06794361770153046]"
..\Data\Rest Ungelabelt\6140e3b962b843ef9a0d57e1e392d6b9.png,Excel,0.1845320612192154,"['Excel', 'Composite Provider', 'Bewegungsdaten', 'Data Flow Object', 'DTP']","[0.1845320612192154, 0.06797472387552261, 0.06796147674322128, 0.06795747578144073, 0.06795533746480942]"
..\Data\Rest Ungelabelt\61461598dfcf443b8eaeb0a99bcfdcad.jpeg,DTP,0.18467001616954803,"['DTP', 'Transformationen', 'ABAP Dictionary', 'Composite Provider', 'Query']","[0.18467001616954803, 0.06794652342796326, 0.06794621050357819, 0.06794391572475433, 0.06794390082359314]"
..\Data\Rest Ungelabelt\61517139a44741b3912b07f6e3015f91.jpeg,Data Store Object,0.18443606793880463,"['Data Store Object', 'BW4Cockpit (Stammdaten)', 'DTP', 'Query', 'Composite Provider']","[0.18443606793880463, 0.06800378859043121, 0.06799615174531937, 0.06796343624591827, 0.06795883923768997]"
..\Data\Rest Ungelabelt\61ac0a1f25c0424198773c8fe1d0c220.png,Excel,0.1846272349357605,"['Excel', 'Bewegungsdaten', 'Composite Provider', 'Data Flow Object', 'Data Store Object']","[0.1846272349357605, 0.06795693933963776, 0.06795050948858261, 0.06794880330562592, 0.06794752180576324]"
..\Data\Rest Ungelabelt\61b6ee68b03f4e1a844ebd1a11deb68e.png,Query,0.1846703588962555,"['Query', 'Data Source', 'Data Store Object', 'Data Flow Object', 'Datenvorschau']","[0.1846703588962555, 0.06794795393943787, 0.06794427335262299, 0.06794408708810806, 0.0679439976811409]"
..\Data\Rest Ungelabelt\61b6eff4a97f45c0b6e70751384b75e3.png,Query,0.1844296157360077,"['Query', 'Data Source', 'BW4Cockpit (Stammdaten)', 'Data Mart', 'Datenvorschau']","[0.1844296157360077, 0.06803372502326965, 0.06796237081289291, 0.06795986741781235, 0.06795941293239594]"
..\Data\Rest Ungelabelt\61bebc6521a2403c86b63abea9e2ef65.png,Data Store Object,0.1449570506811142,"['Data Store Object', 'Datenvorschau', 'Composite Provider', 'DTP', 'Transformationen']","[0.1449570506811142, 0.08233378827571869, 0.07383058220148087, 0.07128787040710449, 0.07006610184907913]"
..\Data\Rest Ungelabelt\61cf9e7b3ef64f2aa921c47f57b5e1f0.png,ABAP Dictionary,0.12696129083633423,"['ABAP Dictionary', 'Datenvorschau', 'Bewegungsdaten', 'Data Store Object', 'Composite Provider']","[0.12696129083633423, 0.0987977385520935, 0.07226573675870895, 0.07123196125030518, 0.07018755376338959]"
..\Data\Rest Ungelabelt\61df7d6b3dca4567b77555a655e17359.jpeg,Excel,0.18398159742355347,"['Excel', 'Bewegungsdaten', 'DTP', 'Datenvorschau', 'Composite Provider']","[0.18398159742355347, 0.06809207051992416, 0.06803326308727264, 0.06802421063184738, 0.06800179928541183]"
..\Data\Rest Ungelabelt\61e2dd80bc57434fa7721d174df087ab.jpeg,Bewegungsdaten,0.1393028050661087,"['Bewegungsdaten', 'Datenvorschau', 'ABAP Dictionary', 'Data Source', 'BW4Cockpit (Stammdaten)']","[0.1393028050661087, 0.07975161075592041, 0.07747381925582886, 0.07257840782403946, 0.07158467918634415]"
..\Data\Rest Ungelabelt\61f8fe2c200b4bc2848a5b9a548baa09.png,BW4Cockpit (Stammdaten),0.18460096418857574,"['BW4Cockpit (Stammdaten)', 'Data Store Object', 'DTP', 'Query', 'Excel']","[0.18460096418857574, 0.06797169893980026, 0.06795577704906464, 0.06794779747724533, 0.06794773042201996]"
..\Data\Rest Ungelabelt\6257787daaf041d1ad58897ec1c0a657.png,Transformationen,0.18466119468212128,"['Transformationen', 'Composite Provider', 'Excel', 'ABAP Dictionary', 'Data Flow Object']","[0.18466119468212128, 0.06795305758714676, 0.06794511526823044, 0.06794430315494537, 0.0679442510008812]"
..\Data\Rest Ungelabelt\626699d1a7e74357a0ede872736b26d1.png,Data Source,0.12896636128425598,"['Data Source', 'Composite Provider', 'Datenvorschau', 'Data Store Object', 'Transformationen']","[0.12896636128425598, 0.08204127103090286, 0.07836896926164627, 0.07479478418827057, 0.07244379073381424]"
..\Data\Rest Ungelabelt\6275e0e97f4846f6aa464d7fe33cfa88.png,Data Flow Object,0.11342468857765198,"['Data Flow Object', 'Composite Provider', 'Transformationen', 'Query', 'DTP']","[0.11342468857765198, 0.10054449737071991, 0.07665064930915833, 0.07222303748130798, 0.07158328592777252]"
..\Data\Rest Ungelabelt\62df793da0c74ce0a02f5502f127f6f6.png,Data Store Object,0.1300669014453888,"['Data Store Object', 'Data Source', 'Data Mart', 'Datenvorschau', 'Query']","[0.1300669014453888, 0.09065112471580505, 0.07699123024940491, 0.07177118957042694, 0.07015536725521088]"
..\Data\Rest Ungelabelt\62e585187f5f4bc096494c4d939d8c4c.png,Excel,0.18452616035938263,"['Excel', 'Composite Provider', 'DTP', 'Datenvorschau', 'Data Store Object']","[0.18452616035938263, 0.06797230988740921, 0.06796202063560486, 0.06795953959226608, 0.06795879453420639]"
..\Data\Rest Ungelabelt\630a15a00a8044c48266c83302fec89b.png,Query,0.18468257784843445,"['Query', 'Composite Provider', 'Data Flow Object', 'Transformationen', 'BW4Cockpit (Stammdaten)']","[0.18468257784843445, 0.06794437766075134, 0.06794323772192001, 0.0679430142045021, 0.06794299930334091]"
..\Data\Rest Ungelabelt\6312658feca746f6b17a94a5a06efd67.png,ABAP Dictionary,0.16950148344039917,"['ABAP Dictionary', 'Bewegungsdaten', 'DTP', 'BW4Cockpit (Stammdaten)', 'Datenvorschau']","[0.16950148344039917, 0.07503689080476761, 0.06876557320356369, 0.06872846186161041, 0.06870422512292862]"
..\Data\Rest Ungelabelt\6335b868713548d8aa681b6508302e89.png,Data Store Object,0.18200907111167908,"['Data Store Object', 'Composite Provider', 'DTP', 'Transformationen', 'Datenvorschau']","[0.18200907111167908, 0.06877421587705612, 0.06818311661481857, 0.0681796446442604, 0.06813935190439224]"
..\Data\Rest Ungelabelt\633642d62b7746cb934d860331216c19.png,Excel,0.18465448915958405,"['Excel', 'Bewegungsdaten', 'Composite Provider', 'DTP', 'Datenvorschau']","[0.18465448915958405, 0.06795033067464828, 0.06794629991054535, 0.06794607639312744, 0.06794576346874237]"
..\Data\Rest Ungelabelt\6339727b46d1410880e735ce59d7eb77.png,Data Store Object,0.13926784694194794,"['Data Store Object', 'Data Mart', 'Query', 'Composite Provider', 'Datenvorschau']","[0.13926784694194794, 0.0745067149400711, 0.07443030178546906, 0.07436308264732361, 0.07293958961963654]"
..\Data\Rest Ungelabelt\633e3e0687a04cdaa70223a0cc43f2df.png,Composite Provider,0.14180482923984528,"['Composite Provider', 'Data Flow Object', 'Data Store Object', 'DTP', 'Transformationen']","[0.14180482923984528, 0.07760706543922424, 0.07352624833583832, 0.07230689376592636, 0.0716889277100563]"
..\Data\Rest Ungelabelt\633f13d63710416f8fb4ec8cce1af1a3.png,Data Store Object,0.1633663773536682,"['Data Store Object', 'Query', 'Transformationen', 'Composite Provider', 'DTP']","[0.1633663773536682, 0.07246656715869904, 0.07130254805088043, 0.0699169710278511, 0.06967363506555557]"
..\Data\Rest Ungelabelt\637364cd8d9743ca8b15bbc5a30c98f3.png,Data Store Object,0.18449506163597107,"['Data Store Object', 'DTP', 'Query', 'Composite Provider', 'BW4Cockpit (Stammdaten)']","[0.18449506163597107, 0.06798531860113144, 0.06797092407941818, 0.06796859204769135, 0.06795800477266312]"
..\Data\Rest Ungelabelt\637439235c0c419e97faec8490f818fa.png,Data Flow Object,0.18311898410320282,"['Data Flow Object', 'Composite Provider', 'ABAP Dictionary', 'Excel', 'DTP']","[0.18311898410320282, 0.0686454251408577, 0.06802841275930405, 0.06802389025688171, 0.06802386790513992]"
..\Data\Rest Ungelabelt\6379f84f367948e0b1638061af1eee98.png,BW4Cockpit (Stammdaten),0.18445651233196259,"['BW4Cockpit (Stammdaten)', 'Data Store Object', 'DTP', 'Excel', 'Query']","[0.18445651233196259, 0.06801335513591766, 0.0679776594042778, 0.06795916706323624, 0.06795857846736908]"
..\Data\Rest Ungelabelt\638a8e47154e4effa8577a1b728ebac0.png,Query,0.10744089633226395,"['Query', 'Data Mart', 'Data Store Object', 'Data Source', 'Datenvorschau']","[0.10744089633226395, 0.09059400856494904, 0.08724220842123032, 0.07424607127904892, 0.07235855609178543]"
..\Data\Rest Ungelabelt\63abfec97a2345fab2cda2477009eeef.png,Composite Provider,0.09604886174201965,"['Composite Provider', 'Data Source', 'DTP', 'Query', 'Transformationen']","[0.09604886174201965, 0.0884392186999321, 0.08629670739173889, 0.08322370797395706, 0.07472508400678635]"
..\Data\Rest Ungelabelt\642a356619604db083f5686fe1cdca9c.jpeg,Data Store Object,0.1845495104789734,"['Data Store Object', 'BW4Cockpit (Stammdaten)', 'DTP', 'Query', 'Composite Provider']","[0.1845495104789734, 0.06797462701797485, 0.067966990172863, 0.06795520335435867, 0.06795370578765869]"
..\Data\Rest Ungelabelt\6470e47f132b46a2ba7f3e9bdba5ce9b.png,Data Source,0.1509472280740738,"['Data Source', 'Data Store Object', 'Datenvorschau', 'Data Mart', 'Query']","[0.1509472280740738, 0.0805056169629097, 0.0739305391907692, 0.07000123709440231, 0.06942102313041687]"
..\Data\Rest Ungelabelt\6477c4e9f59749b98b694709ff6a3b2b.png,BW4Cockpit (Stammdaten),0.1489296406507492,"['BW4Cockpit (Stammdaten)', 'DTP', 'ABAP Dictionary', 'Data Store Object', 'Bewegungsdaten']","[0.1489296406507492, 0.0800870954990387, 0.07286588102579117, 0.07246488332748413, 0.06962341070175171]"
..\Data\Rest Ungelabelt\6498c69a6daf47018a54e905bc210661.png,Data Store Object,0.18082214891910553,"['Data Store Object', 'Query', 'BW4Cockpit (Stammdaten)', 'Data Source', 'DTP']","[0.18082214891910553, 0.06898767501115799, 0.06844235211610794, 0.06840312480926514, 0.06822934746742249]"
..\Data\Rest Ungelabelt\64ae329fc950457e9aa4c1218921e720.jpeg,Bewegungsdaten,0.09296995401382446,"['Bewegungsdaten', 'Data Source', 'BW4Cockpit (Stammdaten)', 'Transformationen', 'Datenvorschau']","[0.09296995401382446, 0.0814736932516098, 0.08032196015119553, 0.07888681441545486, 0.07783881574869156]"
..\Data\Rest Ungelabelt\64ae77781d76482c862dec0456067eec.jpeg,Data Store Object,0.12502366304397583,"['Data Store Object', 'Data Mart', 'Datenvorschau', 'Composite Provider', 'Data Source']","[0.12502366304397583, 0.08335243165493011, 0.08270196616649628, 0.07570232450962067, 0.07075633108615875]"
..\Data\Rest Ungelabelt\64b33cef5798432d99d058ebb7dc9c1d.png,DTP,0.17874550819396973,"['DTP', 'Data Store Object', 'ABAP Dictionary', 'Bewegungsdaten', 'BW4Cockpit (Stammdaten)']","[0.17874550819396973, 0.06994327902793884, 0.06842357665300369, 0.06839484721422195, 0.06836574524641037]"
..\Data\Rest Ungelabelt\64b4c06ac99d41f8bcc357fd04d40e5b.png,Query,0.18263588845729828,"['Query', 'Data Store Object', 'Data Source', 'Composite Provider', 'Datenvorschau']","[0.18263588845729828, 0.06833986192941666, 0.06820749491453171, 0.06815148890018463, 0.06810838729143143]"
..\Data\Rest Ungelabelt\64c0c18a415a458f806a230a51219e1e.png,Data Source,0.15253764390945435,"['Data Source', 'DTP', 'Datenvorschau', 'ABAP Dictionary', 'Composite Provider']","[0.15253764390945435, 0.07278265804052353, 0.07246402651071548, 0.07136761397123337, 0.0707777738571167]"
..\Data\Rest Ungelabelt\650117407d4b42779e31ada29fd918ae.jpeg,Data Store Object,0.14414343237876892,"['Data Store Object', 'Data Source', 'BW4Cockpit (Stammdaten)', 'Bewegungsdaten', 'ABAP Dictionary']","[0.14414343237876892, 0.07749554514884949, 0.07424121350049973, 0.07156506180763245, 0.07147780060768127]"
..\Data\Rest Ungelabelt\6531fc2d90a94670b8f9150f896195e8.png,Query,0.1388034224510193,"['Query', 'Data Source', 'DTP', 'Datenvorschau', 'Transformationen']","[0.1388034224510193, 0.08536763489246368, 0.07342065125703812, 0.07138105481863022, 0.07131409645080566]"
..\Data\Rest Ungelabelt\6542d074aec14cebae4f6b1d6c70aa55.jpeg,Excel,0.18136069178581238,"['Excel', 'Data Flow Object', 'ABAP Dictionary', 'Bewegungsdaten', 'Transformationen']","[0.18136069178581238, 0.06904417276382446, 0.0684247836470604, 0.06820473819971085, 0.06812618672847748]"
..\Data\Rest Ungelabelt\655e92fcbb3a4817ab396a97be5abc4d.png,Data Source,0.14809644222259521,"['Data Source', 'Datenvorschau', 'Data Store Object', 'Data Mart', 'Composite Provider']","[0.14809644222259521, 0.07977420091629028, 0.07447348535060883, 0.07044519484043121, 0.07039784640073776]"
..\Data\Rest Ungelabelt\65910db4d07c4037a71017cd37deda2a.jpeg,Data Source,0.16436390578746796,"['Data Source', 'Datenvorschau', 'Data Store Object', 'Transformationen', 'ABAP Dictionary']","[0.16436390578746796, 0.0726001113653183, 0.0721815750002861, 0.07029934972524643, 0.06916240602731705]"
..\Data\Rest Ungelabelt\65a4f265dd734cdfb9882803b752ed18.jpeg,Data Source,0.13044162094593048,"['Data Source', 'Datenvorschau', 'Composite Provider', 'Data Store Object', 'Data Mart']","[0.13044162094593048, 0.08268923312425613, 0.0753147155046463, 0.07455918192863464, 0.07308178395032883]"
..\Data\Rest Ungelabelt\65b8e390882f4e579d5537400f9b5464.png,Query,0.12181572616100311,"['Query', 'Data Store Object', 'Data Mart', 'DTP', 'Transformationen']","[0.12181572616100311, 0.08497007191181183, 0.07441366463899612, 0.07407516986131668, 0.07360849529504776]"
..\Data\Rest Ungelabelt\65f17622e5bb4dec96a8d92baacbc823.png,Bewegungsdaten,0.17893080413341522,"['Bewegungsdaten', 'ABAP Dictionary', 'BW4Cockpit (Stammdaten)', 'DTP', 'Datenvorschau']","[0.17893080413341522, 0.06998971849679947, 0.0686306580901146, 0.06835192441940308, 0.06827816367149353]"
..\Data\Rest Ungelabelt\66045be6f5374e32b0854be739a9bc30.jpeg,Data Flow Object,0.17286621034145355,"['Data Flow Object', 'Composite Provider', 'ABAP Dictionary', 'Data Source', 'Datenvorschau']","[0.17286621034145355, 0.07329977303743362, 0.06880728900432587, 0.06853234022855759, 0.06851713359355927]"
..\Data\Rest Ungelabelt\66123d826f36449bbfde55235cd35ba5.jpeg,Data Flow Object,0.09919340163469315,"['Data Flow Object', 'ABAP Dictionary', 'BW4Cockpit (Stammdaten)', 'Composite Provider', 'Data Store Object']","[0.09919340163469315, 0.08651280403137207, 0.08586115390062332, 0.07873042672872543, 0.07644344121217728]"
..\Data\Rest Ungelabelt\6629f78090644ab0b8f19c6a2de98a18.png,Data Store Object,0.1772371083498001,"['Data Store Object', 'DTP', 'Query', 'Composite Provider', 'Data Mart']","[0.1772371083498001, 0.06924177706241608, 0.06914570927619934, 0.06865672767162323, 0.06863661110401154]"
..\Data\Rest Ungelabelt\664436940d10428884834acbf00de277.png,Composite Provider,0.10524637997150421,"['Composite Provider', 'DTP', 'Data Source', 'Transformationen', 'Datenvorschau']","[0.10524637997150421, 0.08739129453897476, 0.07918906211853027, 0.07823533564805984, 0.07652547955513]"
..\Data\Rest Ungelabelt\6658b289263543e49a04cef3f8f0456e.png,Data Store Object,0.18450242280960083,"['Data Store Object', 'BW4Cockpit (Stammdaten)', 'Query', 'Data Source', 'Data Mart']","[0.18450242280960083, 0.06798526644706726, 0.06796909868717194, 0.06796740740537643, 0.06795725971460342]"
..\Data\Rest Ungelabelt\665a0d0aba50434ab8ba21d94beb3dfb.png,Data Store Object,0.1830560714006424,"['Data Store Object', 'Data Mart', 'DTP', 'Composite Provider', 'Datenvorschau']","[0.1830560714006424, 0.0681992694735527, 0.0681849792599678, 0.06810281425714493, 0.06809264421463013]"
..\Data\Rest Ungelabelt\66792b7866ca43eba4507b14618552c7.png,Data Flow Object,0.1836012899875641,"['Data Flow Object', 'Composite Provider', 'Transformationen', 'ABAP Dictionary', 'Data Store Object']","[0.1836012899875641, 0.06832878291606903, 0.06805019825696945, 0.06800897419452667, 0.06800651550292969]"
..\Data\Rest Ungelabelt\669403149fdb4078b0a5bc61bde4aa2f.png,Excel,0.1546255350112915,"['Excel', 'Bewegungsdaten', 'ABAP Dictionary', 'Transformationen', 'Data Flow Object']","[0.1546255350112915, 0.08407790958881378, 0.06923718750476837, 0.069217748939991, 0.06921496242284775]"
..\Data\Rest Ungelabelt\66b2d9b8e5074cbaa16fdcdd24b058e9.png,ABAP Dictionary,0.16473354399204254,"['ABAP Dictionary', 'Datenvorschau', 'Bewegungsdaten', 'DTP', 'Composite Provider']","[0.16473354399204254, 0.07306487113237381, 0.06995710730552673, 0.06979688256978989, 0.06966137140989304]"
..\Data\Rest Ungelabelt\66dd654c3bcb475f83219460622e9182.png,Query,0.1704861968755722,"['Query', 'Data Store Object', 'BW4Cockpit (Stammdaten)', 'Data Source', 'Transformationen']","[0.1704861968755722, 0.07157870382070541, 0.0694817528128624, 0.06932058185338974, 0.06919713318347931]"
..\Data\Rest Ungelabelt\66fae4a4850f48f798a7395272fca7b2.png,Data Store Object,0.16797704994678497,"['Data Store Object', 'Data Mart', 'Query', 'Datenvorschau', 'Composite Provider']","[0.16797704994678497, 0.07526061683893204, 0.06898998469114304, 0.06894737482070923, 0.06893060356378555]"
..\Data\Rest Ungelabelt\670588a1eac74076a89b76a1ecc4f32a.png,Data Store Object,0.1583442986011505,"['Data Store Object', 'Data Source', 'Data Mart', 'Datenvorschau', 'Query']","[0.1583442986011505, 0.075015127658844, 0.07479158788919449, 0.069549560546875, 0.06919294595718384]"
..\Data\Rest Ungelabelt\6723bf779f3d41779c119dc5bc255e30.png,Data Store Object,0.1322835385799408,"['Data Store Object', 'Data Mart', 'Datenvorschau', 'Composite Provider', 'Bewegungsdaten']","[0.1322835385799408, 0.07821797579526901, 0.07792976498603821, 0.07695655524730682, 0.07182848453521729]"
..\Data\Rest Ungelabelt\675f4dc96fbb4c0d826575dce9549f04.png,Query,0.09165458381175995,"['Query', 'DTP', 'Data Store Object', 'Data Source', 'Composite Provider']","[0.09165458381175995, 0.09007064253091812, 0.08546551316976547, 0.08444570749998093, 0.07531408965587616]"
..\Data\Rest Ungelabelt\6773897db4ac4cc3b6eb5bc8cb33efa8.png,Query,0.1846865862607956,"['Query', 'Data Store Object', 'Datenvorschau', 'Data Mart', 'Data Source']","[0.1846865862607956, 0.06794286519289017, 0.06794286519289017, 0.06794282048940659, 0.0679427906870842]"
..\Data\Rest Ungelabelt\6773c687247f4ddfa12fb50e55ab84f2.png,Excel,0.1845899373292923,"['Excel', 'Bewegungsdaten', 'Data Flow Object', 'DTP', 'Data Store Object']","[0.1845899373292923, 0.06797823309898376, 0.06795064359903336, 0.06794872879981995, 0.06794872134923935]"
..\Data\Rest Ungelabelt\677d1239c8854a25921c43fa897d06c0.png,Excel,0.09490294754505157,"['Excel', 'DTP', 'BW4Cockpit (Stammdaten)', 'Transformationen', 'Datenvorschau']","[0.09490294754505157, 0.09289256483316422, 0.0842210054397583, 0.07540453225374222, 0.07533439993858337]"
..\Data\Rest Ungelabelt\67c681231dea46e5a329901ee106388d.png,Composite Provider,0.0967891588807106,"['Composite Provider', 'Data Store Object', 'Data Source', 'Datenvorschau', 'Data Mart']","[0.0967891588807106, 0.09322891384363174, 0.08063320070505142, 0.07760444283485413, 0.0775940865278244]"
..\Data\Rest Ungelabelt\67f1ac0cea034755bcca8a1bbd76c22b.png,DTP,0.13989226520061493,"['DTP', 'ABAP Dictionary', 'Bewegungsdaten', 'BW4Cockpit (Stammdaten)', 'Data Store Object']","[0.13989226520061493, 0.08470363169908524, 0.07497325539588928, 0.07146584242582321, 0.07060715556144714]"
..\Data\Rest Ungelabelt\67fd2b756c9f47538c25e04cd1e52f01.png,Data Flow Object,0.1845504641532898,"['Data Flow Object', 'Composite Provider', 'DTP', 'ABAP Dictionary', 'Excel']","[0.1845504641532898, 0.06799722462892532, 0.06795239448547363, 0.06795136630535126, 0.0679502934217453]"
..\Data\Rest Ungelabelt\680896e3413c485ca252ab51f4ec444a.jpeg,ABAP Dictionary,0.18436285853385925,"['ABAP Dictionary', 'Bewegungsdaten', 'Datenvorschau', 'BW4Cockpit (Stammdaten)', 'Transformationen']","[0.18436285853385925, 0.068027064204216, 0.06798093765974045, 0.06797298789024353, 0.06797005236148834]"
..\Data\Rest Ungelabelt\681b4de272844be2863aefc0ef49dd1a.png,Data Source,0.18431030213832855,"['Data Source', 'Datenvorschau', 'Data Store Object', 'Data Mart', 'Transformationen']","[0.18431030213832855, 0.06810023635625839, 0.06796909123659134, 0.06796465069055557, 0.06796297430992126]"
..\Data\Rest Ungelabelt\6821cc23873a4163ac20baa7ef2097b1.jpeg,DTP,0.1846771091222763,"['DTP', 'ABAP Dictionary', 'Transformationen', 'Data Source', 'Query']","[0.1846771091222763, 0.06794687360525131, 0.06794344633817673, 0.06794329732656479, 0.06794328987598419]"
..\Data\Rest Ungelabelt\6824cb056cad433fb6dafc0ac1f2789d.png,Data Store Object,0.1266310214996338,"['Data Store Object', 'Query', 'Data Source', 'BW4Cockpit (Stammdaten)', 'Data Mart']","[0.1266310214996338, 0.0936688631772995, 0.07748007774353027, 0.07090813666582108, 0.0702962651848793]"
..\Data\Rest Ungelabelt\6829c1ba06e34880baa690e500ff62ee.png,Data Store Object,0.14816853404045105,"['Data Store Object', 'Composite Provider', 'Query', 'Data Source', 'Transformationen']","[0.14816853404045105, 0.07629814743995667, 0.07534416019916534, 0.07094229757785797, 0.07059457153081894]"
..\Data\Rest Ungelabelt\68312e8a904a4a959c14de0b8dbe27a1.png,Datenvorschau,0.09667396545410156,"['Datenvorschau', 'Composite Provider', 'Bewegungsdaten', 'BW4Cockpit (Stammdaten)', 'Data Flow Object']","[0.09667396545410156, 0.08347023278474808, 0.0834437906742096, 0.07879278063774109, 0.07704547047615051]"
..\Data\Rest Ungelabelt\684943c7f8fa4cc08e20c83431a9f17d.png,Query,0.18423669040203094,"['Query', 'Data Source', 'BW4Cockpit (Stammdaten)', 'DTP', 'Excel']","[0.18423669040203094, 0.06805063039064407, 0.06799353659152985, 0.06798189878463745, 0.06797458976507187]"
..\Data\Rest Ungelabelt\687cadd9948b49ba86745841a45b7ff2.jpeg,Query,0.15930043160915375,"['Query', 'Data Source', 'Data Store Object', 'Transformationen', 'ABAP Dictionary']","[0.15930043160915375, 0.07378688454627991, 0.07313212752342224, 0.07084990292787552, 0.0694507285952568]"
..\Data\Rest Ungelabelt\68942e5251d4494ebf7f1bc77f5c9702.png,Bewegungsdaten,0.14870116114616394,"['Bewegungsdaten', 'ABAP Dictionary', 'Datenvorschau', 'Data Store Object', 'Excel']","[0.14870116114616394, 0.0793643668293953, 0.0758003517985344, 0.06989908218383789, 0.0697689801454544]"
..\Data\Rest Ungelabelt\68a8c48a391a446f91d8b52bf599dab4.jpeg,Datenvorschau,0.13175846636295319,"['Datenvorschau', 'ABAP Dictionary', 'Transformationen', 'Data Source', 'Bewegungsdaten']","[0.13175846636295319, 0.08311556279659271, 0.07514738291501999, 0.07367807626724243, 0.07349057495594025]"
..\Data\Rest Ungelabelt\68a9b0f73a714fca834cd19755ae2e95.jpeg,Query,0.12864550948143005,"['Query', 'Data Store Object', 'Data Mart', 'Datenvorschau', 'Composite Provider']","[0.12864550948143005, 0.10177206993103027, 0.0706993043422699, 0.06997014582157135, 0.06989487260580063]"
..\Data\Rest Ungelabelt\68ca8b4f8eb24639a731eadd17a79831.png,DTP,0.18349504470825195,"['DTP', 'Data Store Object', 'BW4Cockpit (Stammdaten)', 'ABAP Dictionary', 'Bewegungsdaten']","[0.18349504470825195, 0.06816811859607697, 0.06813127547502518, 0.06807181984186172, 0.06805459409952164]"
..\Data\Rest Ungelabelt\68d66991227c4dea80803f0a71d559ce.png,Query,0.11413587629795074,"['Query', 'Data Store Object', 'DTP', 'Composite Provider', 'Datenvorschau']","[0.11413587629795074, 0.0912245661020279, 0.08251751214265823, 0.0754050761461258, 0.07180548459291458]"
..\Data\Rest Ungelabelt\691e289036d4484a955774aba9f9404c.jpeg,DTP,0.1513851433992386,"['DTP', 'ABAP Dictionary', 'Bewegungsdaten', 'Excel', 'BW4Cockpit (Stammdaten)']","[0.1513851433992386, 0.08495708554983139, 0.06989790499210358, 0.06950105726718903, 0.06949763745069504]"
..\Data\Rest Ungelabelt\6928006995b64423b34f96f2e26a3973.png,Data Store Object,0.1504591554403305,"['Data Store Object', 'Composite Provider', 'Query', 'Data Source', 'Data Mart']","[0.1504591554403305, 0.08136974275112152, 0.07182163000106812, 0.07036391645669937, 0.07015753537416458]"
..\Data\Rest Ungelabelt\69336e10915a4f089740fd2f1c382f70.png,ABAP Dictionary,0.12595178186893463,"['ABAP Dictionary', 'Bewegungsdaten', 'Datenvorschau', 'Data Flow Object', 'Composite Provider']","[0.12595178186893463, 0.10066158324480057, 0.07141534239053726, 0.07070478796958923, 0.07043617963790894]"
..\Data\Rest Ungelabelt\6933a32810c943f89c7575b719abc71b.jpeg,Datenvorschau,0.12534700334072113,"['Datenvorschau', 'Data Source', 'Composite Provider', 'Excel', 'Transformationen']","[0.12534700334072113, 0.10270856320858002, 0.07107631117105484, 0.07038631290197372, 0.07015103846788406]"
..\Data\Rest Ungelabelt\696bfa7a17fe472ca269d705cd30cb9d.png,DTP,0.10183936357498169,"['DTP', 'Data Flow Object', 'Excel', 'ABAP Dictionary', 'BW4Cockpit (Stammdaten)']","[0.10183936357498169, 0.08278906345367432, 0.08194281160831451, 0.07832781970500946, 0.0768493041396141]"
..\Data\Rest Ungelabelt\69762398d9c7406d8c6d05d04a495032.png,Query,0.13193880021572113,"['Query', 'Data Source', 'Transformationen', 'Data Store Object', 'Datenvorschau']","[0.13193880021572113, 0.0855829194188118, 0.0729093849658966, 0.07274789363145828, 0.07162268459796906]"
..\Data\Rest Ungelabelt\6982dc053d86470fbffac1b67b479126.png,Datenvorschau,0.10296660661697388,"['Datenvorschau', 'Data Source', 'Transformationen', 'Data Mart', 'Data Store Object']","[0.10296660661697388, 0.09603527933359146, 0.07657485455274582, 0.07652921974658966, 0.07597417384386063]"
..\Data\Rest Ungelabelt\69b2138a363747a895dad5a07b7c22a5.png,Data Store Object,0.14251960813999176,"['Data Store Object', 'Query', 'Data Source', 'Transformationen', 'Composite Provider']","[0.14251960813999176, 0.07676215469837189, 0.07471763342618942, 0.07182296365499496, 0.07176820933818817]"
..\Data\Rest Ungelabelt\69c544486a8a4db9a4b8c66d8949b632.png,Data Store Object,0.11205615103244781,"['Data Store Object', 'DTP', 'Datenvorschau', 'Composite Provider', 'Data Mart']","[0.11205615103244781, 0.09040644764900208, 0.09010085463523865, 0.07258491963148117, 0.07071414589881897]"
..\Data\Rest Ungelabelt\69ef2d711f84451a899793bcc75f10ad.png,Query,0.18466565012931824,"['Query', 'Data Source', 'Data Store Object', 'Data Flow Object', 'BW4Cockpit (Stammdaten)']","[0.18466565012931824, 0.06794790178537369, 0.06794506311416626, 0.06794486939907074, 0.06794461607933044]"
..\Data\Rest Ungelabelt\69f14e11734d4d0da7a57b5a76367832.png,DTP,0.18447864055633545,"['DTP', 'Query', 'Composite Provider', 'Data Source', 'Data Store Object']","[0.18447864055633545, 0.06797510385513306, 0.06797145307064056, 0.06796564161777496, 0.06796543300151825]"
..\Data\Rest Ungelabelt\69ff46247d1a41319fd91e1f539ab7a8.png,Query,0.18468360602855682,"['Query', 'Data Source', 'BW4Cockpit (Stammdaten)', 'Composite Provider', 'Data Mart']","[0.18468360602855682, 0.0679435133934021, 0.0679432600736618, 0.06794305145740509, 0.06794305145740509]"
..\Data\Rest Ungelabelt\6a18d6c939ae4d7ca0ca51733abfa15c.png,Excel,0.18467757105827332,"['Excel', 'Bewegungsdaten', 'DTP', 'Composite Provider', 'BW4Cockpit (Stammdaten)']","[0.18467757105827332, 0.06794541329145432, 0.06794397532939911, 0.06794355809688568, 0.0679435133934021]"
..\Data\Rest Ungelabelt\6a2875c90ab04da6b72f14b74d805863.png,Data Store Object,0.18452082574367523,"['Data Store Object', 'BW4Cockpit (Stammdaten)', 'DTP', 'Data Mart', 'Query']","[0.18452082574367523, 0.06801106035709381, 0.06795960664749146, 0.06795094907283783, 0.06795091927051544]"
..\Data\Rest Ungelabelt\6a54fc232b2a4bda832339be075ca520.png,Data Source,0.13336780667304993,"['Data Source', 'Datenvorschau', 'Data Mart', 'Data Store Object', 'Transformationen']","[0.13336780667304993, 0.08167571574449539, 0.07532556354999542, 0.07500912249088287, 0.07177861779928207]"
..\Data\Rest Ungelabelt\6a5797653dc34196a2a67236de2f75c4.png,Data Flow Object,0.1821834295988083,"['Data Flow Object', 'Composite Provider', 'DTP', 'ABAP Dictionary', 'Excel']","[0.1821834295988083, 0.06906259059906006, 0.06808222085237503, 0.0680784285068512, 0.06806942075490952]"
..\Data\Rest Ungelabelt\6a58ea17318244c39afef98cd5d5a683.png,DTP,0.1784258335828781,"['DTP', 'Bewegungsdaten', 'Query', 'Data Source', 'ABAP Dictionary']","[0.1784258335828781, 0.06989046186208725, 0.06850030273199081, 0.06842795014381409, 0.06841225922107697]"
..\Data\Rest Ungelabelt\6a6ba70c705e4b9b8c401877838bc03e.png,DTP,0.18461211025714874,"['DTP', 'ABAP Dictionary', 'Bewegungsdaten', 'Data Source', 'Datenvorschau']","[0.18461211025714874, 0.06795874238014221, 0.06795471906661987, 0.06795024126768112, 0.06794866919517517]"
..\Data\Rest Ungelabelt\6a82e734648a49e193c5a49fe4394870.png,Query,0.10803741961717606,"['Query', 'Transformationen', 'Data Mart', 'Data Source', 'Data Store Object']","[0.10803741961717606, 0.08148761838674545, 0.08075682818889618, 0.07809045165777206, 0.07547859102487564]"
..\Data\Rest Ungelabelt\6aa41ece19a74fd1851e9340298b001c.png,Query,0.1437770277261734,"['Query', 'Data Source', 'Data Store Object', 'Data Mart', 'DTP']","[0.1437770277261734, 0.08665506541728973, 0.07191191613674164, 0.07044307142496109, 0.06993860006332397]"
..\Data\Rest Ungelabelt\6acc72628bfc462d925c6ee43aa560ba.png,Query,0.1845742166042328,"['Query', 'Data Store Object', 'Composite Provider', 'Data Mart', 'Datenvorschau']","[0.1845742166042328, 0.06796695291996002, 0.06795500218868256, 0.06795486807823181, 0.06795211881399155]"
..\Data\Rest Ungelabelt\6ad587d9091a466eb6327c8b23af6036.png,Data Source,0.17627859115600586,"['Data Source', 'Query', 'Datenvorschau', 'Data Mart', 'Data Store Object']","[0.17627859115600586, 0.07132115215063095, 0.06871671229600906, 0.06844882667064667, 0.06839359551668167]"
..\Data\Rest Ungelabelt\6b0a8d934f284aa59d6dcd8cf06cf500.png,Data Store Object,0.1205412745475769,"['Data Store Object', 'Query', 'Data Source', 'Datenvorschau', 'Data Mart']","[0.1205412745475769, 0.08653144538402557, 0.08088251948356628, 0.07372792810201645, 0.07256946712732315]"
..\Data\Rest Ungelabelt\6b0c89aa3c3c49f5aa46fababdbfd993.png,BW4Cockpit (Stammdaten),0.18398341536521912,"['BW4Cockpit (Stammdaten)', 'Data Store Object', 'DTP', 'Query', 'Transformationen']","[0.18398341536521912, 0.06814952194690704, 0.06802704930305481, 0.06800583004951477, 0.06799164414405823]"
..\Data\Rest Ungelabelt\6b2447b46fec48a9a9f371eb7aa3def5.png,Transformationen,0.16785426437854767,"['Transformationen', 'Composite Provider', 'Datenvorschau', 'Query', 'Data Source']","[0.16785426437854767, 0.07089553773403168, 0.07051447778940201, 0.07023341208696365, 0.06963230669498444]"
..\Data\Rest Ungelabelt\6b58219671f64982921cfd98073b1030.jpeg,Datenvorschau,0.18236887454986572,"['Datenvorschau', 'Query', 'BW4Cockpit (Stammdaten)', 'Excel', 'Data Source']","[0.18236887454986572, 0.0684836357831955, 0.0683133602142334, 0.06814028322696686, 0.06813475489616394]"
..\Data\Rest Ungelabelt\6b895dbd95fe40c98579af53d03c0cb8.png,Query,0.12546873092651367,"['Query', 'Data Store Object', 'Data Source', 'Data Mart', 'BW4Cockpit (Stammdaten)']","[0.12546873092651367, 0.09752979129552841, 0.07348185777664185, 0.07171009480953217, 0.07054668664932251]"
..\Data\Rest Ungelabelt\6b948b8524b94ce78b4c9bf8c685987c.png,Query,0.15712103247642517,"['Query', 'Transformationen', 'Composite Provider', 'Data Flow Object', 'Data Source']","[0.15712103247642517, 0.07481265813112259, 0.07335145026445389, 0.07015366852283478, 0.06975778937339783]"
..\Data\Rest Ungelabelt\6b954076109e440aa80bf453f3df18cd.png,Data Store Object,0.13295873999595642,"['Data Store Object', 'Data Mart', 'Data Source', 'Query', 'Datenvorschau']","[0.13295873999595642, 0.09525078535079956, 0.07130201160907745, 0.07093632966279984, 0.07042504847049713]"
..\Data\Rest Ungelabelt\6bd286c865ab4494a47900b73306da66.jpeg,DTP,0.09520914405584335,"['DTP', 'Data Source', 'Data Store Object', 'Query', 'ABAP Dictionary']","[0.09520914405584335, 0.08791454136371613, 0.0865226611495018, 0.07810220867395401, 0.07423803955316544]"
..\Data\Rest Ungelabelt\6bd7a15423ca42cfaa952cd5e210eee8.png,Bewegungsdaten,0.0896182507276535,"['Bewegungsdaten', 'Excel', 'BW4Cockpit (Stammdaten)', 'Composite Provider', 'Data Flow Object']","[0.0896182507276535, 0.08101223409175873, 0.07847105711698532, 0.07712992280721664, 0.07702633738517761]"
..\Data\Rest Ungelabelt\6be1449a0fc741f6bee4f1fc1cb03860.jpeg,ABAP Dictionary,0.17350256443023682,"['ABAP Dictionary', 'Bewegungsdaten', 'Datenvorschau', 'DTP', 'Composite Provider']","[0.17350256443023682, 0.07215388864278793, 0.06893899291753769, 0.06862489879131317, 0.06862205266952515]"
..\Data\Rest Ungelabelt\6c06e1a53d0c408e96f66205d2fb2e87.jpeg,Data Store Object,0.1335771530866623,"['Data Store Object', 'Data Mart', 'Composite Provider', 'Datenvorschau', 'Data Source']","[0.1335771530866623, 0.09748613834381104, 0.07036697864532471, 0.0700337141752243, 0.06999676674604416]"
..\Data\Rest Ungelabelt\6c13eafd69fa45f49dbb7989b7213f80.jpeg,Data Store Object,0.14696770906448364,"['Data Store Object', 'Datenvorschau', 'Data Source', 'Composite Provider', 'Data Mart']","[0.14696770906448364, 0.07882201671600342, 0.07484787702560425, 0.07119331508874893, 0.07080160826444626]"
..\Data\Rest Ungelabelt\6c140a1ebf7a4936a33f0517fe6a22f8.jpeg,Data Source,0.0983133614063263,"['Data Source', 'ABAP Dictionary', 'Datenvorschau', 'Transformationen', 'DTP']","[0.0983133614063263, 0.08774818480014801, 0.08585986495018005, 0.07528238743543625, 0.07494369894266129]"
..\Data\Rest Ungelabelt\6c21509a870842889772d7efa6087654.jpeg,Data Store Object,0.10291610658168793,"['Data Store Object', 'Data Source', 'BW4Cockpit (Stammdaten)', 'Transformationen', 'Data Flow Object']","[0.10291610658168793, 0.09869417548179626, 0.07652024924755096, 0.0744224339723587, 0.07385528832674026]"
..\Data\Rest Ungelabelt\6c3141acae75400f862adcb4ba82f088.png,Datenvorschau,0.10339218378067017,"['Datenvorschau', 'Transformationen', 'Query', 'Data Source', 'Data Store Object']","[0.10339218378067017, 0.09014688432216644, 0.08331078290939331, 0.07796181738376617, 0.07588415592908859]"
..\Data\Rest Ungelabelt\6c33ce6d14894bedbdeec0a4478e39d7.png,ABAP Dictionary,0.1017649844288826,"['ABAP Dictionary', 'Composite Provider', 'Datenvorschau', 'Data Source', 'Transformationen']","[0.1017649844288826, 0.09351448714733124, 0.08965283632278442, 0.07604584842920303, 0.0720314234495163]"
..\Data\Rest Ungelabelt\6c6c064c4139480288f171d9a46e22f7.png,Data Store Object,0.14896579086780548,"['Data Store Object', 'Query', 'Data Source', 'BW4Cockpit (Stammdaten)', 'Data Mart']","[0.14896579086780548, 0.08378104865550995, 0.07202685624361038, 0.06968647986650467, 0.06965875625610352]"
..\Data\Rest Ungelabelt\6c70ade13bb34c93a3bdadcc8f41cff3.png,DTP,0.1822761446237564,"['DTP', 'Bewegungsdaten', 'BW4Cockpit (Stammdaten)', 'ABAP Dictionary', 'Data Store Object']","[0.1822761446237564, 0.06836697459220886, 0.06829781085252762, 0.06829051673412323, 0.06812062114477158]"
..\Data\Rest Ungelabelt\6c846dcbed734f00920e9cd490293b59.png,ABAP Dictionary,0.10955006629228592,"['ABAP Dictionary', 'Transformationen', 'Query', 'Datenvorschau', 'Composite Provider']","[0.10955006629228592, 0.09324613958597183, 0.07665324211120605, 0.07581223547458649, 0.07426541298627853]"
..\Data\Rest Ungelabelt\6c8da3e06d2b4a3c89a2f6b7134ffd7e.png,ABAP Dictionary,0.10644713044166565,"['ABAP Dictionary', 'BW4Cockpit (Stammdaten)', 'DTP', 'Composite Provider', 'Transformationen']","[0.10644713044166565, 0.0887891948223114, 0.07727755606174469, 0.07643729448318481, 0.07509423792362213]"
..\Data\Rest Ungelabelt\6cfb36d6aa9446778e42a77f08af8e52.png,Query,0.11797649413347244,"['Query', 'Composite Provider', 'Data Store Object', 'DTP', 'Transformationen']","[0.11797649413347244, 0.11075754463672638, 0.07058940082788467, 0.07029452919960022, 0.07024264335632324]"
..\Data\Rest Ungelabelt\6d11872c9b9248b8b88faa838f2406c3.jpeg,Data Source,0.10175382345914841,"['Data Source', 'Transformationen', 'Data Mart', 'Datenvorschau', 'Data Store Object']","[0.10175382345914841, 0.08492404967546463, 0.08314575254917145, 0.08062935620546341, 0.07582636922597885]"
..\Data\Rest Ungelabelt\6d1d7dd449eb4b09aee03b8e35f013b0.jpeg,Query,0.18467549979686737,"['Query', 'Data Source', 'Composite Provider', 'BW4Cockpit (Stammdaten)', 'Transformationen']","[0.18467549979686737, 0.06794464588165283, 0.06794405728578568, 0.06794394552707672, 0.06794384121894836]"
..\Data\Rest Ungelabelt\6d260bc8245d4f4d830fa3fb1568f02f.png,DTP,0.1821654736995697,"['DTP', 'Data Store Object', 'Bewegungsdaten', 'BW4Cockpit (Stammdaten)', 'Excel']","[0.1821654736995697, 0.06865502893924713, 0.06822331994771957, 0.06816059350967407, 0.06812191754579544]"
..\Data\Rest Ungelabelt\6d40347d90a542f8b3a1743b2b95874a.png,Data Store Object,0.1792566031217575,"['Data Store Object', 'DTP', 'Composite Provider', 'BW4Cockpit (Stammdaten)', 'Query']","[0.1792566031217575, 0.07023715227842331, 0.06833462417125702, 0.06827868521213531, 0.0682591050863266]"
..\Data\Rest Ungelabelt\6d456f941a6b4cb79fd3d8d7cf479278.png,Data Store Object,0.18420442938804626,"['Data Store Object', 'Data Source', 'BW4Cockpit (Stammdaten)', 'DTP', 'Query']","[0.18420442938804626, 0.06802717596292496, 0.0680140033364296, 0.0680011585354805, 0.06798426061868668]"
..\Data\Rest Ungelabelt\6d47251263774c448219be941f6f44cc.png,Excel,0.14624665677547455,"['Excel', 'BW4Cockpit (Stammdaten)', 'Data Store Object', 'DTP', 'Transformationen']","[0.14624665677547455, 0.08855392038822174, 0.06971907615661621, 0.06965211033821106, 0.06962186098098755]"
..\Data\Rest Ungelabelt\6d9b52636acf48b5996a3b748ada291f.png,DTP,0.18464046716690063,"['DTP', 'ABAP Dictionary', 'Bewegungsdaten', 'BW4Cockpit (Stammdaten)', 'Data Store Object']","[0.18464046716690063, 0.0679556205868721, 0.06795082241296768, 0.06794644147157669, 0.06794595718383789]"
..\Data\Rest Ungelabelt\6da7735f48074ea391db4cc0eb80fadd.png,Datenvorschau,0.11018246412277222,"['Datenvorschau', 'Data Store Object', 'Data Mart', 'Composite Provider', 'Data Source']","[0.11018246412277222, 0.08984576165676117, 0.08145100623369217, 0.07791997492313385, 0.0740329846739769]"
..\Data\Rest Ungelabelt\6dca9824823342f5b13cca64561000dc.png,Data Source,0.17275620996952057,"['Data Source', 'Data Store Object', 'Data Mart', 'Datenvorschau', 'Transformationen']","[0.17275620996952057, 0.07002784311771393, 0.06999659538269043, 0.06976756453514099, 0.06888880580663681]"
..\Data\Rest Ungelabelt\6dcc7af9fd09406dac05d0ac76dd28c2.png,Query,0.1422603279352188,"['Query', 'Data Store Object', 'Data Source', 'Data Mart', 'Transformationen']","[0.1422603279352188, 0.0795838013291359, 0.07265691459178925, 0.07206358015537262, 0.07193803042173386]"
..\Data\Rest Ungelabelt\6df5d95ee4fa4426ab6db83c985ba843.png,Transformationen,0.18467852473258972,"['Transformationen', 'Composite Provider', 'Excel', 'Data Flow Object', 'DTP']","[0.18467852473258972, 0.06794542819261551, 0.06794386357069016, 0.06794341653585434, 0.06794331222772598]"
..\Data\Rest Ungelabelt\6e017d1d90c443ea834ef26ccbccbff9.png,Data Store Object,0.17491529881954193,"['Data Store Object', 'Data Source', 'DTP', 'Query', 'BW4Cockpit (Stammdaten)']","[0.17491529881954193, 0.06990521401166916, 0.0697450339794159, 0.06904981285333633, 0.06868826597929001]"
..\Data\Rest Ungelabelt\6e0e1ba133cc4b24b472e5f0b06895cc.png,BW4Cockpit (Stammdaten),0.1842949539422989,"['BW4Cockpit (Stammdaten)', 'Data Store Object', 'DTP', 'Excel', 'Query']","[0.1842949539422989, 0.068024642765522, 0.06801002472639084, 0.06798657029867172, 0.06797277182340622]"
..\Data\Rest Ungelabelt\6e26cae963de4833afc32bb3994dacba.jpeg,Transformationen,0.10066103935241699,"['Transformationen', 'Composite Provider', 'DTP', 'Datenvorschau', 'ABAP Dictionary']","[0.10066103935241699, 0.09235768765211105, 0.0830843597650528, 0.07796014100313187, 0.07340040802955627]"
..\Data\Rest Ungelabelt\6e59c9f3705345e7b4448330b8d7732f.png,Query,0.10095588862895966,"['Query', 'Composite Provider', 'Data Flow Object', 'Transformationen', 'Data Mart']","[0.10095588862895966, 0.08993994444608688, 0.08877728879451752, 0.0798870176076889, 0.07191521674394608]"
..\Data\Rest Ungelabelt\6e8e7592b50a490684304c14289276ea.png,Data Store Object,0.18403080105781555,"['Data Store Object', 'Composite Provider', 'BW4Cockpit (Stammdaten)', 'DTP', 'Data Mart']","[0.18403080105781555, 0.06822498142719269, 0.06798096001148224, 0.06798087060451508, 0.06797987967729568]"
..\Data\Rest Ungelabelt\6eb536975daf4631b1b39eac17b85183.png,Data Flow Object,0.18278443813323975,"['Data Flow Object', 'Composite Provider', 'ABAP Dictionary', 'Transformationen', 'Excel']","[0.18278443813323975, 0.06881111115217209, 0.06804470717906952, 0.06803891807794571, 0.06803710013628006]"
..\Data\Rest Ungelabelt\6ebe4a4c0a01482d81db1c19518b45b7.jpeg,DTP,0.1522562950849533,"['DTP', 'Transformationen', 'Datenvorschau', 'Composite Provider', 'Data Store Object']","[0.1522562950849533, 0.07508885115385056, 0.07291561365127563, 0.07151124626398087, 0.07145241647958755]"
..\Data\Rest Ungelabelt\6ec822a0b9904d1e81989e37a151c8ab.png,BW4Cockpit (Stammdaten),0.18400011956691742,"['BW4Cockpit (Stammdaten)', 'Query', 'Excel', 'Datenvorschau', 'Data Store Object']","[0.18400011956691742, 0.06819142401218414, 0.06799046695232391, 0.06798867881298065, 0.0679871141910553]"
..\Data\Rest Ungelabelt\6eca0077f1c2470683fdc86d1548c703.png,Data Source,0.1188909113407135,"['Data Source', 'Query', 'Data Mart', 'Data Store Object', 'Datenvorschau']","[0.1188909113407135, 0.08443161845207214, 0.08190297335386276, 0.07566183060407639, 0.07423467189073563]"
..\Data\Rest Ungelabelt\6ee1a300fef44bfface25c0e5434d51e.jpeg,Data Store Object,0.10822725296020508,"['Data Store Object', 'Query', 'DTP', 'ABAP Dictionary', 'Composite Provider']","[0.10822725296020508, 0.08834615349769592, 0.08002784103155136, 0.07531941682100296, 0.07522076368331909]"
..\Data\Rest Ungelabelt\6f0177ef9626414a87a7e81b40fd5295.png,Composite Provider,0.1521434783935547,"['Composite Provider', 'Query', 'Data Store Object', 'DTP', 'Data Source']","[0.1521434783935547, 0.07741701602935791, 0.07499267905950546, 0.0701669380068779, 0.0700809508562088]"
..\Data\Rest Ungelabelt\6f06843bdade42bba8783ab4c35b9b14.png,Datenvorschau,0.09195708483457565,"['Datenvorschau', 'Data Store Object', 'Data Mart', 'Data Source', 'Transformationen']","[0.09195708483457565, 0.0909784808754921, 0.08716198056936264, 0.07991509884595871, 0.07773160934448242]"
..\Data\Rest Ungelabelt\6f07b7af600c41cdbceb0307d8efb94b.png,Data Flow Object,0.1838652342557907,"['Data Flow Object', 'Composite Provider', 'Transformationen', 'ABAP Dictionary', 'DTP']","[0.1838652342557907, 0.06832475960254669, 0.06798319518566132, 0.06798302382230759, 0.06798296421766281]"
..\Data\Rest Ungelabelt\6f0dfc6da3804fab8110967329d789f8.png,Query,0.1814967542886734,"['Query', 'Data Source', 'Data Store Object', 'BW4Cockpit (Stammdaten)', 'Datenvorschau']","[0.1814967542886734, 0.06917950510978699, 0.06820850819349289, 0.06816870719194412, 0.06813395768404007]"
..\Data\Rest Ungelabelt\6f19935ccafd4b07a04a47c5622b8380.png,Query,0.13258302211761475,"['Query', 'Data Source', 'Data Mart', 'Data Store Object', 'Composite Provider']","[0.13258302211761475, 0.0882951095700264, 0.07357750833034515, 0.0719275176525116, 0.07169501483440399]"
..\Data\Rest Ungelabelt\6f316cabe0804e25aabb560546f10e55.png,Data Store Object,0.1557726114988327,"['Data Store Object', 'Query', 'Data Mart', 'Data Source', 'Composite Provider']","[0.1557726114988327, 0.08158555626869202, 0.06963636726140976, 0.06956014782190323, 0.06948814541101456]"
..\Data\Rest Ungelabelt\6f43a4786bc04b7cbe933054bb5a2e33.png,Data Store Object,0.1843857318162918,"['Data Store Object', 'BW4Cockpit (Stammdaten)', 'DTP', 'Query', 'Composite Provider']","[0.1843857318162918, 0.06803029030561447, 0.06799276173114777, 0.06796383857727051, 0.067963607609272]"
..\Data\Rest Ungelabelt\6f5a8c1048304abbbc9e7603dd1c2ee8.jpeg,Datenvorschau,0.09826245903968811,"['Datenvorschau', 'Data Source', 'Transformationen', 'Composite Provider', 'ABAP Dictionary']","[0.09826245903968811, 0.08301094174385071, 0.08148490637540817, 0.07922255247831345, 0.07674816995859146]"
..\Data\Rest Ungelabelt\6f75212cbe2c41cd998dffc64d11bbf7.png,Data Store Object,0.1042250469326973,"['Data Store Object', 'Data Mart', 'Query', 'DTP', 'Data Source']","[0.1042250469326973, 0.08871948719024658, 0.07983636856079102, 0.07814390957355499, 0.07533252239227295]"
..\Data\Rest Ungelabelt\6f81b103e19e4c50a27204b157529823.png,Composite Provider,0.1481347680091858,"['Composite Provider', 'Data Flow Object', 'Data Source', 'Query', 'Datenvorschau']","[0.1481347680091858, 0.07573695480823517, 0.07346780598163605, 0.07218063622713089, 0.07157246768474579]"
..\Data\Rest Ungelabelt\6f8712c5bbf845a99ff00ced19653727.png,Query,0.11754413694143295,"['Query', 'Data Source', 'Data Store Object', 'Data Mart', 'Datenvorschau']","[0.11754413694143295, 0.08986616879701614, 0.0810224711894989, 0.07529226690530777, 0.07230973988771439]"
..\Data\Rest Ungelabelt\6fa37055760e46c5b68268abfea0469a.png,Composite Provider,0.11919333040714264,"['Composite Provider', 'Data Store Object', 'Transformationen', 'Query', 'Data Mart']","[0.11919333040714264, 0.10958169400691986, 0.07051155716180801, 0.07023287564516068, 0.0702260360121727]"
..\Data\Rest Ungelabelt\6fc636ebbba04aeda9592db296f02305.png,Data Store Object,0.17341217398643494,"['Data Store Object', 'Query', 'Data Mart', 'Data Source', 'Composite Provider']","[0.17341217398643494, 0.0713663399219513, 0.06945442408323288, 0.06898224353790283, 0.06869373470544815]"
..\Data\Rest Ungelabelt\6fd1747620b6432b935ddc4693b7e53e.png,Query,0.1846613883972168,"['Query', 'Data Store Object', 'Data Mart', 'Datenvorschau', 'BW4Cockpit (Stammdaten)']","[0.1846613883972168, 0.06794760376214981, 0.06794589012861252, 0.0679456889629364, 0.06794541329145432]"
..\Data\Rest Ungelabelt\6ff3b6b1993745ed929cedbc979bd4c8.jpeg,Data Flow Object,0.15980394184589386,"['Data Flow Object', 'Composite Provider', 'ABAP Dictionary', 'Data Store Object', 'Transformationen']","[0.15980394184589386, 0.08086109161376953, 0.06910324096679688, 0.06903399527072906, 0.06902711093425751]"
..\Data\Rest Ungelabelt\700759c5324b4cfeac1ea8e15cbded81.png,BW4Cockpit (Stammdaten),0.1834980845451355,"['BW4Cockpit (Stammdaten)', 'Excel', 'Query', 'Data Store Object', 'Datenvorschau']","[0.1834980845451355, 0.06820568442344666, 0.06814703345298767, 0.06804413348436356, 0.06802492588758469]"
..\Data\Rest Ungelabelt\7028d5b5784642a0be6778df0e080524.png,Composite Provider,0.1284269243478775,"['Composite Provider', 'Transformationen', 'Data Source', 'Datenvorschau', 'Query']","[0.1284269243478775, 0.08280695974826813, 0.0773085281252861, 0.07477160543203354, 0.07188481092453003]"
..\Data\Rest Ungelabelt\705bc30daf464b6b9fd37884fec580fd.jpeg,Query,0.1846625953912735,"['Query', 'Data Source', 'BW4Cockpit (Stammdaten)', 'Data Mart', 'Datenvorschau']","[0.1846625953912735, 0.06795112788677216, 0.06794468313455582, 0.06794441491365433, 0.06794437766075134]"
..\Data\Rest Ungelabelt\7061dea6e87e4eb5b8e610e5744edd1e.png,Excel,0.18447798490524292,"['Excel', 'Bewegungsdaten', 'ABAP Dictionary', 'Transformationen', 'DTP']","[0.18447798490524292, 0.06799536198377609, 0.06796754896640778, 0.06796340644359589, 0.06795888394117355]"
..\Data\Rest Ungelabelt\70753b4a325848b7bec01b9d4ad4082c.png,Data Source,0.13089656829833984,"['Data Source', 'BW4Cockpit (Stammdaten)', 'Data Store Object', 'ABAP Dictionary', 'DTP']","[0.13089656829833984, 0.0844343826174736, 0.07517296820878983, 0.072977215051651, 0.07185569405555725]"
..\Data\Rest Ungelabelt\70a17f543e7d41308935b0abf5a53346.png,Data Store Object,0.17816905677318573,"['Data Store Object', 'Composite Provider', 'DTP', 'Data Source', 'BW4Cockpit (Stammdaten)']","[0.17816905677318573, 0.07099764049053192, 0.06829137355089188, 0.06826288253068924, 0.06825972348451614]"
..\Data\Rest Ungelabelt\70ca56b6b91440bda6b7b8b830422b07.jpeg,Excel,0.17955659329891205,"['Excel', 'Datenvorschau', 'Query', 'Data Store Object', 'BW4Cockpit (Stammdaten)']","[0.17955659329891205, 0.07022648304700851, 0.06827236711978912, 0.06821491569280624, 0.06821268051862717]"
..\Data\Rest Ungelabelt\70e7d2063206422cb9271136b6092a14.png,Bewegungsdaten,0.15408456325531006,"['Bewegungsdaten', 'Datenvorschau', 'BW4Cockpit (Stammdaten)', 'Data Store Object', 'Data Source']","[0.15408456325531006, 0.07512392103672028, 0.0731796994805336, 0.07124999165534973, 0.07021504640579224]"
..\Data\Rest Ungelabelt\71182f14f68c43efa1435fdc100c6368.jpeg,Composite Provider,0.09764940291643143,"['Composite Provider', 'Transformationen', 'Datenvorschau', 'Data Source', 'Bewegungsdaten']","[0.09764940291643143, 0.09378405660390854, 0.09022553265094757, 0.07708457112312317, 0.07265394926071167]"
..\Data\Rest Ungelabelt\7121d8666b674beb91fc2170bd802348.png,Query,0.18461157381534576,"['Query', 'Composite Provider', 'Data Store Object', 'Transformationen', 'Data Flow Object']","[0.18461157381534576, 0.06796140223741531, 0.06795096397399902, 0.06794978678226471, 0.06794891506433487]"
..\Data\Rest Ungelabelt\71346e4eb64a4ee297ae9002345bde84.png,Data Store Object,0.14688794314861298,"['Data Store Object', 'Data Mart', 'Data Source', 'Query', 'Datenvorschau']","[0.14688794314861298, 0.08004319667816162, 0.07390288263559341, 0.0723150297999382, 0.07026466727256775]"
..\Data\Rest Ungelabelt\715b974ffac64497accdb9189c280933.jpeg,Excel,0.18468323349952698,"['Excel', 'Bewegungsdaten', 'Data Flow Object', 'Composite Provider', 'Datenvorschau']","[0.18468323349952698, 0.06794434040784836, 0.0679430142045021, 0.06794299185276031, 0.06794298440217972]"
..\Data\Rest Ungelabelt\7190e24074bd476cba18c80aab998839.png,Composite Provider,0.11473734676837921,"['Composite Provider', 'Transformationen', 'Data Source', 'Datenvorschau', 'Query']","[0.11473734676837921, 0.08240561187267303, 0.07854647189378738, 0.07790199667215347, 0.07434861361980438]"
..\Data\Rest Ungelabelt\71a0c86101d249daa38af5bd37a96036.jpeg,Datenvorschau,0.11188782751560211,"['Datenvorschau', 'Composite Provider', 'Transformationen', 'Bewegungsdaten', 'Data Flow Object']","[0.11188782751560211, 0.09245803207159042, 0.07547413557767868, 0.07497156411409378, 0.07318582385778427]"
..\Data\Rest Ungelabelt\71ad412cf5af4e25971d85a50b8e6507.png,DTP,0.1846209168434143,"['DTP', 'Bewegungsdaten', 'ABAP Dictionary', 'BW4Cockpit (Stammdaten)', 'Query']","[0.1846209168434143, 0.06795896589756012, 0.0679529458284378, 0.06794888526201248, 0.0679471418261528]"
..\Data\Rest Ungelabelt\71b3bb1662894c80bca999ee3c152b9e.png,Query,0.14796529710292816,"['Query', 'Data Store Object', 'Datenvorschau', 'Composite Provider', 'Transformationen']","[0.14796529710292816, 0.07770031690597534, 0.07342595607042313, 0.0717611014842987, 0.07058051228523254]"
..\Data\Rest Ungelabelt\71df398a5d2a4ba183473561b66ce457.png,Data Store Object,0.11478449404239655,"['Data Store Object', 'Data Source', 'Query', 'Datenvorschau', 'Data Mart']","[0.11478449404239655, 0.09805383533239365, 0.07776114344596863, 0.07197324186563492, 0.07161282747983932]"
..\Data\Rest Ungelabelt\7210de48824d46d39835d3ad3c0b8107.png,Data Store Object,0.11621852964162827,"['Data Store Object', 'DTP', 'Datenvorschau', 'Data Mart', 'Query']","[0.11621852964162827, 0.09686171263456345, 0.07608547806739807, 0.072395458817482, 0.07226253300905228]"
..\Data\Rest Ungelabelt\722e3f7e2b5a4e6d9fd679851dcfe9dc.png,Transformationen,0.18465173244476318,"['Transformationen', 'Composite Provider', 'Data Flow Object', 'Data Source', 'Datenvorschau']","[0.18465173244476318, 0.06795915961265564, 0.06794451177120209, 0.06794451177120209, 0.0679444670677185]"
..\Data\Rest Ungelabelt\72427fcc0a334c9c91a07642ba87c6ca.jpeg,Data Source,0.09065431356430054,"['Data Source', 'DTP', 'Datenvorschau', 'Data Store Object', 'BW4Cockpit (Stammdaten)']","[0.09065431356430054, 0.08454949408769608, 0.0834646075963974, 0.08302541077136993, 0.07762853801250458]"
..\Data\Rest Ungelabelt\72870bfe37f3412daf7b79cb1ad570e6.png,Query,0.10620933771133423,"['Query', 'Data Store Object', 'Data Mart', 'Datenvorschau', 'Transformationen']","[0.10620933771133423, 0.09409713000059128, 0.08689841628074646, 0.07332377880811691, 0.07235963642597198]"
..\Data\Rest Ungelabelt\729aee01fddc48a48f1ced080ca80fc1.png,DTP,0.1846514791250229,"['DTP', 'Data Source', 'Query', 'ABAP Dictionary', 'Composite Provider']","[0.1846514791250229, 0.06795412302017212, 0.06794658303260803, 0.06794627010822296, 0.06794503331184387]"
..\Data\Rest Ungelabelt\72c5fbbe3209414d82b9119031409b82.png,BW4Cockpit (Stammdaten),0.18169540166854858,"['BW4Cockpit (Stammdaten)', 'Query', 'Excel', 'Data Store Object', 'Datenvorschau']","[0.18169540166854858, 0.06900256127119064, 0.06820864975452423, 0.06817080825567245, 0.06811768561601639]"
..\Data\Rest Ungelabelt\72ed659dd75e4b75a4b713edae87abb9.jpeg,Query,0.1846522092819214,"['Query', 'Composite Provider', 'Data Store Object', 'Datenvorschau', 'Data Flow Object']","[0.1846522092819214, 0.06794943660497665, 0.06794659048318863, 0.06794635951519012, 0.06794635206460953]"
..\Data\Rest Ungelabelt\72ee22d25cdc4e6c86f9c52c926d085a.jpeg,Datenvorschau,0.11140497028827667,"['Datenvorschau', 'Data Source', 'Transformationen', 'Data Store Object', 'Data Flow Object']","[0.11140497028827667, 0.09950068593025208, 0.07458856701850891, 0.07340840995311737, 0.07279513776302338]"
..\Data\Rest Ungelabelt\72f1b4631fd043e9ad999f273ccb0ba3.png,ABAP Dictionary,0.16045349836349487,"['ABAP Dictionary', 'Datenvorschau', 'Bewegungsdaten', 'BW4Cockpit (Stammdaten)', 'Data Flow Object']","[0.16045349836349487, 0.07534250617027283, 0.07329975068569183, 0.0693361833691597, 0.06911648064851761]"
..\Data\Rest Ungelabelt\7336e1f0bcfb404eb03819ab71270cac.png,Query,0.18462571501731873,"['Query', 'Data Store Object', 'BW4Cockpit (Stammdaten)', 'Data Mart', 'Datenvorschau']","[0.18462571501731873, 0.0679568201303482, 0.06795241683721542, 0.06794844567775726, 0.0679473876953125]"
..\Data\Rest Ungelabelt\73481009bd8a4650b4b6e9dd94cdc3b0.png,Data Flow Object,0.12428112328052521,"['Data Flow Object', 'Composite Provider', 'Transformationen', 'DTP', 'Query']","[0.12428112328052521, 0.10684579610824585, 0.06990066915750504, 0.06989847868680954, 0.06989776343107224]"
..\Data\Rest Ungelabelt\734b6d5072004ac3886d054eb273802b.png,Data Store Object,0.16297055780887604,"['Data Store Object', 'Composite Provider', 'Transformationen', 'Query', 'DTP']","[0.16297055780887604, 0.0717417299747467, 0.07170521467924118, 0.07026249170303345, 0.06996048986911774]"
..\Data\Rest Ungelabelt\7352c0fbb871414c988b23eb7b9e6cff.jpeg,Query,0.10662852972745895,"['Query', 'Data Store Object', 'Data Source', 'Data Mart', 'DTP']","[0.10662852972745895, 0.10343313217163086, 0.08391642570495605, 0.07149174809455872, 0.0706489309668541]"
..\Data\Rest Ungelabelt\73653607b5d348018dafae106e16ccfd.png,ABAP Dictionary,0.1822192519903183,"['ABAP Dictionary', 'Excel', 'Data Flow Object', 'Transformationen', 'DTP']","[0.1822192519903183, 0.0688178613781929, 0.06820198148488998, 0.06813374161720276, 0.06810969114303589]"
..\Data\Rest Ungelabelt\73a0a77565194ccc9b56d91b102a2fc8.png,Query,0.18437080085277557,"['Query', 'Data Source', 'Transformationen', 'BW4Cockpit (Stammdaten)', 'Data Mart']","[0.18437080085277557, 0.06805489212274551, 0.06796886771917343, 0.06796348839998245, 0.0679628849029541]"
..\Data\Rest Ungelabelt\73c26ed1f1244d36acc1f07876bef1ef.png,Bewegungsdaten,0.0896182507276535,"['Bewegungsdaten', 'Excel', 'BW4Cockpit (Stammdaten)', 'Composite Provider', 'Data Flow Object']","[0.0896182507276535, 0.08101223409175873, 0.07847105711698532, 0.07712992280721664, 0.07702633738517761]"
..\Data\Rest Ungelabelt\73dc1b8aa5094ba9aac99bf36df27ee0.jpeg,Data Store Object,0.1259138137102127,"['Data Store Object', 'Composite Provider', 'Query', 'Transformationen', 'Data Mart']","[0.1259138137102127, 0.08786912262439728, 0.08063023537397385, 0.07137124985456467, 0.07093777507543564]"
..\Data\Rest Ungelabelt\73dcdf5c3dd94449a14897077dbe8e1f.png,Data Store Object,0.13548167049884796,"['Data Store Object', 'Datenvorschau', 'Data Source', 'Composite Provider', 'Transformationen']","[0.13548167049884796, 0.0812322273850441, 0.07706333696842194, 0.07197348773479462, 0.07180440425872803]"
..\Data\Rest Ungelabelt\74086ce136d84d1fb1f8a43f1ba8efdf.png,Data Source,0.17860348522663116,"['Data Source', 'Data Store Object', 'Datenvorschau', 'Data Mart', 'BW4Cockpit (Stammdaten)']","[0.17860348522663116, 0.06954580545425415, 0.06943202018737793, 0.06827430427074432, 0.06825675815343857]"
..\Data\Rest Ungelabelt\740916cfefaa4672b8d91263ffd7e2cb.png,Data Store Object,0.18444472551345825,"['Data Store Object', 'DTP', 'BW4Cockpit (Stammdaten)', 'Composite Provider', 'Query']","[0.18444472551345825, 0.06801964342594147, 0.06797424703836441, 0.06796020269393921, 0.06795844435691833]"
..\Data\Rest Ungelabelt\740ed1361e8e425191e86b4184255811.png,Excel,0.18463720381259918,"['Excel', 'Datenvorschau', 'Composite Provider', 'Bewegungsdaten', 'Data Store Object']","[0.18463720381259918, 0.06795123964548111, 0.06794977188110352, 0.0679483637213707, 0.06794807314872742]"
..\Data\Rest Ungelabelt\7415b6733a2147049201686dde8f0d15.png,Data Flow Object,0.18467894196510315,"['Data Flow Object', 'Composite Provider', 'Datenvorschau', 'ABAP Dictionary', 'DTP']","[0.18467894196510315, 0.06794652342796326, 0.06794318556785583, 0.06794315576553345, 0.06794315576553345]"
..\Data\Rest Ungelabelt\7417aa9cca7b47f2ae5eeeb2d0543a23.png,Data Store Object,0.1664116382598877,"['Data Store Object', 'Query', 'Data Mart', 'Data Source', 'BW4Cockpit (Stammdaten)']","[0.1664116382598877, 0.07410284876823425, 0.07025469094514847, 0.06924587488174438, 0.06919708102941513]"
..\Data\Rest Ungelabelt\7426b131c8a24dd794e90d92637ce68a.png,Query,0.08799877762794495,"['Query', 'Transformationen', 'Composite Provider', 'Data Store Object', 'Data Source']","[0.08799877762794495, 0.08747226744890213, 0.08523260802030563, 0.08495383709669113, 0.07586245238780975]"
..\Data\Rest Ungelabelt\743189b99da24bb38ebfc23e5b00d8ee.png,Query,0.11020013689994812,"['Query', 'Data Source', 'Data Store Object', 'Datenvorschau', 'Data Mart']","[0.11020013689994812, 0.10654124617576599, 0.07632315158843994, 0.07245255261659622, 0.07150176167488098]"
..\Data\Rest Ungelabelt\744d5861cd03444884fed3d5e9dc331a.png,Data Source,0.1846773326396942,"['Data Source', 'Datenvorschau', 'Data Store Object', 'ABAP Dictionary', 'BW4Cockpit (Stammdaten)']","[0.1846773326396942, 0.06794733554124832, 0.0679432675242424, 0.06794320791959763, 0.06794320791959763]"
..\Data\Rest Ungelabelt\7452a14749334514917fb2d298ec0daa.jpeg,Data Flow Object,0.17792955040931702,"['Data Flow Object', 'Composite Provider', 'Transformationen', 'Datenvorschau', 'ABAP Dictionary']","[0.17792955040931702, 0.0709887221455574, 0.06835531443357468, 0.0682920441031456, 0.0682794526219368]"
..\Data\Rest Ungelabelt\7459e19c2ea449bc9cad5491d1f4ee37.png,Data Flow Object,0.17758776247501373,"['Data Flow Object', 'Composite Provider', 'Data Store Object', 'DTP', 'ABAP Dictionary']","[0.17758776247501373, 0.07034238427877426, 0.06854160875082016, 0.06852172315120697, 0.06844423711299896]"
..\Data\Rest Ungelabelt\74708149d85f4a8599adedef1a952b3c.jpeg,Data Flow Object,0.17286621034145355,"['Data Flow Object', 'Composite Provider', 'ABAP Dictionary', 'Data Source', 'Datenvorschau']","[0.17286621034145355, 0.07329977303743362, 0.06880728900432587, 0.06853234022855759, 0.06851713359355927]"
..\Data\Rest Ungelabelt\747382a885dc401bb5564052406dc1c9.png,ABAP Dictionary,0.18466275930404663,"['ABAP Dictionary', 'DTP', 'Bewegungsdaten', 'Excel', 'BW4Cockpit (Stammdaten)']","[0.18466275930404663, 0.06795171648263931, 0.06794485449790955, 0.06794461607933044, 0.06794438511133194]"
..\Data\Rest Ungelabelt\747553cdde3a44ea868e782264ff3891.png,Query,0.1846793293952942,"['Query', 'Composite Provider', 'Datenvorschau', 'Data Source', 'Data Flow Object']","[0.1846793293952942, 0.06794415414333344, 0.06794367730617523, 0.06794353574514389, 0.06794346868991852]"
..\Data\Rest Ungelabelt\74829d8b34864df8949c0d7299073fa8.jpeg,ABAP Dictionary,0.13367632031440735,"['ABAP Dictionary', 'Bewegungsdaten', 'BW4Cockpit (Stammdaten)', 'Datenvorschau', 'DTP']","[0.13367632031440735, 0.09629639983177185, 0.07100368291139603, 0.07026191800832748, 0.06994756311178207]"
..\Data\Rest Ungelabelt\749d4be1c9174164a7519b1f04a32aea.png,Data Store Object,0.11217862367630005,"['Data Store Object', 'Datenvorschau', 'Composite Provider', 'Data Source', 'DTP']","[0.11217862367630005, 0.09890531003475189, 0.07853959500789642, 0.07202792912721634, 0.07186049968004227]"
..\Data\Rest Ungelabelt\74be50e4e55a45ab8ba461312d48c670.png,BW4Cockpit (Stammdaten),0.1834757924079895,"['BW4Cockpit (Stammdaten)', 'Excel', 'Query', 'Datenvorschau', 'Data Store Object']","[0.1834757924079895, 0.06830386072397232, 0.06809141486883163, 0.06804151087999344, 0.0680251196026802]"
..\Data\Rest Ungelabelt\74e093ea8df54f479704c5694952c055.png,Query,0.11909834295511246,"['Query', 'Datenvorschau', 'Data Store Object', 'Transformationen', 'Composite Provider']","[0.11909834295511246, 0.08954581618309021, 0.07539915293455124, 0.07442956417798996, 0.07268676161766052]"
..\Data\Rest Ungelabelt\74e40a5a788246c19ffd5bda45ca88a5.png,Data Store Object,0.11781083047389984,"['Data Store Object', 'Query', 'Data Source', 'Data Mart', 'DTP']","[0.11781083047389984, 0.1014980673789978, 0.07332031428813934, 0.07207879424095154, 0.07146783918142319]"
..\Data\Rest Ungelabelt\7531d1c85f4b4cc18d90dcb770a30bf4.png,Data Source,0.13359083235263824,"['Data Source', 'Datenvorschau', 'Data Mart', 'Data Store Object', 'Transformationen']","[0.13359083235263824, 0.08160418272018433, 0.07526914030313492, 0.07499322295188904, 0.07175875455141068]"
..\Data\Rest Ungelabelt\7540161f7f574d999ffd625c4b0ad0ac.png,ABAP Dictionary,0.17002494633197784,"['ABAP Dictionary', 'Datenvorschau', 'Bewegungsdaten', 'Data Source', 'BW4Cockpit (Stammdaten)']","[0.17002494633197784, 0.07339707016944885, 0.06949611753225327, 0.06910785287618637, 0.06876295804977417]"
..\Data\Rest Ungelabelt\755fee947a224d33b864366d7d511486.png,Composite Provider,0.09386388957500458,"['Composite Provider', 'Data Store Object', 'DTP', 'Data Source', 'Query']","[0.09386388957500458, 0.08991595357656479, 0.08915990591049194, 0.0764574185013771, 0.07589468359947205]"
..\Data\Rest Ungelabelt\7567977c1c4d48aab1ecb859b80df1a6.jpeg,Excel,0.18466119468212128,"['Excel', 'Transformationen', 'Bewegungsdaten', 'Composite Provider', 'Data Store Object']","[0.18466119468212128, 0.06794629245996475, 0.06794600188732147, 0.06794530898332596, 0.067945197224617]"
..\Data\Rest Ungelabelt\756a1a62b003455d9ce1b635f295d50c.png,Data Source,0.16825729608535767,"['Data Source', 'Query', 'Datenvorschau', 'Data Mart', 'Transformationen']","[0.16825729608535767, 0.07523424178361893, 0.06912771612405777, 0.06886164098978043, 0.0687778890132904]"
..\Data\Rest Ungelabelt\75943debc6284593a0da3b510b6e1f78.jpeg,Bewegungsdaten,0.09854758530855179,"['Bewegungsdaten', 'Excel', 'BW4Cockpit (Stammdaten)', 'Datenvorschau', 'Composite Provider']","[0.09854758530855179, 0.08579688519239426, 0.08239693939685822, 0.07620470225811005, 0.07543113082647324]"
..\Data\Rest Ungelabelt\75a8f7093fbb4db0992723eccf3b9a54.jpeg,ABAP Dictionary,0.18468666076660156,"['ABAP Dictionary', 'DTP', 'Transformationen', 'BW4Cockpit (Stammdaten)', 'Bewegungsdaten']","[0.18468666076660156, 0.0679430216550827, 0.0679427906870842, 0.06794275343418121, 0.06794275343418121]"
..\Data\Rest Ungelabelt\75c02e02d8614acf935fda47224bc904.png,Excel,0.18461225926876068,"['Excel', 'Bewegungsdaten', 'Data Flow Object', 'Composite Provider', 'Data Store Object']","[0.18461225926876068, 0.06797615438699722, 0.0679469183087349, 0.06794667989015579, 0.06794660538434982]"
..\Data\Rest Ungelabelt\75db3faf10a54ff095c6780ef442bf6a.jpeg,DTP,0.16967815160751343,"['DTP', 'Data Store Object', 'Transformationen', 'Composite Provider', 'ABAP Dictionary']","[0.16967815160751343, 0.07115206122398376, 0.07051871716976166, 0.07019706070423126, 0.0688389390707016]"
..\Data\Rest Ungelabelt\75f4345eca274c63b47e7c3b9037762c.png,Data Source,0.1517091542482376,"['Data Source', 'Query', 'Datenvorschau', 'Transformationen', 'DTP']","[0.1517091542482376, 0.07958076894283295, 0.07196003198623657, 0.0711681991815567, 0.07012337446212769]"
..\Data\Rest Ungelabelt\75f54cb75e6f494b95b3316f68510602.jpeg,DTP,0.11265471577644348,"['DTP', 'Data Store Object', 'Data Source', 'Data Mart', 'Query']","[0.11265471577644348, 0.08742588758468628, 0.0797177106142044, 0.07387462258338928, 0.07360335439443588]"
..\Data\Rest Ungelabelt\760258d2ec2545ffa14cea8fb2f3dba3.png,Datenvorschau,0.14222949743270874,"['Datenvorschau', 'Data Source', 'Data Store Object', 'Data Mart', 'Composite Provider']","[0.14222949743270874, 0.08388441801071167, 0.07538146525621414, 0.07052670419216156, 0.07026258856058121]"
..\Data\Rest Ungelabelt\760edbae17e84675957d70a9a3998662.png,Datenvorschau,0.17751532793045044,"['Datenvorschau', 'Data Store Object', 'Data Source', 'Data Mart', 'DTP']","[0.17751532793045044, 0.07081392407417297, 0.06868943572044373, 0.06834100186824799, 0.0683017373085022]"
..\Data\Rest Ungelabelt\7614b118b5274d3f8e56b049cd3331d4.png,Datenvorschau,0.1681906282901764,"['Datenvorschau', 'Data Source', 'Query', 'Data Store Object', 'Excel']","[0.1681906282901764, 0.07542287558317184, 0.06905853003263474, 0.06886907666921616, 0.06876969337463379]"
..\Data\Rest Ungelabelt\762bc553ed93470d942e445b657b3bc9.png,Datenvorschau,0.17614960670471191,"['Datenvorschau', 'Data Source', 'Data Store Object', 'Query', 'ABAP Dictionary']","[0.17614960670471191, 0.07175017893314362, 0.06850215792655945, 0.0684351697564125, 0.06836876273155212]"
..\Data\Rest Ungelabelt\764030cab2f245f1b327b8a2876aa361.jpeg,BW4Cockpit (Stammdaten),0.12697117030620575,"['BW4Cockpit (Stammdaten)', 'Data Store Object', 'DTP', 'ABAP Dictionary', 'Bewegungsdaten']","[0.12697117030620575, 0.08395076543092728, 0.0797361433506012, 0.07453157007694244, 0.0710400715470314]"
..\Data\Rest Ungelabelt\7662f6340740477b8992b6daf0316cdf.png,Data Store Object,0.12350130826234818,"['Data Store Object', 'Data Source', 'Datenvorschau', 'Data Mart', 'Query']","[0.12350130826234818, 0.08975275605916977, 0.07819949090480804, 0.07615771889686584, 0.0703117772936821]"
..\Data\Rest Ungelabelt\766fa394d7244040a817be660b1f2c51.png,Transformationen,0.11361496150493622,"['Transformationen', 'Composite Provider', 'Data Source', 'Data Store Object', 'Data Mart']","[0.11361496150493622, 0.10370274633169174, 0.07332220673561096, 0.07312960177659988, 0.07110974937677383]"
..\Data\Rest Ungelabelt\7694d27ad3d649babfe45326f850dd96.png,Query,0.18468011915683746,"['Query', 'BW4Cockpit (Stammdaten)', 'Data Store Object', 'Data Source', 'Data Mart']","[0.18468011915683746, 0.06794451177120209, 0.0679437518119812, 0.06794336438179016, 0.06794329732656479]"
..\Data\Rest Ungelabelt\76bf3cd5baf94503840c5b97a022c634.jpeg,Excel,0.18464064598083496,"['Excel', 'DTP', 'Datenvorschau', 'Bewegungsdaten', 'Data Flow Object']","[0.18464064598083496, 0.06794890016317368, 0.06794822216033936, 0.06794772297143936, 0.06794719398021698]"
..\Data\Rest Ungelabelt\76fdf4a37e6e43aca725d27b76604b01.png,Query,0.17780844867229462,"['Query', 'Data Store Object', 'Data Mart', 'Data Source', 'DTP']","[0.17780844867229462, 0.07087089866399765, 0.06837274134159088, 0.06835566461086273, 0.06832976639270782]"
..\Data\Rest Ungelabelt\7708a2957f784ce69470fed1cf5fd743.png,Query,0.14093847572803497,"['Query', 'Data Source', 'Datenvorschau', 'DTP', 'Composite Provider']","[0.14093847572803497, 0.0896548181772232, 0.07118351012468338, 0.07089070230722427, 0.06978369504213333]"
..\Data\Rest Ungelabelt\771a8855c2b44ca19f3d461224cbdf21.png,Datenvorschau,0.13152199983596802,"['Datenvorschau', 'BW4Cockpit (Stammdaten)', 'Excel', 'Query', 'Data Source']","[0.13152199983596802, 0.09121474623680115, 0.07699382305145264, 0.07030997425317764, 0.07008176296949387]"
..\Data\Rest Ungelabelt\772fc997f9704d589df048db81d023bc.png,DTP,0.17923006415367126,"['DTP', 'ABAP Dictionary', 'Transformationen', 'BW4Cockpit (Stammdaten)', 'Data Store Object']","[0.17923006415367126, 0.07044091820716858, 0.06823448836803436, 0.06823104619979858, 0.0682189017534256]"
..\Data\Rest Ungelabelt\773077b401114142bc3f13de8942d27a.png,DTP,0.18448086082935333,"['DTP', 'BW4Cockpit (Stammdaten)', 'ABAP Dictionary', 'Data Store Object', 'Bewegungsdaten']","[0.18448086082935333, 0.06799764931201935, 0.06798643618822098, 0.06795722991228104, 0.06795443594455719]"
..\Data\Rest Ungelabelt\7766dc5650da404585786fcfc73f5c51.png,Bewegungsdaten,0.0896182507276535,"['Bewegungsdaten', 'Excel', 'BW4Cockpit (Stammdaten)', 'Composite Provider', 'Data Flow Object']","[0.0896182507276535, 0.08101223409175873, 0.07847105711698532, 0.07712992280721664, 0.07702633738517761]"
..\Data\Rest Ungelabelt\7767e07a542547d0ba574e652718d81f.jpeg,Query,0.18464739620685577,"['Query', 'Data Flow Object', 'Composite Provider', 'Datenvorschau', 'BW4Cockpit (Stammdaten)']","[0.18464739620685577, 0.06795409321784973, 0.06794975697994232, 0.06794548779726028, 0.06794507801532745]"
..\Data\Rest Ungelabelt\77a172bcba494d6bba775171f3cb5ccd.png,Transformationen,0.18455901741981506,"['Transformationen', 'Composite Provider', 'Data Source', 'Datenvorschau', 'Excel']","[0.18455901741981506, 0.06799912452697754, 0.06795148551464081, 0.06794940680265427, 0.06794922798871994]"
..\Data\Rest Ungelabelt\77a997dc97d8463d8e8fad8e1250eb91.png,Data Source,0.12170493602752686,"['Data Source', 'Data Store Object', 'Datenvorschau', 'Data Mart', 'Query']","[0.12170493602752686, 0.09333467483520508, 0.07436144351959229, 0.07417099922895432, 0.07206789404153824]"
..\Data\Rest Ungelabelt\77beae18ef4242198a2b3c0210461d35.jpeg,ABAP Dictionary,0.11933208256959915,"['ABAP Dictionary', 'Data Flow Object', 'Composite Provider', 'Data Source', 'Datenvorschau']","[0.11933208256959915, 0.08894138783216476, 0.07693164050579071, 0.07307097315788269, 0.07283709943294525]"
..\Data\Rest Ungelabelt\77c08457a8864bbcb3d2bd978056113d.png,Query,0.12389587610960007,"['Query', 'Data Store Object', 'Data Source', 'Transformationen', 'Composite Provider']","[0.12389587610960007, 0.09333419054746628, 0.07477395981550217, 0.07262139767408371, 0.07185006886720657]"
..\Data\Rest Ungelabelt\77e303096bfa462c849571a59be645de.jpeg,Data Store Object,0.1110544502735138,"['Data Store Object', 'Data Source', 'BW4Cockpit (Stammdaten)', 'Transformationen', 'Data Flow Object']","[0.1110544502735138, 0.09833021461963654, 0.07603231817483902, 0.07270163297653198, 0.07257362455129623]"
..\Data\Rest Ungelabelt\78006bf62195415aab232ea592f7ea1c.png,Composite Provider,0.09933077543973923,"['Composite Provider', 'Query', 'Transformationen', 'Data Flow Object', 'DTP']","[0.09933077543973923, 0.09491356462240219, 0.08990903943777084, 0.07414498180150986, 0.07295985519886017]"
..\Data\Rest Ungelabelt\78006d3e8a1a4af88bf03231aa31b31e.jpeg,Query,0.1846851408481598,"['Query', 'Data Flow Object', 'Composite Provider', 'Datenvorschau', 'BW4Cockpit (Stammdaten)']","[0.1846851408481598, 0.06794343888759613, 0.06794299185276031, 0.06794287264347076, 0.06794286519289017]"
..\Data\Rest Ungelabelt\78466f0b9fec404cb238ad5f3686c427.png,Query,0.15822260081768036,"['Query', 'Composite Provider', 'Transformationen', 'Data Store Object', 'DTP']","[0.15822260081768036, 0.07500304281711578, 0.07103365659713745, 0.07077685743570328, 0.07010906934738159]"
..\Data\Rest Ungelabelt\786f09cdd41e49e8aae7610d8a2b89ab.png,Query,0.132327601313591,"['Query', 'Data Store Object', 'Composite Provider', 'Datenvorschau', 'DTP']","[0.132327601313591, 0.08795993030071259, 0.07609179615974426, 0.07161038368940353, 0.07060034573078156]"
..\Data\Rest Ungelabelt\7886dd85679f42afb49c754c50b5a0ca.png,Composite Provider,0.10358478873968124,"['Composite Provider', 'Datenvorschau', 'Bewegungsdaten', 'DTP', 'Data Store Object']","[0.10358478873968124, 0.08856681734323502, 0.08560894429683685, 0.07495605200529099, 0.07335647195577621]"
..\Data\Rest Ungelabelt\7889d14e16db468ea1f405621ce1526d.png,Bewegungsdaten,0.0896182507276535,"['Bewegungsdaten', 'Excel', 'BW4Cockpit (Stammdaten)', 'Composite Provider', 'Data Flow Object']","[0.0896182507276535, 0.08101223409175873, 0.07847105711698532, 0.07712992280721664, 0.07702633738517761]"
..\Data\Rest Ungelabelt\78e39da28f074244845c3b41c8af2206.png,Query,0.18451771140098572,"['Query', 'Data Store Object', 'Data Mart', 'Composite Provider', 'Datenvorschau']","[0.18451771140098572, 0.06798230856657028, 0.06796406954526901, 0.06795816123485565, 0.06795687973499298]"
..\Data\Rest Ungelabelt\78e524c2dc6849e2ac8297ca181c4b96.png,Transformationen,0.103653684258461,"['Transformationen', 'Datenvorschau', 'Composite Provider', 'Data Store Object', 'Query']","[0.103653684258461, 0.09167265146970749, 0.08343293517827988, 0.07513269782066345, 0.07358764857053757]"
..\Data\Rest Ungelabelt\78ede4ffcace4e32a636e9fdced382ca.jpeg,Composite Provider,0.12158262729644775,"['Composite Provider', 'Transformationen', 'Excel', 'Data Flow Object', 'Bewegungsdaten']","[0.12158262729644775, 0.08032919466495514, 0.07912182807922363, 0.07747220993041992, 0.07209081202745438]"
..\Data\Rest Ungelabelt\7900b47cee164ecd99fb4356c1e54f6c.jpeg,Data Source,0.15846532583236694,"['Data Source', 'Datenvorschau', 'Transformationen', 'Composite Provider', 'Data Mart']","[0.15846532583236694, 0.07719624787569046, 0.07119680941104889, 0.06992295384407043, 0.06952633708715439]"
..\Data\Rest Ungelabelt\79072eaf7b8641eba403a201638e254a.jpeg,Query,0.18465298414230347,"['Query', 'BW4Cockpit (Stammdaten)', 'Data Mart', 'Data Source', 'Composite Provider']","[0.18465298414230347, 0.06794753670692444, 0.06794743239879608, 0.06794692575931549, 0.06794623285531998]"
..\Data\Rest Ungelabelt\793eebb40687409fa19761e7859e6650.png,ABAP Dictionary,0.11449668556451797,"['ABAP Dictionary', 'DTP', 'Bewegungsdaten', 'Datenvorschau', 'BW4Cockpit (Stammdaten)']","[0.11449668556451797, 0.09366268664598465, 0.07556337118148804, 0.07523336261510849, 0.07342438399791718]"
..\Data\Rest Ungelabelt\794fd88fb4e14fa2a747aee88bbc8979.png,Data Store Object,0.17549407482147217,"['Data Store Object', 'Data Source', 'Data Mart', 'Query', 'Datenvorschau']","[0.17549407482147217, 0.07107336819171906, 0.06887613981962204, 0.06886933743953705, 0.06862977147102356]"
..\Data\Rest Ungelabelt\795a4d5b073a4df2b809ec3457466589.png,Bewegungsdaten,0.15037137269973755,"['Bewegungsdaten', 'Excel', 'DTP', 'Composite Provider', 'Datenvorschau']","[0.15037137269973755, 0.07647166401147842, 0.07355808466672897, 0.07196874171495438, 0.07153455913066864]"
..\Data\Rest Ungelabelt\795a5d7d361a4e53bc55cfb05d831fe3.png,Data Flow Object,0.13870282471179962,"['Data Flow Object', 'Transformationen', 'Query', 'Composite Provider', 'BW4Cockpit (Stammdaten)']","[0.13870282471179962, 0.08737360686063766, 0.07318687438964844, 0.07154260575771332, 0.07004595547914505]"
..\Data\Rest Ungelabelt\7989e371931a4e65a88099d28118f7c2.jpeg,Data Source,0.15220525860786438,"['Data Source', 'Transformationen', 'Datenvorschau', 'Composite Provider', 'Query']","[0.15220525860786438, 0.07809776067733765, 0.0733904242515564, 0.0703335851430893, 0.06977377831935883]"
..\Data\Rest Ungelabelt\799052a175874d958f16766668b7cd0d.jpeg,Transformationen,0.1846776306629181,"['Transformationen', 'Data Source', 'Composite Provider', 'DTP', 'ABAP Dictionary']","[0.1846776306629181, 0.06794573366641998, 0.06794359534978867, 0.06794358044862747, 0.06794340163469315]"
..\Data\Rest Ungelabelt\799c592553364929897e2a2b26161753.png,DTP,0.18467144668102264,"['DTP', 'Query', 'ABAP Dictionary', 'Data Source', 'Composite Provider']","[0.18467144668102264, 0.06794682145118713, 0.0679449662566185, 0.06794451177120209, 0.06794377416372299]"
..\Data\Rest Ungelabelt\79a00db8300f471282024d8e67aff06b.png,Query,0.1534310281276703,"['Query', 'Data Source', 'Data Store Object', 'Data Mart', 'Transformationen']","[0.1534310281276703, 0.07705896347761154, 0.07292468845844269, 0.07027781009674072, 0.07001743465662003]"
..\Data\Rest Ungelabelt\79a1f3f61cab428eadef63d93f257cfd.jpeg,Datenvorschau,0.09494151920080185,"['Datenvorschau', 'Excel', 'Bewegungsdaten', 'ABAP Dictionary', 'Data Source']","[0.09494151920080185, 0.08887580782175064, 0.08185525983572006, 0.0795113667845726, 0.07633835077285767]"
..\Data\Rest Ungelabelt\79a5e5c8fb3944f387fef45f4263852c.png,Data Store Object,0.18054957687854767,"['Data Store Object', 'Data Source', 'DTP', 'BW4Cockpit (Stammdaten)', 'ABAP Dictionary']","[0.18054957687854767, 0.06850650161504745, 0.06846467405557632, 0.06841709464788437, 0.06831861287355423]"
..\Data\Rest Ungelabelt\79aec173bf0b46eeb21af593a87870a3.png,Data Store Object,0.17626729607582092,"['Data Store Object', 'Data Source', 'Query', 'DTP', 'Composite Provider']","[0.17626729607582092, 0.06960572302341461, 0.06928595900535583, 0.06882061809301376, 0.06865166127681732]"
..\Data\Rest Ungelabelt\79c0970a47fe45439006f79f324c2187.png,Query,0.10121377557516098,"['Query', 'Data Source', 'DTP', 'Composite Provider', 'Datenvorschau']","[0.10121377557516098, 0.09839235991239548, 0.08048591017723083, 0.0744020864367485, 0.07432713359594345]"
..\Data\Rest Ungelabelt\79ed48e165a949379d358eacadf68cad.png,Data Store Object,0.18079328536987305,"['Data Store Object', 'Data Source', 'Data Mart', 'Query', 'Datenvorschau']","[0.18079328536987305, 0.06908690184354782, 0.06846337765455246, 0.06832710653543472, 0.06825142353773117]"
..\Data\Rest Ungelabelt\7a26c63660094817816446b231686598.png,Query,0.1323012262582779,"['Query', 'Data Source', 'Datenvorschau', 'Data Store Object', 'Transformationen']","[0.1323012262582779, 0.09779223054647446, 0.07036106288433075, 0.07030732184648514, 0.07010084390640259]"
..\Data\Rest Ungelabelt\7a309e3a76b24a469b7a79991eb2f8b1.jpeg,BW4Cockpit (Stammdaten),0.18409302830696106,"['BW4Cockpit (Stammdaten)', 'Excel', 'Query', 'Datenvorschau', 'Data Store Object']","[0.18409302830696106, 0.06808681786060333, 0.06805795431137085, 0.06798642873764038, 0.06798151880502701]"
..\Data\Rest Ungelabelt\7a3587e3dc6645b895dbedcf1ca8aeb2.jpeg,Data Flow Object,0.10101862251758575,"['Data Flow Object', 'Excel', 'ABAP Dictionary', 'Datenvorschau', 'Composite Provider']","[0.10101862251758575, 0.09476432204246521, 0.08744985610246658, 0.07495710998773575, 0.07242707908153534]"
..\Data\Rest Ungelabelt\7a796207833e49f6b6716c0730e64ffc.png,Datenvorschau,0.1837441623210907,"['Datenvorschau', 'BW4Cockpit (Stammdaten)', 'Query', 'Data Store Object', 'Bewegungsdaten']","[0.1837441623210907, 0.0682404413819313, 0.06805846840143204, 0.06800659745931625, 0.06800542771816254]"
..\Data\Rest Ungelabelt\7a9dd131acef4275af1048da18360b09.png,Composite Provider,0.09291502833366394,"['Composite Provider', 'Data Store Object', 'DTP', 'Transformationen', 'Data Mart']","[0.09291502833366394, 0.09039268642663956, 0.08267439156770706, 0.08141432702541351, 0.07856165617704391]"
..\Data\Rest Ungelabelt\7a9f9129897241f890c69454a1f2c89c.jpeg,Data Source,0.12907767295837402,"['Data Source', 'Datenvorschau', 'Data Store Object', 'Query', 'Transformationen']","[0.12907767295837402, 0.09710406512022018, 0.07256682962179184, 0.07061299681663513, 0.07038182765245438]"
..\Data\Rest Ungelabelt\7aa3014be06a478980addf10676de921.png,Query,0.1841474324464798,"['Query', 'Data Source', 'BW4Cockpit (Stammdaten)', 'Data Mart', 'Transformationen']","[0.1841474324464798, 0.0681430771946907, 0.0679832249879837, 0.06797809153795242, 0.06797472387552261]"
..\Data\Rest Ungelabelt\7abacbde1a6341ae8a35f1a057412d5f.png,Data Store Object,0.18305611610412598,"['Data Store Object', 'Query', 'BW4Cockpit (Stammdaten)', 'Data Source', 'Data Mart']","[0.18305611610412598, 0.06848590821027756, 0.06810116767883301, 0.0680999681353569, 0.06806287914514542]"
..\Data\Rest Ungelabelt\7ad224dbf6054101ac028a45060b2b4e.jpeg,Data Source,0.11426674574613571,"['Data Source', 'Data Store Object', 'Bewegungsdaten', 'BW4Cockpit (Stammdaten)', 'Datenvorschau']","[0.11426674574613571, 0.08124759793281555, 0.07850287854671478, 0.07721886783838272, 0.07497914880514145]"
..\Data\Rest Ungelabelt\7afff214b126435582e070b2ea8b308f.png,Excel,0.18456685543060303,"['Excel', 'Composite Provider', 'Data Flow Object', 'Transformationen', 'DTP']","[0.18456685543060303, 0.06796403974294662, 0.06796145439147949, 0.06795559078454971, 0.06795381754636765]"
..\Data\Rest Ungelabelt\7b2aad69e90f4df3ba5dfa695e105eaf.png,Datenvorschau,0.18090347945690155,"['Datenvorschau', 'Data Source', 'Data Store Object', 'BW4Cockpit (Stammdaten)', 'Query']","[0.18090347945690155, 0.06942617148160934, 0.06840595602989197, 0.06813178956508636, 0.06813172250986099]"
..\Data\Rest Ungelabelt\7b305b53a2f442c1b2014905db199e22.png,Datenvorschau,0.0924839973449707,"['Datenvorschau', 'Transformationen', 'Composite Provider', 'Query', 'Data Source']","[0.0924839973449707, 0.08616635948419571, 0.08472245186567307, 0.08367905020713806, 0.08068376779556274]"
..\Data\Rest Ungelabelt\7b3859fa779e4d8987b0387673dc5bcd.png,Query,0.18448638916015625,"['Query', 'Data Source', 'Transformationen', 'BW4Cockpit (Stammdaten)', 'Data Flow Object']","[0.18448638916015625, 0.06800901144742966, 0.06796316057443619, 0.06795557588338852, 0.06795519590377808]"
..\Data\Rest Ungelabelt\7b4dac60e39848b3b7ccec8974133d96.jpeg,Query,0.1434665322303772,"['Query', 'Data Source', 'Datenvorschau', 'Data Mart', 'Transformationen']","[0.1434665322303772, 0.08930446952581406, 0.07026246190071106, 0.07005654275417328, 0.06983716785907745]"
..\Data\Rest Ungelabelt\7b68bd6ce6f1428ea343a484e33ffd34.jpeg,Data Flow Object,0.18463607132434845,"['Data Flow Object', 'Composite Provider', 'ABAP Dictionary', 'DTP', 'Bewegungsdaten']","[0.18463607132434845, 0.06796637922525406, 0.06794535368680954, 0.06794524192810059, 0.06794523447751999]"
..\Data\Rest Ungelabelt\7b71badd58394207955a1b58bf795339.png,DTP,0.10927947610616684,"['DTP', 'Datenvorschau', 'Data Mart', 'Data Store Object', 'Query']","[0.10927947610616684, 0.08421225100755692, 0.07973766326904297, 0.07681767642498016, 0.07567693293094635]"
..\Data\Rest Ungelabelt\7b7257cba7514e71b9d62d06370e8e64.jpeg,Bewegungsdaten,0.15974636375904083,"['Bewegungsdaten', 'ABAP Dictionary', 'Datenvorschau', 'BW4Cockpit (Stammdaten)', 'Data Source']","[0.15974636375904083, 0.07838600128889084, 0.06990140676498413, 0.06983093172311783, 0.06937480717897415]"
..\Data\Rest Ungelabelt\7b72ef25d8804a68a9dc6dd3a74ab692.png,Data Store Object,0.18347500264644623,"['Data Store Object', 'Query', 'Data Source', 'BW4Cockpit (Stammdaten)', 'DTP']","[0.18347500264644623, 0.0681951716542244, 0.06810763478279114, 0.06810469925403595, 0.06805139780044556]"
..\Data\Rest Ungelabelt\7b9f23953e2849d887b4aa295413c5e2.jpeg,Datenvorschau,0.1222231537103653,"['Datenvorschau', 'Data Source', 'Bewegungsdaten', 'BW4Cockpit (Stammdaten)', 'Data Store Object']","[0.1222231537103653, 0.09863271564245224, 0.0732889398932457, 0.0715981051325798, 0.07095829397439957]"
..\Data\Rest Ungelabelt\7ba3fb61a9ea49aa8b5372f558eb97e3.png,Excel,0.18452320992946625,"['Excel', 'Transformationen', 'Composite Provider', 'Data Flow Object', 'Bewegungsdaten']","[0.18452320992946625, 0.06796569377183914, 0.06796567887067795, 0.06796526908874512, 0.06795886904001236]"
..\Data\Rest Ungelabelt\7baf8582a9ad40dc9ab3fb902f3bf778.png,DTP,0.08882072567939758,"['DTP', 'Query', 'Data Store Object', 'Data Mart', 'Datenvorschau']","[0.08882072567939758, 0.08803415298461914, 0.08305833488702774, 0.08044833689928055, 0.07911308854818344]"
..\Data\Rest Ungelabelt\7bbbde98543d4756b08fea8ad1b01833.jpeg,BW4Cockpit (Stammdaten),0.18446676433086395,"['BW4Cockpit (Stammdaten)', 'Query', 'Excel', 'Data Store Object', 'Datenvorschau']","[0.18446676433086395, 0.06803873181343079, 0.0679553672671318, 0.06795501708984375, 0.06795494258403778]"
..\Data\Rest Ungelabelt\7bdde760589745c7aff84bc39ef82161.png,Data Store Object,0.12588609755039215,"['Data Store Object', 'Data Source', 'Query', 'DTP', 'BW4Cockpit (Stammdaten)']","[0.12588609755039215, 0.0993252843618393, 0.07165162265300751, 0.0713396817445755, 0.07056644558906555]"
..\Data\Rest Ungelabelt\7bdff6231e894d849aa37f92313c53cc.jpeg,Bewegungsdaten,0.17977303266525269,"['Bewegungsdaten', 'Composite Provider', 'BW4Cockpit (Stammdaten)', 'Datenvorschau', 'Excel']","[0.17977303266525269, 0.06901674717664719, 0.06851516664028168, 0.06844711303710938, 0.06843110173940659]"
..\Data\Rest Ungelabelt\7bf50e862743407fbd8a35e3d838da3b.png,Data Store Object,0.096049964427948,"['Data Store Object', 'Composite Provider', 'Data Source', 'Datenvorschau', 'Data Mart']","[0.096049964427948, 0.09039030224084854, 0.08597109466791153, 0.07771840691566467, 0.07756923139095306]"
..\Data\Rest Ungelabelt\7c0054179a784836aeb99c2aab8fe30e.png,Excel,0.18452003598213196,"['Excel', 'Bewegungsdaten', 'Composite Provider', 'Datenvorschau', 'Data Flow Object']","[0.18452003598213196, 0.06802047789096832, 0.06795088201761246, 0.06795088201761246, 0.06795086711645126]"
..\Data\Rest Ungelabelt\7c0779462dcf4dab85ca7d62c3180220.png,DTP,0.1667947918176651,"['DTP', 'ABAP Dictionary', 'Transformationen', 'Data Flow Object', 'Excel']","[0.1667947918176651, 0.07432069629430771, 0.06959856301546097, 0.06936251372098923, 0.06908906251192093]"
..\Data\Rest Ungelabelt\7c2c0cfa9f5244ce8d4a333c0c08ac36.jpeg,Data Store Object,0.11579472571611404,"['Data Store Object', 'BW4Cockpit (Stammdaten)', 'DTP', 'ABAP Dictionary', 'Composite Provider']","[0.11579472571611404, 0.10438278317451477, 0.07610917836427689, 0.07075641304254532, 0.07065322995185852]"
..\Data\Rest Ungelabelt\7c56a144a9df43d29ac21af273fb92c7.png,Data Store Object,0.17717254161834717,"['Data Store Object', 'DTP', 'Data Source', 'Query', 'BW4Cockpit (Stammdaten)']","[0.17717254161834717, 0.06976000964641571, 0.06923428922891617, 0.06870279461145401, 0.0685444250702858]"
..\Data\Rest Ungelabelt\7c6df25692c34025a489257db2631aad.png,Data Source,0.18162500858306885,"['Data Source', 'Datenvorschau', 'DTP', 'Query', 'Data Store Object']","[0.18162500858306885, 0.0686350017786026, 0.06847313046455383, 0.06825355440378189, 0.06819477677345276]"
..\Data\Rest Ungelabelt\7c958dea675742259b56390e1b07fec4.png,DTP,0.18398161232471466,"['DTP', 'Data Store Object', 'BW4Cockpit (Stammdaten)', 'Bewegungsdaten', 'Excel']","[0.18398161232471466, 0.0680563896894455, 0.0680365040898323, 0.06803641468286514, 0.06802022457122803]"
..\Data\Rest Ungelabelt\7ca33093105a4361a93a14d3a5502804.png,Excel,0.18461433053016663,"['Excel', 'Bewegungsdaten', 'ABAP Dictionary', 'DTP', 'Composite Provider']","[0.18461433053016663, 0.06797518581151962, 0.06794681400060654, 0.06794660538434982, 0.06794647127389908]"
..\Data\Rest Ungelabelt\7cb20e46e2fa40b4b362792421f529e3.png,Bewegungsdaten,0.18259279429912567,"['Bewegungsdaten', 'ABAP Dictionary', 'BW4Cockpit (Stammdaten)', 'DTP', 'Datenvorschau']","[0.18259279429912567, 0.06836602836847305, 0.06822695583105087, 0.06820254772901535, 0.06814499944448471]"
..\Data\Rest Ungelabelt\7cc9bdae763c487fac9e916a4024a4d1.png,Data Flow Object,0.15857040882110596,"['Data Flow Object', 'Composite Provider', 'Transformationen', 'DTP', 'Data Store Object']","[0.15857040882110596, 0.08171255886554718, 0.06907952576875687, 0.06907035410404205, 0.06906502693891525]"
..\Data\Rest Ungelabelt\7ceb8a780acd4a2cac17f60566d3baf8.png,Data Store Object,0.12349400669336319,"['Data Store Object', 'Composite Provider', 'Transformationen', 'Datenvorschau', 'DTP']","[0.12349400669336319, 0.09183704853057861, 0.07537601888179779, 0.07329122722148895, 0.07192645221948624]"
..\Data\Rest Ungelabelt\7cf46ca7d6904daf865e61baf0bfcfa8.png,Datenvorschau,0.13525642454624176,"['Datenvorschau', 'Data Source', 'Data Store Object', 'Data Mart', 'Transformationen']","[0.13525642454624176, 0.08063019067049026, 0.07878901064395905, 0.07169218361377716, 0.07133636623620987]"
..\Data\Rest Ungelabelt\7cf6eded3074464abac6241d96d81f42.png,Data Store Object,0.18038561940193176,"['Data Store Object', 'Query', 'DTP', 'Composite Provider', 'Transformationen']","[0.18038561940193176, 0.0687171146273613, 0.06867073476314545, 0.068386510014534, 0.06837586313486099]"
..\Data\Rest Ungelabelt\7d50472af3984734b594f6fdb642ecd7.png,Query,0.18466436862945557,"['Query', 'Data Source', 'Transformationen', 'Composite Provider', 'Data Mart']","[0.18466436862945557, 0.06794855743646622, 0.06794492900371552, 0.06794489920139313, 0.06794467568397522]"
..\Data\Rest Ungelabelt\7d6f37131022478894586daab5b98a7b.png,Data Store Object,0.10926906764507294,"['Data Store Object', 'Data Mart', 'Query', 'Data Source', 'Datenvorschau']","[0.10926906764507294, 0.09463999420404434, 0.08094747364521027, 0.07606585323810577, 0.07354359328746796]"
..\Data\Rest Ungelabelt\7d70c6ba40df456d95652a70a8c91f06.png,Bewegungsdaten,0.09731151908636093,"['Bewegungsdaten', 'Data Source', 'ABAP Dictionary', 'Datenvorschau', 'BW4Cockpit (Stammdaten)']","[0.09731151908636093, 0.09589874744415283, 0.0881006196141243, 0.07998209446668625, 0.07233107835054398]"
..\Data\Rest Ungelabelt\7d76ca3f72064a2c9dbdfc7e3716424f.png,Data Store Object,0.18329507112503052,"['Data Store Object', 'BW4Cockpit (Stammdaten)', 'DTP', 'Data Source', 'Composite Provider']","[0.18329507112503052, 0.06833087652921677, 0.06819576770067215, 0.06804242730140686, 0.06802640855312347]"
..\Data\Rest Ungelabelt\7d8008c07a2a4aec83ce0b66bb9e031b.png,Bewegungsdaten,0.16011257469654083,"['Bewegungsdaten', 'Excel', 'DTP', 'Composite Provider', 'Datenvorschau']","[0.16011257469654083, 0.07275111973285675, 0.07181806117296219, 0.07124094665050507, 0.07111484557390213]"
..\Data\Rest Ungelabelt\7d822a5a98d64dadb474820a10d1b473.jpeg,Data Source,0.11236416548490524,"['Data Source', 'Data Store Object', 'Data Mart', 'Query', 'Datenvorschau']","[0.11236416548490524, 0.09230069816112518, 0.0779818668961525, 0.07709722220897675, 0.07467012107372284]"
..\Data\Rest Ungelabelt\7da586c373c741bd8dda6e5277615b12.png,ABAP Dictionary,0.101680226624012,"['ABAP Dictionary', 'DTP', 'Bewegungsdaten', 'BW4Cockpit (Stammdaten)', 'Datenvorschau']","[0.101680226624012, 0.09854689240455627, 0.08239319175481796, 0.07922536879777908, 0.07151183485984802]"
..\Data\Rest Ungelabelt\7db1bf2e164947dfb6eefc540dac04e7.png,Datenvorschau,0.12904460728168488,"['Datenvorschau', 'Bewegungsdaten', 'Composite Provider', 'Data Store Object', 'Excel']","[0.12904460728168488, 0.08556228876113892, 0.07596049457788467, 0.07338465005159378, 0.07215464115142822]"
..\Data\Rest Ungelabelt\7dca3ebf621144a88ae87a2908eced28.jpeg,Datenvorschau,0.14900679886341095,"['Datenvorschau', 'Data Source', 'Query', 'BW4Cockpit (Stammdaten)', 'Data Store Object']","[0.14900679886341095, 0.08759819716215134, 0.0694875493645668, 0.06941495835781097, 0.0694037675857544]"
..\Data\Rest Ungelabelt\7dcda097cf964165bd2985de23123642.jpeg,Transformationen,0.09579929709434509,"['Transformationen', 'Data Source', 'Composite Provider', 'Datenvorschau', 'Query']","[0.09579929709434509, 0.09091737121343613, 0.07549998909235, 0.07528004795312881, 0.07502272725105286]"
..\Data\Rest Ungelabelt\7ddacfb0ea474f979762a09e950b88d7.jpeg,Data Flow Object,0.12893597781658173,"['Data Flow Object', 'Composite Provider', 'DTP', 'Transformationen', 'ABAP Dictionary']","[0.12893597781658173, 0.10175834596157074, 0.07009416073560715, 0.07006227970123291, 0.07005225121974945]"
..\Data\Rest Ungelabelt\7e005964936a486d87847cca0d6a77c7.png,Data Source,0.1344943642616272,"['Data Source', 'Datenvorschau', 'Data Mart', 'Data Store Object', 'Transformationen']","[0.1344943642616272, 0.0783766582608223, 0.07675140351057053, 0.07452083379030228, 0.07289755344390869]"
..\Data\Rest Ungelabelt\7e05761e00a149dbb21527a4034b6881.png,BW4Cockpit (Stammdaten),0.18191711604595184,"['BW4Cockpit (Stammdaten)', 'Query', 'Excel', 'Datenvorschau', 'Data Store Object']","[0.18191711604595184, 0.06875656545162201, 0.06826429814100266, 0.06823547929525375, 0.06811346113681793]"
..\Data\Rest Ungelabelt\7e0fcd257140429ca3a9447681054721.jpeg,Data Source,0.1798165738582611,"['Data Source', 'Datenvorschau', 'Data Store Object', 'Data Mart', 'Query']","[0.1798165738582611, 0.06958422064781189, 0.06858363747596741, 0.06835363805294037, 0.06820568442344666]"
..\Data\Rest Ungelabelt\7e1d723b2d8c424f87eac125bb6555f1.jpeg,Transformationen,0.09039803594350815,"['Transformationen', 'Datenvorschau', 'Data Source', 'Query', 'BW4Cockpit (Stammdaten)']","[0.09039803594350815, 0.0899663046002388, 0.08280744403600693, 0.07761852443218231, 0.0765945091843605]"
..\Data\Rest Ungelabelt\7e6c316dba4f4f7a86cc404dabf8e070.png,Data Store Object,0.16248220205307007,"['Data Store Object', 'Composite Provider', 'DTP', 'BW4Cockpit (Stammdaten)', 'Data Source']","[0.16248220205307007, 0.07729396969079971, 0.06985596567392349, 0.06939719617366791, 0.06928315758705139]"
..\Data\Rest Ungelabelt\7e73160a2a7e49579a211ca1d7fea8f3.jpeg,Transformationen,0.11460722237825394,"['Transformationen', 'Data Store Object', 'Composite Provider', 'Datenvorschau', 'ABAP Dictionary']","[0.11460722237825394, 0.08669401705265045, 0.08265751600265503, 0.07533423602581024, 0.07318808138370514]"
..\Data\Rest Ungelabelt\7e820b1a55c04262a1bafd67b1d1800f.jpeg,Excel,0.18467018008232117,"['Excel', 'Datenvorschau', 'Bewegungsdaten', 'Data Store Object', 'BW4Cockpit (Stammdaten)']","[0.18467018008232117, 0.06794874370098114, 0.0679442510008812, 0.06794404238462448, 0.06794381141662598]"
..\Data\Rest Ungelabelt\7eab341b4a0449a985118e765410c8c0.png,Query,0.12050136178731918,"['Query', 'Transformationen', 'Composite Provider', 'Data Source', 'Data Mart']","[0.12050136178731918, 0.09838123619556427, 0.07595376670360565, 0.07104220241308212, 0.07096119225025177]"
..\Data\Rest Ungelabelt\7eb661f9aa114f6ab9ec093ef95b33db.png,Query,0.18467485904693604,"['Query', 'Data Source', 'Data Store Object', 'Data Flow Object', 'Data Mart']","[0.18467485904693604, 0.0679456889629364, 0.06794413179159164, 0.06794385612010956, 0.06794379651546478]"
..\Data\Rest Ungelabelt\7ebbb6dda17344459b5bd3f384176137.jpeg,Composite Provider,0.16390828788280487,"['Composite Provider', 'Data Store Object', 'Datenvorschau', 'ABAP Dictionary', 'DTP']","[0.16390828788280487, 0.07300210744142532, 0.07067263126373291, 0.07009170949459076, 0.06991119682788849]"
..\Data\Rest Ungelabelt\7ebcc972ee954ba896563688846e81ac.jpeg,Excel,0.1846790611743927,"['Excel', 'Bewegungsdaten', 'Data Flow Object', 'Composite Provider', 'Datenvorschau']","[0.1846790611743927, 0.06794654577970505, 0.06794313341379166, 0.06794312596321106, 0.06794312596321106]"
..\Data\Rest Ungelabelt\7ec1fcd1a4824f30a92e614d7af08c55.png,Query,0.18457256257534027,"['Query', 'Datenvorschau', 'Data Source', 'Composite Provider', 'Data Flow Object']","[0.18457256257534027, 0.06795825064182281, 0.06795596331357956, 0.0679553747177124, 0.0679543986916542]"
..\Data\Rest Ungelabelt\7ed9e78c8d78412cba09ff991eecaead.png,Data Source,0.11085674911737442,"['Data Source', 'Data Store Object', 'Data Mart', 'Datenvorschau', 'Query']","[0.11085674911737442, 0.10348686575889587, 0.07882267236709595, 0.07225431501865387, 0.07146254181861877]"
..\Data\Rest Ungelabelt\7ed9f8a390774222b2844da62ea17ff7.jpeg,Data Flow Object,0.16364791989326477,"['Data Flow Object', 'Excel', 'Datenvorschau', 'Composite Provider', 'ABAP Dictionary']","[0.16364791989326477, 0.07332471758127213, 0.0708635151386261, 0.07083319872617722, 0.06932241469621658]"
..\Data\Rest Ungelabelt\7edce10f9c534646b136a3634895c679.jpeg,Composite Provider,0.14534015953540802,"['Composite Provider', 'Transformationen', 'Datenvorschau', 'DTP', 'ABAP Dictionary']","[0.14534015953540802, 0.07567011564970016, 0.07243892550468445, 0.07206407189369202, 0.07201722264289856]"
..\Data\Rest Ungelabelt\7ee3537b30844e03865baa29a35c33a1.jpeg,Transformationen,0.11320071667432785,"['Transformationen', 'DTP', 'Composite Provider', 'Data Store Object', 'Excel']","[0.11320071667432785, 0.11298923939466476, 0.0728536918759346, 0.07015934586524963, 0.07015486061573029]"
..\Data\Rest Ungelabelt\7efb2d3a75764035a6c48e2829095c0f.png,Data Flow Object,0.18462848663330078,"['Data Flow Object', 'Composite Provider', 'ABAP Dictionary', 'DTP', 'Excel']","[0.18462848663330078, 0.06796758621931076, 0.0679461732506752, 0.06794611364603043, 0.06794597953557968]"
..\Data\Rest Ungelabelt\7f05e55a5cbf4f0e84d7089f1282c080.png,Data Store Object,0.16387121379375458,"['Data Store Object', 'Data Source', 'Data Mart', 'Query', 'Datenvorschau']","[0.16387121379375458, 0.07391047477722168, 0.07097145169973373, 0.06981314718723297, 0.0697835236787796]"
..\Data\Rest Ungelabelt\7f3b445dd7724891b9bf653e03b6e92b.png,Query,0.18416589498519897,"['Query', 'Composite Provider', 'Data Flow Object', 'Datenvorschau', 'Data Store Object']","[0.18416589498519897, 0.06802620738744736, 0.06801681220531464, 0.0680033341050148, 0.06798919290304184]"
..\Data\Rest Ungelabelt\7f52d87267884fed92840b30fdd19ec6.png,Data Store Object,0.18464747071266174,"['Data Store Object', 'BW4Cockpit (Stammdaten)', 'DTP', 'Composite Provider', 'Data Mart']","[0.18464747071266174, 0.06795748323202133, 0.06794784218072891, 0.06794512271881104, 0.0679447203874588]"
..\Data\Rest Ungelabelt\7f8a4f18c36444a18cedb65a5eea50d7.jpeg,Composite Provider,0.14276205003261566,"['Composite Provider', 'Data Store Object', 'DTP', 'Transformationen', 'Datenvorschau']","[0.14276205003261566, 0.0886329635977745, 0.07090618461370468, 0.0700656846165657, 0.06989187002182007]"
..\Data\Rest Ungelabelt\7fb484a95353417eaf67d305d5819b54.png,Query,0.18328551948070526,"['Query', 'Data Source', 'Data Store Object', 'Data Mart', 'DTP']","[0.18328551948070526, 0.06831541657447815, 0.06810246407985687, 0.06806665658950806, 0.06805582344532013]"
..\Data\Rest Ungelabelt\7fb6c3ca3b514ab287e2cd6ae14f3d90.png,Query,0.18354758620262146,"['Query', 'Composite Provider', 'Data Source', 'Data Store Object', 'BW4Cockpit (Stammdaten)']","[0.18354758620262146, 0.06810218840837479, 0.06808365136384964, 0.06807887554168701, 0.06806007027626038]"
..\Data\Rest Ungelabelt\7fc7eb3d356a45a2ba6092aecf8ca51a.jpeg,Data Source,0.0968153104186058,"['Data Source', 'Composite Provider', 'Transformationen', 'Datenvorschau', 'Data Mart']","[0.0968153104186058, 0.09395493566989899, 0.08837947249412537, 0.07738921791315079, 0.07339753210544586]"
..\Data\Rest Ungelabelt\7fe77a8718ca464c82099e861b3dd4bb.jpeg,Data Flow Object,0.12683041393756866,"['Data Flow Object', 'Composite Provider', 'Data Store Object', 'DTP', 'Datenvorschau']","[0.12683041393756866, 0.08920571208000183, 0.07700934261083603, 0.07390150427818298, 0.07083665579557419]"
..\Data\Rest Ungelabelt\8039be5f3b5448b3821a7581558e8250.png,Data Flow Object,0.16991588473320007,"['Data Flow Object', 'Composite Provider', 'Data Store Object', 'Datenvorschau', 'ABAP Dictionary']","[0.16991588473320007, 0.07035773992538452, 0.0702742263674736, 0.06988168507814407, 0.06938332319259644]"
..\Data\Rest Ungelabelt\803dfb8d747b46c388112370c47e506c.png,Data Store Object,0.11215163767337799,"['Data Store Object', 'Datenvorschau', 'Composite Provider', 'ABAP Dictionary', 'Data Flow Object']","[0.11215163767337799, 0.08799400180578232, 0.08056984841823578, 0.08000621944665909, 0.07164782285690308]"
..\Data\Rest Ungelabelt\80764b5b02f442238355c797fad976aa.png,Data Flow Object,0.1838652342557907,"['Data Flow Object', 'Composite Provider', 'Transformationen', 'ABAP Dictionary', 'DTP']","[0.1838652342557907, 0.06832475960254669, 0.06798319518566132, 0.06798302382230759, 0.06798296421766281]"
..\Data\Rest Ungelabelt\808770964c9a4a41bb64f0dad10f2e28.png,Query,0.1846855878829956,"['Query', 'Composite Provider', 'Data Flow Object', 'Data Source', 'Transformationen']","[0.1846855878829956, 0.06794317811727524, 0.06794288009405136, 0.06794287264347076, 0.06794287264347076]"
..\Data\Rest Ungelabelt\8093a05f08044293958454e4ead5af1e.png,Data Store Object,0.12396764755249023,"['Data Store Object', 'Composite Provider', 'Query', 'Transformationen', 'Datenvorschau']","[0.12396764755249023, 0.08466786891222, 0.08393322676420212, 0.07228482514619827, 0.07138040661811829]"
..\Data\Rest Ungelabelt\80966c5b7427466fab09ce82e520d19b.png,Data Store Object,0.1588902771472931,"['Data Store Object', 'Data Source', 'Data Mart', 'Datenvorschau', 'Query']","[0.1588902771472931, 0.07729348540306091, 0.0728323832154274, 0.06916030496358871, 0.06913720816373825]"
..\Data\Rest Ungelabelt\80c381481d484363abb0310e9058788a.png,ABAP Dictionary,0.1690339297056198,"['ABAP Dictionary', 'Data Source', 'Datenvorschau', 'BW4Cockpit (Stammdaten)', 'Data Store Object']","[0.1690339297056198, 0.07037848234176636, 0.07014850527048111, 0.06969071924686432, 0.06932416558265686]"
..\Data\Rest Ungelabelt\80d29e5e65eb4025a4e0493528fa685e.png,Data Store Object,0.18276964128017426,"['Data Store Object', 'Query', 'DTP', 'Data Source', 'BW4Cockpit (Stammdaten)']","[0.18276964128017426, 0.06842829287052155, 0.06815262883901596, 0.06814736127853394, 0.06814318150281906]"
..\Data\Rest Ungelabelt\80e975c1c95a434ab8bef5cd9fbf0d22.png,Query,0.1089925691485405,"['Query', 'Data Source', 'Datenvorschau', 'Transformationen', 'Data Store Object']","[0.1089925691485405, 0.09021829813718796, 0.08666772395372391, 0.07361213862895966, 0.0717315822839737]"
..\Data\Rest Ungelabelt\80fe3f1e2d5d4ce1add2c9a52c956af9.jpeg,BW4Cockpit (Stammdaten),0.13010276854038239,"['BW4Cockpit (Stammdaten)', 'Bewegungsdaten', 'DTP', 'ABAP Dictionary', 'Data Source']","[0.13010276854038239, 0.08127597719430923, 0.07800299674272537, 0.07450146973133087, 0.07141676545143127]"
..\Data\Rest Ungelabelt\8107ef7c55624cdb952f75bce2cf1f9b.png,Data Store Object,0.18314367532730103,"['Data Store Object', 'Query', 'Data Source', 'DTP', 'BW4Cockpit (Stammdaten)']","[0.18314367532730103, 0.06833171099424362, 0.06815390288829803, 0.06809867918491364, 0.06807735562324524]"
..\Data\Rest Ungelabelt\81369d53e83249f8907c749091be0104.png,ABAP Dictionary,0.1654977649450302,"['ABAP Dictionary', 'BW4Cockpit (Stammdaten)', 'Bewegungsdaten', 'Data Flow Object', 'Data Source']","[0.1654977649450302, 0.07286080718040466, 0.07051755487918854, 0.07029508799314499, 0.06928254663944244]"
..\Data\Rest Ungelabelt\8146bb1365784dd7b18837a1fb71997c.jpeg,Query,0.18442869186401367,"['Query', 'Data Store Object', 'Composite Provider', 'BW4Cockpit (Stammdaten)', 'Data Source']","[0.18442869186401367, 0.06799827516078949, 0.06797154992818832, 0.06796879321336746, 0.06796535104513168]"
..\Data\Rest Ungelabelt\81575825838e4a29b297448a4392149e.png,Data Store Object,0.13565412163734436,"['Data Store Object', 'Data Source', 'Query', 'DTP', 'ABAP Dictionary']","[0.13565412163734436, 0.09151526540517807, 0.07281625270843506, 0.07018302381038666, 0.07015710324048996]"
..\Data\Rest Ungelabelt\815f3b1028164e0dbc77da3afd0242e2.jpeg,Data Source,0.10638998448848724,"['Data Source', 'Datenvorschau', 'Query', 'Data Store Object', 'Data Mart']","[0.10638998448848724, 0.09787046164274216, 0.07817618548870087, 0.07458005100488663, 0.0738670751452446]"
..\Data\Rest Ungelabelt\816362471fd848ed9f5d91bacb4fa012.png,Data Source,0.12643426656723022,"['Data Source', 'Datenvorschau', 'Data Store Object', 'Query', 'Data Mart']","[0.12643426656723022, 0.0864545926451683, 0.07800918072462082, 0.07288660854101181, 0.07127340883016586]"
..\Data\Rest Ungelabelt\816576dfc0424dcaa10bd1c19cd1365c.png,Query,0.184358611702919,"['Query', 'Data Source', 'BW4Cockpit (Stammdaten)', 'Data Store Object', 'Datenvorschau']","[0.184358611702919, 0.06802446395158768, 0.06797576695680618, 0.06797271966934204, 0.06797125935554504]"
..\Data\Rest Ungelabelt\81d6b79b2f6c49dda534efab82689b42.jpeg,Composite Provider,0.10998047888278961,"['Composite Provider', 'Datenvorschau', 'Query', 'DTP', 'Transformationen']","[0.10998047888278961, 0.08733338117599487, 0.07845620065927505, 0.07826424390077591, 0.07533378154039383]"
..\Data\Rest Ungelabelt\81f5ed8038c84939bb694df132d09193.png,Query,0.18038293719291687,"['Query', 'Data Source', 'DTP', 'Datenvorschau', 'Composite Provider']","[0.18038293719291687, 0.06939953565597534, 0.06834476441144943, 0.06828347593545914, 0.06821182370185852]"
..\Data\Rest Ungelabelt\81f60a270bd843e1ad416dfbda294841.png,ABAP Dictionary,0.09388294816017151,"['ABAP Dictionary', 'Bewegungsdaten', 'BW4Cockpit (Stammdaten)', 'Datenvorschau', 'Transformationen']","[0.09388294816017151, 0.0874992087483406, 0.08238749951124191, 0.08185967803001404, 0.07711707055568695]"
..\Data\Rest Ungelabelt\81fc88f9e241482586ad1bb6b41de9be.png,DTP,0.1808556467294693,"['DTP', 'ABAP Dictionary', 'BW4Cockpit (Stammdaten)', 'Bewegungsdaten', 'Excel']","[0.1808556467294693, 0.06933791190385818, 0.068250872194767, 0.06823697686195374, 0.06818818300962448]"
..\Data\Rest Ungelabelt\82141de733884c58b7c9abddd401d402.png,Data Store Object,0.13920611143112183,"['Data Store Object', 'Composite Provider', 'Query', 'Transformationen', 'DTP']","[0.13920611143112183, 0.09082760661840439, 0.07151751965284348, 0.07003153860569, 0.06999374181032181]"
..\Data\Rest Ungelabelt\82298e75fc894abe8528c5f1cdc51170.png,Query,0.0960058942437172,"['Query', 'Datenvorschau', 'Data Store Object', 'Composite Provider', 'Data Source']","[0.0960058942437172, 0.0878453180193901, 0.08502347022294998, 0.07662733644247055, 0.07583828270435333]"
..\Data\Rest Ungelabelt\82376f91da3747aab947b0a6b9a421d4.png,Data Flow Object,0.18450374901294708,"['Data Flow Object', 'Composite Provider', 'Datenvorschau', 'DTP', 'Data Store Object']","[0.18450374901294708, 0.06802662461996078, 0.06795232743024826, 0.06795217841863632, 0.0679517313838005]"
..\Data\Rest Ungelabelt\825435816b4045829381984f35b0e5de.png,BW4Cockpit (Stammdaten),0.18151284754276276,"['BW4Cockpit (Stammdaten)', 'Query', 'Datenvorschau', 'Excel', 'Data Source']","[0.18151284754276276, 0.0690130814909935, 0.06821105629205704, 0.06817430257797241, 0.06814353913068771]"
..\Data\Rest Ungelabelt\825a956610e14be786cbe82cc2c44cdc.png,Query,0.18468588590621948,"['Query', 'Data Flow Object', 'Composite Provider', 'Data Store Object', 'Datenvorschau']","[0.18468588590621948, 0.06794293224811554, 0.06794289499521255, 0.06794288754463196, 0.06794287264347076]"
..\Data\Rest Ungelabelt\8273b849c7284267925706ca58117527.png,Data Store Object,0.18064123392105103,"['Data Store Object', 'Data Mart', 'Composite Provider', 'Datenvorschau', 'Data Source']","[0.18064123392105103, 0.06939894706010818, 0.06834712624549866, 0.06824907660484314, 0.06820596009492874]"
..\Data\Rest Ungelabelt\82939e2aedc145f181082a9cb6532ec0.png,Query,0.1830204278230667,"['Query', 'Data Source', 'Transformationen', 'Data Store Object', 'Data Mart']","[0.1830204278230667, 0.06866475194692612, 0.0680539682507515, 0.0680379867553711, 0.06802699714899063]"
..\Data\Rest Ungelabelt\82cc41ec230049cab1dae043c238da4e.png,Query,0.18448509275913239,"['Query', 'Data Flow Object', 'Composite Provider', 'Datenvorschau', 'Data Source']","[0.18448509275913239, 0.06797921657562256, 0.06797461956739426, 0.06796550005674362, 0.0679580494761467]"
..\Data\Rest Ungelabelt\82dcacf06830489c8fbe8b2d2c7ed48e.png,Data Source,0.18010668456554413,"['Data Source', 'Datenvorschau', 'Data Store Object', 'Data Mart', 'BW4Cockpit (Stammdaten)']","[0.18010668456554413, 0.0697343647480011, 0.06842122226953506, 0.06823913753032684, 0.06817352026700974]"
..\Data\Rest Ungelabelt\82e55e6db1bd43c0ba18d6bd5bebdedb.png,Data Source,0.18467119336128235,"['Data Source', 'Query', 'Datenvorschau', 'Data Mart', 'Transformationen']","[0.18467119336128235, 0.0679476261138916, 0.0679452195763588, 0.06794395297765732, 0.06794372200965881]"
..\Data\Rest Ungelabelt\8329423a28494876ad314f5588001b74.jpeg,Query,0.1799505650997162,"['Query', 'Composite Provider', 'Datenvorschau', 'Data Store Object', 'Transformationen']","[0.1799505650997162, 0.06921665370464325, 0.06861668825149536, 0.06846155226230621, 0.06829492002725601]"
..\Data\Rest Ungelabelt\836ae4cae5ad4bc1bde0b77ed8f2d876.jpeg,Transformationen,0.11357169598340988,"['Transformationen', 'Composite Provider', 'Data Flow Object', 'DTP', 'ABAP Dictionary']","[0.11357169598340988, 0.11272454261779785, 0.07048051804304123, 0.07047931104898453, 0.07044890522956848]"
..\Data\Rest Ungelabelt\83822ca40e1342bdb7061575a51b9af3.png,Data Store Object,0.11000441759824753,"['Data Store Object', 'Data Mart', 'Data Source', 'Query', 'Datenvorschau']","[0.11000441759824753, 0.09383900463581085, 0.08906657248735428, 0.07236603647470474, 0.07076744735240936]"
..\Data\Rest Ungelabelt\83a83e71a54345b894d7e61f7bfdb542.png,Transformationen,0.12052198499441147,"['Transformationen', 'ABAP Dictionary', 'Data Store Object', 'Data Source', 'Data Flow Object']","[0.12052198499441147, 0.08170301467180252, 0.07663865387439728, 0.07452043890953064, 0.07271528244018555]"
..\Data\Rest Ungelabelt\83e4c1ae280c4db1896636dc6ba8fa32.png,Transformationen,0.09371747076511383,"['Transformationen', 'Data Mart', 'Data Store Object', 'Data Source', 'Composite Provider']","[0.09371747076511383, 0.08890403062105179, 0.08685609698295593, 0.08281568437814713, 0.0792553722858429]"
..\Data\Rest Ungelabelt\83e92bb5d108442abec846dc29820748.jpeg,DTP,0.18355518579483032,"['DTP', 'Datenvorschau', 'Excel', 'Data Source', 'Bewegungsdaten']","[0.18355518579483032, 0.0681670755147934, 0.06812386214733124, 0.06805475056171417, 0.06804577261209488]"
..\Data\Rest Ungelabelt\840512c650ea4564994772ff43d2ed5e.png,Query,0.1294277310371399,"['Query', 'Data Store Object', 'Data Source', 'Data Mart', 'ABAP Dictionary']","[0.1294277310371399, 0.09949907660484314, 0.07122444361448288, 0.07015436142683029, 0.07007521390914917]"
..\Data\Rest Ungelabelt\8406273dcd4e43dab3aba86eb7d04e71.png,Query,0.18246814608573914,"['Query', 'Transformationen', 'Composite Provider', 'Data Store Object', 'DTP']","[0.18246814608573914, 0.06865226477384567, 0.06831111013889313, 0.06806758046150208, 0.06806729733943939]"
..\Data\Rest Ungelabelt\843138588c024a21aa00a00f627bc386.png,Excel,0.1825171411037445,"['Excel', 'Query', 'Datenvorschau', 'Data Store Object', 'Composite Provider']","[0.1825171411037445, 0.06829211115837097, 0.06826456636190414, 0.06817934662103653, 0.068135105073452]"
..\Data\Rest Ungelabelt\844843b363604d9d8eeeb83466229854.png,Data Store Object,0.18403244018554688,"['Data Store Object', 'Data Source', 'DTP', 'BW4Cockpit (Stammdaten)', 'Composite Provider']","[0.18403244018554688, 0.0680755227804184, 0.06802723556756973, 0.06802690029144287, 0.06799659878015518]"
..\Data\Rest Ungelabelt\84759d8a66c54241b005c21aaf995512.jpeg,ABAP Dictionary,0.1822035014629364,"['ABAP Dictionary', 'Transformationen', 'Datenvorschau', 'Composite Provider', 'DTP']","[0.1822035014629364, 0.06839080154895782, 0.06832881271839142, 0.068186454474926, 0.06817395240068436]"
..\Data\Rest Ungelabelt\847a12bcd88a44eca28f256c6ad411de.png,Query,0.18466027081012726,"['Query', 'Data Flow Object', 'Composite Provider', 'Datenvorschau', 'Data Source']","[0.18466027081012726, 0.06794711202383041, 0.06794620305299759, 0.06794581562280655, 0.06794550269842148]"
..\Data\Rest Ungelabelt\84af62971a134f2e90ee2d16fa935fa6.png,Data Flow Object,0.18468086421489716,"['Data Flow Object', 'Composite Provider', 'Datenvorschau', 'DTP', 'Data Store Object']","[0.18468086421489716, 0.0679457038640976, 0.06794308125972748, 0.06794305145740509, 0.0679430440068245]"
..\Data\Rest Ungelabelt\84b77d3a3bda46fe9ad3724df18881a2.jpeg,Data Store Object,0.1544548124074936,"['Data Store Object', 'Data Source', 'Datenvorschau', 'Data Mart', 'Composite Provider']","[0.1544548124074936, 0.07972458004951477, 0.07060320675373077, 0.07044387608766556, 0.0700160339474678]"
..\Data\Rest Ungelabelt\84c79ee650e044a181ddec7227733674.png,Data Store Object,0.18464864790439606,"['Data Store Object', 'BW4Cockpit (Stammdaten)', 'Query', 'DTP', 'Data Source']","[0.18464864790439606, 0.06795249879360199, 0.06794892251491547, 0.06794630736112595, 0.06794528663158417]"
..\Data\Rest Ungelabelt\84e62114faac444a939ede086530fe8c.jpeg,Transformationen,0.11541426926851273,"['Transformationen', 'DTP', 'Datenvorschau', 'Composite Provider', 'ABAP Dictionary']","[0.11541426926851273, 0.08583762496709824, 0.07825362682342529, 0.07651326060295105, 0.07398873567581177]"
..\Data\Rest Ungelabelt\84efcdb91b314296a28f7228c907bf25.png,Data Flow Object,0.18368040025234222,"['Data Flow Object', 'Composite Provider', 'ABAP Dictionary', 'DTP', 'Excel']","[0.18368040025234222, 0.06840243190526962, 0.06799691170454025, 0.0679926872253418, 0.06799263507127762]"
..\Data\Rest Ungelabelt\851aeaf64b2a4787ab3e01863e984143.png,Data Store Object,0.1417492777109146,"['Data Store Object', 'Query', 'Data Source', 'Data Mart', 'Composite Provider']","[0.1417492777109146, 0.0862848162651062, 0.07209369540214539, 0.07072539627552032, 0.07036792486906052]"
..\Data\Rest Ungelabelt\852cfa6555bf4e70938ee8802e333ad3.png,Data Store Object,0.1518077701330185,"['Data Store Object', 'Query', 'Data Source', 'Data Mart', 'Datenvorschau']","[0.1518077701330185, 0.07595355808734894, 0.07445917278528214, 0.07153186202049255, 0.07074326276779175]"
..\Data\Rest Ungelabelt\852f9219ecb54ebbac2ba065879e7b70.png,Bewegungsdaten,0.0896182507276535,"['Bewegungsdaten', 'Excel', 'BW4Cockpit (Stammdaten)', 'Composite Provider', 'Data Flow Object']","[0.0896182507276535, 0.08101223409175873, 0.07847105711698532, 0.07712992280721664, 0.07702633738517761]"
..\Data\Rest Ungelabelt\853694fc03a9491ead98497341365f41.png,ABAP Dictionary,0.17479848861694336,"['ABAP Dictionary', 'Transformationen', 'Excel', 'DTP', 'BW4Cockpit (Stammdaten)']","[0.17479848861694336, 0.07026813179254532, 0.06995761394500732, 0.06884273141622543, 0.06856414675712585]"
..\Data\Rest Ungelabelt\8539a688528542fdb00412c933e4bb67.png,ABAP Dictionary,0.14913107454776764,"['ABAP Dictionary', 'Datenvorschau', 'Transformationen', 'DTP', 'BW4Cockpit (Stammdaten)']","[0.14913107454776764, 0.08572401106357574, 0.06986875832080841, 0.06966773420572281, 0.06966292858123779]"
..\Data\Rest Ungelabelt\85746c5719e04e8998c460343b783525.png,Data Store Object,0.1294194608926773,"['Data Store Object', 'Composite Provider', 'Transformationen', 'Data Mart', 'DTP']","[0.1294194608926773, 0.09312090277671814, 0.07501714676618576, 0.07086735963821411, 0.07066401094198227]"
..\Data\Rest Ungelabelt\8578e350534f4bb78ac0f47e4fce67c2.png,Query,0.14955320954322815,"['Query', 'Data Store Object', 'Data Source', 'Data Mart', 'Datenvorschau']","[0.14955320954322815, 0.07858499139547348, 0.07524343580007553, 0.07130900770425797, 0.06954798847436905]"
..\Data\Rest Ungelabelt\858f3d208fff42e6acad6ad0af929cab.png,Bewegungsdaten,0.12556380033493042,"['Bewegungsdaten', 'Data Store Object', 'Datenvorschau', 'Data Source', 'BW4Cockpit (Stammdaten)']","[0.12556380033493042, 0.08328517526388168, 0.07520873844623566, 0.07302898168563843, 0.07180248945951462]"
..\Data\Rest Ungelabelt\85923a435e2c4a3da739151582c95a88.png,Data Store Object,0.17941461503505707,"['Data Store Object', 'Data Mart', 'Data Source', 'Datenvorschau', 'Transformationen']","[0.17941461503505707, 0.06993705779314041, 0.06856153905391693, 0.06824123859405518, 0.06823641061782837]"
..\Data\Rest Ungelabelt\859a832b2191499fac40835d394a1d52.png,Data Store Object,0.16970400512218475,"['Data Store Object', 'Composite Provider', 'DTP', 'Datenvorschau', 'Data Mart']","[0.16970400512218475, 0.07208500057458878, 0.07002914696931839, 0.06931765377521515, 0.06919263303279877]"
..\Data\Rest Ungelabelt\85afc7426ac8461cbe4ce44dc06f000d.png,BW4Cockpit (Stammdaten),0.17679493129253387,"['BW4Cockpit (Stammdaten)', 'Query', 'Datenvorschau', 'Excel', 'Data Source']","[0.17679493129253387, 0.0705278143286705, 0.0688987597823143, 0.06853490322828293, 0.06846770644187927]"
..\Data\Rest Ungelabelt\85b4cc18bb304d45b0c722e9e8997716.jpeg,Bewegungsdaten,0.16690510511398315,"['Bewegungsdaten', 'ABAP Dictionary', 'BW4Cockpit (Stammdaten)', 'Data Source', 'Datenvorschau']","[0.16690510511398315, 0.07191675901412964, 0.07051174342632294, 0.06993036717176437, 0.06988128274679184]"
..\Data\Rest Ungelabelt\85bae567b14c4e0caf40d0ba9ce8f517.png,Composite Provider,0.10497593134641647,"['Composite Provider', 'DTP', 'Data Store Object', 'Transformationen', 'Query']","[0.10497593134641647, 0.09248292446136475, 0.08632124215364456, 0.07346075773239136, 0.07334998995065689]"
..\Data\Rest Ungelabelt\85c074c296d043babf99e8ecfe4282f4.png,Bewegungsdaten,0.16724219918251038,"['Bewegungsdaten', 'ABAP Dictionary', 'DTP', 'BW4Cockpit (Stammdaten)', 'Datenvorschau']","[0.16724219918251038, 0.0716458410024643, 0.07126914709806442, 0.07016737759113312, 0.06903226673603058]"
..\Data\Rest Ungelabelt\862a8f1b7f59441f9fbcdd794ecf7284.png,Bewegungsdaten,0.15812177956104279,"['Bewegungsdaten', 'ABAP Dictionary', 'DTP', 'BW4Cockpit (Stammdaten)', 'Datenvorschau']","[0.15812177956104279, 0.07732897996902466, 0.07131306827068329, 0.07065313309431076, 0.06928505003452301]"
..\Data\Rest Ungelabelt\86684ac516c74718a5aaaa5cb9da104f.png,Composite Provider,0.12307202816009521,"['Composite Provider', 'Query', 'Data Source', 'Transformationen', 'Data Mart']","[0.12307202816009521, 0.09415698796510696, 0.07551489770412445, 0.07313456386327744, 0.07135096192359924]"
..\Data\Rest Ungelabelt\86868bb7095e4a9d8aba8b830384e724.png,Data Source,0.16355592012405396,"['Data Source', 'Datenvorschau', 'Data Store Object', 'Data Mart', 'Query']","[0.16355592012405396, 0.07299891859292984, 0.07242736965417862, 0.06992048770189285, 0.06957492977380753]"
..\Data\Rest Ungelabelt\8694489e05024f2a8f6f4a4dd54483fa.png,Query,0.17847603559494019,"['Query', 'Data Store Object', 'Data Source', 'Composite Provider', 'DTP']","[0.17847603559494019, 0.06902650743722916, 0.06877001374959946, 0.06857896596193314, 0.06856948137283325]"
..\Data\Rest Ungelabelt\86bb655b0cb44c32825ad1f677fcc383.jpeg,Data Flow Object,0.16973546147346497,"['Data Flow Object', 'ABAP Dictionary', 'Composite Provider', 'Data Store Object', 'Datenvorschau']","[0.16973546147346497, 0.07198597490787506, 0.07015610486268997, 0.06928317993879318, 0.06921346485614777]"
..\Data\Rest Ungelabelt\86ceab8c3141495c804a11fa0b4ebbd6.jpeg,ABAP Dictionary,0.11657462269067764,"['ABAP Dictionary', 'DTP', 'Data Flow Object', 'Data Store Object', 'Transformationen']","[0.11657462269067764, 0.10961377620697021, 0.07171208411455154, 0.07060357928276062, 0.07046517729759216]"
..\Data\Rest Ungelabelt\86e7b8376f22443688a705c0e6c42f22.jpeg,ABAP Dictionary,0.1534251570701599,"['ABAP Dictionary', 'Datenvorschau', 'Data Store Object', 'DTP', 'Transformationen']","[0.1534251570701599, 0.07410982996225357, 0.0724908635020256, 0.07195418328046799, 0.07102657109498978]"
..\Data\Rest Ungelabelt\86eb10778f064f669298d114dea67250.png,Query,0.15205805003643036,"['Query', 'Data Store Object', 'Transformationen', 'Composite Provider', 'Data Mart']","[0.15205805003643036, 0.07451897114515305, 0.07267330586910248, 0.07144340127706528, 0.07078573107719421]"
..\Data\Rest Ungelabelt\870f158826e444088431f6fd7b57c196.png,DTP,0.18163348734378815,"['DTP', 'Data Store Object', 'ABAP Dictionary', 'BW4Cockpit (Stammdaten)', 'Bewegungsdaten']","[0.18163348734378815, 0.06887980550527573, 0.06845270097255707, 0.06813157349824905, 0.06812627613544464]"
..\Data\Rest Ungelabelt\872455d80ba946999cc0c1799bccfa19.jpeg,Data Store Object,0.18449744582176208,"['Data Store Object', 'DTP', 'Query', 'BW4Cockpit (Stammdaten)', 'Composite Provider']","[0.18449744582176208, 0.06799062341451645, 0.06796882301568985, 0.06796804815530777, 0.06795462220907211]"
..\Data\Rest Ungelabelt\872686c20fa14ed1b7c907a41c804566.png,Transformationen,0.18468596041202545,"['Transformationen', 'Composite Provider', 'DTP', 'Data Source', 'Datenvorschau']","[0.18468596041202545, 0.06794311851263046, 0.06794289499521255, 0.06794287264347076, 0.06794283539056778]"
..\Data\Rest Ungelabelt\874e7c6b5e88421583c7cc0360cc7971.png,DTP,0.18081840872764587,"['DTP', 'ABAP Dictionary', 'BW4Cockpit (Stammdaten)', 'Bewegungsdaten', 'Excel']","[0.18081840872764587, 0.0693720206618309, 0.06838374584913254, 0.0682111531496048, 0.06815790385007858]"
..\Data\Rest Ungelabelt\8751532fad4b4a46a7b581c5d3c58ed1.jpeg,Data Store Object,0.15943527221679688,"['Data Store Object', 'Data Source', 'Datenvorschau', 'Bewegungsdaten', 'ABAP Dictionary']","[0.15943527221679688, 0.07636088132858276, 0.07011103630065918, 0.06988637894392014, 0.0698750913143158]"
..\Data\Rest Ungelabelt\8760dbfb308048649db95d64e7ef53ea.png,Excel,0.18335309624671936,"['Excel', 'Composite Provider', 'Data Store Object', 'Query', 'Datenvorschau']","[0.18335309624671936, 0.06821183115243912, 0.0681532472372055, 0.06811120361089706, 0.0680665522813797]"
..\Data\Rest Ungelabelt\876c5c540e5a43d3b498d808af507b6d.png,Query,0.14557215571403503,"['Query', 'Transformationen', 'Data Store Object', 'Data Source', 'Composite Provider']","[0.14557215571403503, 0.07658730447292328, 0.0745614767074585, 0.07273471355438232, 0.07116546481847763]"
..\Data\Rest Ungelabelt\876d2d92362f4c6d8207728fc608fd41.jpeg,Transformationen,0.18465347588062286,"['Transformationen', 'Composite Provider', 'Data Source', 'Data Flow Object', 'Excel']","[0.18465347588062286, 0.06795807927846909, 0.0679444894194603, 0.0679444745182991, 0.0679444745182991]"
..\Data\Rest Ungelabelt\87c5490cc6d0430baa2225d364c56823.png,Data Store Object,0.14172743260860443,"['Data Store Object', 'Data Source', 'Query', 'DTP', 'BW4Cockpit (Stammdaten)']","[0.14172743260860443, 0.07545176893472672, 0.07400497794151306, 0.07363828271627426, 0.07138442993164062]"
..\Data\Rest Ungelabelt\87cdad95d2f248f4bbbdc083644be01a.png,Transformationen,0.08904068917036057,"['Transformationen', 'Query', 'Data Store Object', 'Data Source', 'DTP']","[0.08904068917036057, 0.08870965242385864, 0.08268240839242935, 0.08017700910568237, 0.07747499644756317]"
..\Data\Rest Ungelabelt\87ddf9b5d3224df7b1285ab9e1e25809.png,Data Flow Object,0.15975432097911835,"['Data Flow Object', 'Composite Provider', 'ABAP Dictionary', 'Datenvorschau', 'DTP']","[0.15975432097911835, 0.08025699108839035, 0.06931691616773605, 0.06921675056219101, 0.06914982199668884]"
..\Data\Rest Ungelabelt\87fff9c9252342f885c609da78014117.png,Data Store Object,0.18467050790786743,"['Data Store Object', 'BW4Cockpit (Stammdaten)', 'DTP', 'Composite Provider', 'Query']","[0.18467050790786743, 0.06794720143079758, 0.0679461881518364, 0.06794411689043045, 0.06794364005327225]"
..\Data\Rest Ungelabelt\8814eea446584d548bbadc342b8fce49.jpeg,Data Store Object,0.13069230318069458,"['Data Store Object', 'Data Mart', 'Composite Provider', 'Datenvorschau', 'Query']","[0.13069230318069458, 0.08620985597372055, 0.07420214265584946, 0.07383319735527039, 0.07354101538658142]"
..\Data\Rest Ungelabelt\88216074df8e4cdb8bc88c8e7d88b8d0.png,Transformationen,0.12818817794322968,"['Transformationen', 'Query', 'Composite Provider', 'Datenvorschau', 'Data Source']","[0.12818817794322968, 0.07826264947652817, 0.07712031900882721, 0.07529968023300171, 0.07351770251989365]"
..\Data\Rest Ungelabelt\884c22a4ec654bddab9614b352ba9eaa.png,Query,0.18468500673770905,"['Query', 'Data Source', 'BW4Cockpit (Stammdaten)', 'Composite Provider', 'Data Mart']","[0.18468500673770905, 0.06794320791959763, 0.06794311851263046, 0.06794294714927673, 0.06794291734695435]"
..\Data\Rest Ungelabelt\88667cf33e6240ccaa5d7be6ce0a9c15.jpeg,Query,0.1846003234386444,"['Query', 'Data Source', 'Composite Provider', 'Transformationen', 'Datenvorschau']","[0.1846003234386444, 0.06796370446681976, 0.0679532140493393, 0.06795007735490799, 0.06794983893632889]"
..\Data\Rest Ungelabelt\8869cf900fe9432dac2745126587809e.png,Data Store Object,0.10073115676641464,"['Data Store Object', 'Query', 'Composite Provider', 'Transformationen', 'DTP']","[0.10073115676641464, 0.09221914410591125, 0.08105999231338501, 0.07668863981962204, 0.07614617049694061]"
..\Data\Rest Ungelabelt\8876b9d3fb474fef9b5efb073e0c0217.png,DTP,0.1643001139163971,"['DTP', 'Data Store Object', 'Datenvorschau', 'Data Source', 'Composite Provider']","[0.1643001139163971, 0.07221490889787674, 0.07063213735818863, 0.0702337697148323, 0.07011465728282928]"
..\Data\Rest Ungelabelt\888d4cec8e5b4969aabf98862bd3ef30.png,Data Store Object,0.18419618904590607,"['Data Store Object', 'DTP', 'Data Source', 'BW4Cockpit (Stammdaten)', 'Data Mart']","[0.18419618904590607, 0.06810272485017776, 0.06798923015594482, 0.06797897070646286, 0.06797843426465988]"
..\Data\Rest Ungelabelt\88b643bd01564d6d98a404f893ceb549.png,Excel,0.1846650242805481,"['Excel', 'Bewegungsdaten', 'Datenvorschau', 'Composite Provider', 'Data Store Object']","[0.1846650242805481, 0.06794971227645874, 0.0679449737071991, 0.06794466823339462, 0.06794429570436478]"
..\Data\Rest Ungelabelt\88c29cd5cf984b9085f75807d5ff41ef.jpeg,Data Store Object,0.0997844785451889,"['Data Store Object', 'Datenvorschau', 'Data Source', 'Data Mart', 'Transformationen']","[0.0997844785451889, 0.0932583138346672, 0.08650019019842148, 0.0807805135846138, 0.07192455232143402]"
..\Data\Rest Ungelabelt\88dd2bad93714813a05e3afd396247f3.jpeg,Query,0.18461351096630096,"['Query', 'Composite Provider', 'Data Flow Object', 'Datenvorschau', 'Transformationen']","[0.18461351096630096, 0.06796035915613174, 0.06795883923768997, 0.0679478794336319, 0.0679469108581543]"
..\Data\Rest Ungelabelt\88e98b5115a54880a6483c984424948f.png,Data Store Object,0.18468020856380463,"['Data Store Object', 'Data Mart', 'BW4Cockpit (Stammdaten)', 'DTP', 'Composite Provider']","[0.18468020856380463, 0.06794422119855881, 0.06794387102127075, 0.06794372200965881, 0.0679432600736618]"
..\Data\Rest Ungelabelt\88fba71dc09049278aaceffb7d327b22.png,Data Source,0.15792623162269592,"['Data Source', 'Datenvorschau', 'Composite Provider', 'Transformationen', 'DTP']","[0.15792623162269592, 0.0808081105351448, 0.06952124089002609, 0.06937726587057114, 0.06923083961009979]"
..\Data\Rest Ungelabelt\88fdd349bc5a4ab5bd777caf652629fb.png,Data Store Object,0.16619086265563965,"['Data Store Object', 'Data Mart', 'Composite Provider', 'Datenvorschau', 'Bewegungsdaten']","[0.16619086265563965, 0.07734822481870651, 0.06877002865076065, 0.06876954436302185, 0.06876946985721588]"
..\Data\Rest Ungelabelt\8936494c1b6f421a9d5e99348401c015.jpeg,Query,0.12591995298862457,"['Query', 'DTP', 'Composite Provider', 'Data Store Object', 'Data Source']","[0.12591995298862457, 0.08352586627006531, 0.07485859096050262, 0.07371223717927933, 0.07326270639896393]"
..\Data\Rest Ungelabelt\894adfaf70d84a8890e5e50b6acf461e.png,Data Source,0.12054214626550674,"['Data Source', 'Query', 'Data Store Object', 'Data Mart', 'BW4Cockpit (Stammdaten)']","[0.12054214626550674, 0.10602966696023941, 0.07240621745586395, 0.07033979147672653, 0.07014642655849457]"
..\Data\Rest Ungelabelt\894c0e91462d43479014ef4e79f968bb.png,Data Store Object,0.1838124543428421,"['Data Store Object', 'DTP', 'Query', 'BW4Cockpit (Stammdaten)', 'Data Source']","[0.1838124543428421, 0.06813310086727142, 0.06805749237537384, 0.0680573433637619, 0.06800969690084457]"
..\Data\Rest Ungelabelt\89517f6b03d84454bf520231b0c8a2af.png,Query,0.18256473541259766,"['Query', 'Data Store Object', 'Data Mart', 'Datenvorschau', 'Composite Provider']","[0.18256473541259766, 0.06848269701004028, 0.06844577938318253, 0.06807207316160202, 0.06805697828531265]"
..\Data\Rest Ungelabelt\895e715366b04021ae472ca8c291e45c.png,Query,0.13859057426452637,"['Query', 'Data Source', 'DTP', 'Composite Provider', 'Transformationen']","[0.13859057426452637, 0.07793320715427399, 0.07510877400636673, 0.07449538260698318, 0.0728640928864479]"
..\Data\Rest Ungelabelt\89784297c3e1428093550f5f037cf9b3.jpeg,BW4Cockpit (Stammdaten),0.18245446681976318,"['BW4Cockpit (Stammdaten)', 'Query', 'Excel', 'Data Store Object', 'Datenvorschau']","[0.18245446681976318, 0.06880606710910797, 0.06809988617897034, 0.06809829920530319, 0.06807184219360352]"
..\Data\Rest Ungelabelt\897b84782f36433f9f10668391c91834.png,Data Store Object,0.09769504517316818,"['Data Store Object', 'Datenvorschau', 'Data Source', 'Data Mart', 'Composite Provider']","[0.09769504517316818, 0.09569302201271057, 0.08245543390512466, 0.07699128985404968, 0.07541178166866302]"
..\Data\Rest Ungelabelt\8995e6da36b14e9884156aaa41b3056d.png,Data Store Object,0.16075918078422546,"['Data Store Object', 'Data Source', 'BW4Cockpit (Stammdaten)', 'Query', 'DTP']","[0.16075918078422546, 0.07182550430297852, 0.07174472510814667, 0.07071597874164581, 0.07007697224617004]"
..\Data\Rest Ungelabelt\899f886cd39e445780d3f90cc041831d.png,Data Store Object,0.15335634350776672,"['Data Store Object', 'Query', 'Data Source', 'BW4Cockpit (Stammdaten)', 'DTP']","[0.15335634350776672, 0.08021868765354156, 0.072320356965065, 0.06961686164140701, 0.0695708617568016]"
..\Data\Rest Ungelabelt\89af84c8fc284548aa7091d2a4755df3.png,Data Store Object,0.1845380961894989,"['Data Store Object', 'DTP', 'BW4Cockpit (Stammdaten)', 'Composite Provider', 'Data Mart']","[0.1845380961894989, 0.06797447800636292, 0.06796705722808838, 0.06796424090862274, 0.06795244663953781]"
..\Data\Rest Ungelabelt\89d6d99509f1490b9d61d364782bf471.jpeg,Excel,0.16501134634017944,"['Excel', 'ABAP Dictionary', 'Data Flow Object', 'Bewegungsdaten', 'Transformationen']","[0.16501134634017944, 0.07389195263385773, 0.07116233557462692, 0.06948664784431458, 0.0690959170460701]"
..\Data\Rest Ungelabelt\89db3cffc95b4e13a372a130c8f24110.png,Data Source,0.13930627703666687,"['Data Source', 'Bewegungsdaten', 'BW4Cockpit (Stammdaten)', 'Datenvorschau', 'Data Store Object']","[0.13930627703666687, 0.08028874546289444, 0.0727112889289856, 0.07223821431398392, 0.07199673354625702]"
..\Data\Rest Ungelabelt\8a14fdadba51433b863733bbf1d78c15.jpeg,Query,0.17974287271499634,"['Query', 'Data Store Object', 'BW4Cockpit (Stammdaten)', 'Data Source', 'Data Mart']","[0.17974287271499634, 0.06916254013776779, 0.06856309622526169, 0.06849635392427444, 0.06833837926387787]"
..\Data\Rest Ungelabelt\8a3780790fa24b5791391c2e613386e7.png,Data Store Object,0.12856392562389374,"['Data Store Object', 'Data Mart', 'Data Source', 'Datenvorschau', 'Transformationen']","[0.12856392562389374, 0.08609488606452942, 0.0832049623131752, 0.07050435245037079, 0.07032018154859543]"
..\Data\Rest Ungelabelt\8a3d4d8758b84d20bbd6826e1139f55e.png,DTP,0.18414245545864105,"['DTP', 'ABAP Dictionary', 'Bewegungsdaten', 'BW4Cockpit (Stammdaten)', 'Data Source']","[0.18414245545864105, 0.06817560642957687, 0.06798189878463745, 0.06797399371862411, 0.06797026842832565]"
..\Data\Rest Ungelabelt\8a3e520c294e4aa1bb550da0fc698f65.png,Query,0.1364319622516632,"['Query', 'Data Store Object', 'Data Source', 'Datenvorschau', 'Data Mart']","[0.1364319622516632, 0.09017764776945114, 0.07177828997373581, 0.07079388946294785, 0.07052429765462875]"
..\Data\Rest Ungelabelt\8a42836e2f5f47049ade9a521e172a93.png,Data Source,0.12231415510177612,"['Data Source', 'Data Store Object', 'Query', 'Datenvorschau', 'Data Mart']","[0.12231415510177612, 0.08874846249818802, 0.07601852715015411, 0.07557166367769241, 0.07242752611637115]"
..\Data\Rest Ungelabelt\8a5daaf8234b4404aa8319b5cd43f82e.png,Data Source,0.1579442322254181,"['Data Source', 'Data Store Object', 'Datenvorschau', 'Composite Provider', 'Data Mart']","[0.1579442322254181, 0.07352260500192642, 0.07337965071201324, 0.07034274935722351, 0.07002843916416168]"
..\Data\Rest Ungelabelt\8a81b7d72e08440e9c7708c7decc4ef0.png,DTP,0.17392802238464355,"['DTP', 'Bewegungsdaten', 'Datenvorschau', 'Query', 'Data Store Object']","[0.17392802238464355, 0.07009095698595047, 0.0696106106042862, 0.06892400234937668, 0.06889097392559052]"
..\Data\Rest Ungelabelt\8a8654ec54974d538f23ffc0c2d42a14.png,Datenvorschau,0.11648737639188766,"['Datenvorschau', 'Data Store Object', 'Composite Provider', 'Data Source', 'Data Mart']","[0.11648737639188766, 0.1082381084561348, 0.0716986432671547, 0.07139410823583603, 0.07079184055328369]"
..\Data\Rest Ungelabelt\8abfa292318449f38963e475869d7409.jpeg,Bewegungsdaten,0.1705065369606018,"['Bewegungsdaten', 'Datenvorschau', 'ABAP Dictionary', 'BW4Cockpit (Stammdaten)', 'Data Source']","[0.1705065369606018, 0.0722043588757515, 0.07025738060474396, 0.06891791522502899, 0.06877925246953964]"
..\Data\Rest Ungelabelt\8afbf61f5e0547edb1c0cce2d4ba9b94.png,Data Flow Object,0.18466264009475708,"['Data Flow Object', 'Composite Provider', 'Datenvorschau', 'ABAP Dictionary', 'DTP']","[0.18466264009475708, 0.06795387715101242, 0.06794410198926926, 0.06794397532939911, 0.06794397532939911]"
..\Data\Rest Ungelabelt\8afc7852fc9a4c5c945bd665d064ec1a.png,Data Store Object,0.11957044154405594,"['Data Store Object', 'Datenvorschau', 'DTP', 'Composite Provider', 'Data Mart']","[0.11957044154405594, 0.09685254842042923, 0.07547561824321747, 0.07166970521211624, 0.07152107357978821]"
..\Data\Rest Ungelabelt\8b17082094654306b2b1606ca0894174.jpeg,Data Source,0.12840856611728668,"['Data Source', 'BW4Cockpit (Stammdaten)', 'Bewegungsdaten', 'ABAP Dictionary', 'Transformationen']","[0.12840856611728668, 0.07907988876104355, 0.07866807281970978, 0.07406754046678543, 0.07196811586618423]"
..\Data\Rest Ungelabelt\8b77c3827e5a46cfabeed98a7dba6a26.jpeg,Data Source,0.12337814271450043,"['Data Source', 'Query', 'Data Mart', 'DTP', 'Data Store Object']","[0.12337814271450043, 0.08932504802942276, 0.07300818711519241, 0.07248707860708237, 0.07246650755405426]"
..\Data\Rest Ungelabelt\8bd05cad354c4568847c983b37b1a650.jpeg,Bewegungsdaten,0.18467198312282562,"['Bewegungsdaten', 'Datenvorschau', 'BW4Cockpit (Stammdaten)', 'Excel', 'Composite Provider']","[0.18467198312282562, 0.06794656813144684, 0.06794510781764984, 0.06794429570436478, 0.06794369220733643]"
..\Data\Rest Ungelabelt\8c1ddaf141934ba39e09b43051ac57dc.jpeg,Transformationen,0.18400844931602478,"['Transformationen', 'Composite Provider', 'Data Source', 'Datenvorschau', 'Excel']","[0.18400844931602478, 0.06825833022594452, 0.06797626614570618, 0.06797607243061066, 0.06797569990158081]"
..\Data\Rest Ungelabelt\8c2db33b40804106b8c14f55b75db327.png,Data Store Object,0.1845790147781372,"['Data Store Object', 'BW4Cockpit (Stammdaten)', 'DTP', 'Data Source', 'Query']","[0.1845790147781372, 0.06796444952487946, 0.06796114146709442, 0.0679532065987587, 0.06795268505811691]"
..\Data\Rest Ungelabelt\8c4ea8ba88c74e28a0159e2ef348441f.png,Excel,0.18463850021362305,"['Excel', 'Bewegungsdaten', 'Data Flow Object', 'Datenvorschau', 'DTP']","[0.18463850021362305, 0.06796129792928696, 0.06794615089893341, 0.06794603168964386, 0.06794598698616028]"
..\Data\Rest Ungelabelt\8c707267f7cc44a1bf208725f706c695.png,Transformationen,0.18183526396751404,"['Transformationen', 'Composite Provider', 'Data Flow Object', 'Excel', 'Datenvorschau']","[0.18183526396751404, 0.0691031813621521, 0.06819911301136017, 0.06811700761318207, 0.06808552145957947]"
..\Data\Rest Ungelabelt\8c744e7f034f4e49b9ed7ff033969e25.png,Data Store Object,0.11732024699449539,"['Data Store Object', 'Data Source', 'Data Mart', 'Datenvorschau', 'Transformationen']","[0.11732024699449539, 0.09946372359991074, 0.07933982461690903, 0.07074815034866333, 0.07066480070352554]"
..\Data\Rest Ungelabelt\8c8a63044d8942c597fe78496ae34358.png,DTP,0.17749112844467163,"['DTP', 'Data Store Object', 'ABAP Dictionary', 'Excel', 'Bewegungsdaten']","[0.17749112844467163, 0.07039734721183777, 0.06852077692747116, 0.0684819221496582, 0.06845060735940933]"
..\Data\Rest Ungelabelt\8ca25d823f1c4ad3acd7d4171389003f.png,Query,0.1770157516002655,"['Query', 'Data Source', 'Data Store Object', 'BW4Cockpit (Stammdaten)', 'DTP']","[0.1770157516002655, 0.06942802667617798, 0.06925629079341888, 0.06859345734119415, 0.06851084530353546]"
..\Data\Rest Ungelabelt\8ca6a93f226c45ffa69c9679a2b9f7be.png,Data Source,0.11452304571866989,"['Data Source', 'Data Store Object', 'Data Mart', 'Datenvorschau', 'Query']","[0.11452304571866989, 0.1030285656452179, 0.0761009231209755, 0.07242319732904434, 0.07137996703386307]"
..\Data\Rest Ungelabelt\8cafdf3c24fb4922811867538d1556f5.jpeg,Data Flow Object,0.1106637492775917,"['Data Flow Object', 'Composite Provider', 'Transformationen', 'ABAP Dictionary', 'Bewegungsdaten']","[0.1106637492775917, 0.09390448778867722, 0.07766499370336533, 0.07476633042097092, 0.07308182865381241]"
..\Data\Rest Ungelabelt\8cdcc548470b427596236e24d68dff8a.jpeg,Data Source,0.11726724356412888,"['Data Source', 'Datenvorschau', 'Query', 'Transformationen', 'Excel']","[0.11726724356412888, 0.09924403578042984, 0.07647478580474854, 0.07141418009996414, 0.07102619111537933]"
..\Data\Rest Ungelabelt\8d151e45b8434ce5b24e03906415a079.png,Transformationen,0.1846691519021988,"['Transformationen', 'Composite Provider', 'Excel', 'Data Source', 'Data Flow Object']","[0.1846691519021988, 0.06794863194227219, 0.06794508546590805, 0.0679439827799797, 0.06794397532939911]"
..\Data\Rest Ungelabelt\8d249d1ee2d842bfa82b76ac4cb9dd1c.png,Query,0.1723545640707016,"['Query', 'Data Source', 'Data Store Object', 'Data Mart', 'Transformationen']","[0.1723545640707016, 0.0702565610408783, 0.0701754167675972, 0.06915096193552017, 0.06897658109664917]"
..\Data\Rest Ungelabelt\8d25ed4061184cc58786983d3164520e.png,Composite Provider,0.1033894419670105,"['Composite Provider', 'Data Store Object', 'DTP', 'Datenvorschau', 'Data Mart']","[0.1033894419670105, 0.08545690774917603, 0.0797344446182251, 0.07863772660493851, 0.07619710266590118]"
..\Data\Rest Ungelabelt\8d281e0d909c4b9c842d967421edae11.png,Excel,0.1846867948770523,"['Excel', 'BW4Cockpit (Stammdaten)', 'Datenvorschau', 'Bewegungsdaten', 'Composite Provider']","[0.1846867948770523, 0.06794290244579315, 0.0679427832365036, 0.067942775785923, 0.06794276088476181]"
..\Data\Rest Ungelabelt\8d297e14fc20407c9613c9d9406cf3e1.jpeg,Query,0.18377529084682465,"['Query', 'Transformationen', 'Composite Provider', 'ABAP Dictionary', 'Data Source']","[0.18377529084682465, 0.0680994912981987, 0.06808656454086304, 0.06804758310317993, 0.0680217295885086]"
..\Data\Rest Ungelabelt\8d3148c8ba77427abe46d424622c0364.png,Query,0.18468667566776276,"['Query', 'Data Source', 'BW4Cockpit (Stammdaten)', 'Composite Provider', 'Data Flow Object']","[0.18468667566776276, 0.06794287264347076, 0.0679427981376648, 0.0679427832365036, 0.06794276833534241]"
..\Data\Rest Ungelabelt\8d604992aa89400fa4603f74bb0882f4.png,Data Store Object,0.10317050665616989,"['Data Store Object', 'Composite Provider', 'DTP', 'Transformationen', 'ABAP Dictionary']","[0.10317050665616989, 0.08931394666433334, 0.08705765008926392, 0.0754975825548172, 0.07367725670337677]"
..\Data\Rest Ungelabelt\8d6cb218b4de44afaac3e323638450e1.png,Composite Provider,0.17660017311573029,"['Composite Provider', 'Data Flow Object', 'Query', 'DTP', 'Data Store Object']","[0.17660017311573029, 0.07021096348762512, 0.06928699463605881, 0.0686715766787529, 0.06845606118440628]"
..\Data\Rest Ungelabelt\8d731f4604b54211b7b890dca42dfb4c.png,Data Flow Object,0.18455158174037933,"['Data Flow Object', 'Composite Provider', 'Transformationen', 'Excel', 'ABAP Dictionary']","[0.18455158174037933, 0.06800419092178345, 0.06795018911361694, 0.06794966757297516, 0.06794958561658859]"
..\Data\Rest Ungelabelt\8d8a6c812fe746129cf92db61651ea18.jpeg,Query,0.18417225778102875,"['Query', 'Data Store Object', 'Datenvorschau', 'Data Flow Object', 'Data Source']","[0.18417225778102875, 0.06805203855037689, 0.0680314227938652, 0.06799106299877167, 0.06798303872346878]"
..\Data\Rest Ungelabelt\8d960184010647de81253aff8f73b397.png,DTP,0.18385210633277893,"['DTP', 'Bewegungsdaten', 'Data Store Object', 'BW4Cockpit (Stammdaten)', 'Excel']","[0.18385210633277893, 0.06809847056865692, 0.06806813180446625, 0.0680619403719902, 0.06801757961511612]"
..\Data\Rest Ungelabelt\8dac2e8a7b624bb79934539fa5e8110c.png,Data Store Object,0.161376491189003,"['Data Store Object', 'Data Source', 'Data Mart', 'Datenvorschau', 'Query']","[0.161376491189003, 0.07585994154214859, 0.07282274961471558, 0.06903698295354843, 0.06900564581155777]"
..\Data\Rest Ungelabelt\8de2e9d4b9a943efb5b32863a9d1da1c.png,Query,0.12042802572250366,"['Query', 'Data Store Object', 'Data Source', 'DTP', 'Composite Provider']","[0.12042802572250366, 0.08702731132507324, 0.07738359272480011, 0.07479409128427505, 0.07391539961099625]"
..\Data\Rest Ungelabelt\8de39a501c554e34bdf66fe9d4ba5938.png,Excel,0.18468564748764038,"['Excel', 'Bewegungsdaten', 'ABAP Dictionary', 'Data Flow Object', 'Transformationen']","[0.18468564748764038, 0.0679432824254036, 0.06794284284114838, 0.06794284284114838, 0.06794283539056778]"
..\Data\Rest Ungelabelt\8deef45d7f094e74bcf6a810abaed766.jpeg,Data Flow Object,0.18465957045555115,"['Data Flow Object', 'Composite Provider', 'Datenvorschau', 'DTP', 'Data Store Object']","[0.18465957045555115, 0.06795532256364822, 0.06794425845146179, 0.06794416904449463, 0.06794409453868866]"
..\Data\Rest Ungelabelt\8defb4b1c2a446d8aa6c0c8802dd5e9d.jpeg,Bewegungsdaten,0.09870977699756622,"['Bewegungsdaten', 'Composite Provider', 'Datenvorschau', 'Data Store Object', 'Transformationen']","[0.09870977699756622, 0.09042839705944061, 0.08363034576177597, 0.07750371098518372, 0.07624117285013199]"
..\Data\Rest Ungelabelt\8df423756e694048bc41032a70bfbe4a.png,DTP,0.18468032777309418,"['DTP', 'ABAP Dictionary', 'Query', 'Data Source', 'Transformationen']","[0.18468032777309418, 0.06794493645429611, 0.06794381141662598, 0.06794316321611404, 0.06794314086437225]"
..\Data\Rest Ungelabelt\8e167ba1df154619b28875f75d7e3010.jpeg,ABAP Dictionary,0.18468636274337769,"['ABAP Dictionary', 'DTP', 'Transformationen', 'Data Source', 'Excel']","[0.18468636274337769, 0.06794300675392151, 0.06794286519289017, 0.06794284284114838, 0.06794284284114838]"
..\Data\Rest Ungelabelt\8e1f691c60c948f5a71c7fcf27363213.jpeg,Data Source,0.1313503533601761,"['Data Source', 'Transformationen', 'Data Mart', 'Datenvorschau', 'ABAP Dictionary']","[0.1313503533601761, 0.07637288421392441, 0.07462918758392334, 0.07300368696451187, 0.07283851504325867]"
..\Data\Rest Ungelabelt\8e5551d56bce4b7989c29c7884c0d31a.png,Data Store Object,0.10827185213565826,"['Data Store Object', 'Data Mart', 'Transformationen', 'Datenvorschau', 'Data Source']","[0.10827185213565826, 0.08261886984109879, 0.08021723479032516, 0.07975592464208603, 0.07808470726013184]"
..\Data\Rest Ungelabelt\8e60880a41204567a91c30ef2abff42d.png,DTP,0.16144146025180817,"['DTP', 'BW4Cockpit (Stammdaten)', 'ABAP Dictionary', 'Data Store Object', 'Bewegungsdaten']","[0.16144146025180817, 0.07517467439174652, 0.07186301052570343, 0.07004117220640182, 0.0694487914443016]"
..\Data\Rest Ungelabelt\8e804715773e41e491799ebd5c4c2ed8.png,Data Store Object,0.18254223465919495,"['Data Store Object', 'Data Mart', 'Data Source', 'Composite Provider', 'Datenvorschau']","[0.18254223465919495, 0.06846043467521667, 0.06829297542572021, 0.06818222254514694, 0.06808162480592728]"
..\Data\Rest Ungelabelt\8e89d64310a945b1ae76afc56c0daeb6.png,Query,0.16674233973026276,"['Query', 'Data Store Object', 'Data Source', 'Data Mart', 'Datenvorschau']","[0.16674233973026276, 0.07371767610311508, 0.06982462108135223, 0.06969568878412247, 0.06944531202316284]"
..\Data\Rest Ungelabelt\8ee063c0812c46899763dea559ba7836.png,Data Source,0.11080123484134674,"['Data Source', 'Data Store Object', 'Query', 'Transformationen', 'Composite Provider']","[0.11080123484134674, 0.09921380877494812, 0.08312863856554031, 0.07116205245256424, 0.07094469666481018]"
..\Data\Rest Ungelabelt\8ef9d0e501774616bcc8b69ada5015d8.png,Data Store Object,0.1364867091178894,"['Data Store Object', 'Datenvorschau', 'DTP', 'Composite Provider', 'Query']","[0.1364867091178894, 0.08623608201742172, 0.07233172655105591, 0.07222604006528854, 0.07118641585111618]"
..\Data\Rest Ungelabelt\8f07454c53fb456fa0f01df4eea49f49.png,Query,0.09191946685314178,"['Query', 'Datenvorschau', 'Data Source', 'Data Mart', 'Data Store Object']","[0.09191946685314178, 0.08355046808719635, 0.08104948699474335, 0.07842209935188293, 0.0783192589879036]"
..\Data\Rest Ungelabelt\8f0aacc49b0741c08b13c05bf2bf2b83.png,Data Store Object,0.11951467394828796,"['Data Store Object', 'Datenvorschau', 'Data Source', 'Data Mart', 'Composite Provider']","[0.11951467394828796, 0.10281075537204742, 0.0736577957868576, 0.07192204147577286, 0.0707671269774437]"
..\Data\Rest Ungelabelt\8f2db43dcd0348dcb3188f51849b0ed4.png,Composite Provider,0.10285939276218414,"['Composite Provider', 'DTP', 'Transformationen', 'Data Source', 'Datenvorschau']","[0.10285939276218414, 0.0915316492319107, 0.07888102531433105, 0.07688155025243759, 0.07669943571090698]"
..\Data\Rest Ungelabelt\8f41354ba1214aef9e2a0974bc72131c.png,Data Store Object,0.14383895695209503,"['Data Store Object', 'Query', 'Datenvorschau', 'Data Mart', 'Data Source']","[0.14383895695209503, 0.08423659205436707, 0.07208862155675888, 0.07071071863174438, 0.07051494717597961]"
..\Data\Rest Ungelabelt\8f6c5cda3b784f028cf911782712d68c.png,Excel,0.18456822633743286,"['Excel', 'Bewegungsdaten', 'Data Flow Object', 'ABAP Dictionary', 'DTP']","[0.18456822633743286, 0.06798020005226135, 0.06795766204595566, 0.0679531842470169, 0.06794968992471695]"
..\Data\Rest Ungelabelt\8f83c4b2b805424f9d6636fb55456d10.jpeg,Data Source,0.09847787767648697,"['Data Source', 'BW4Cockpit (Stammdaten)', 'Data Store Object', 'Query', 'Bewegungsdaten']","[0.09847787767648697, 0.08383490145206451, 0.079476498067379, 0.07709036767482758, 0.0755811482667923]"
..\Data\Rest Ungelabelt\8f859fedf2bc4e74bc8cfb4541464493.png,Data Store Object,0.15286670625209808,"['Data Store Object', 'Query', 'Composite Provider', 'Data Mart', 'Data Source']","[0.15286670625209808, 0.07846739143133163, 0.07192162424325943, 0.07058684527873993, 0.07035186141729355]"
..\Data\Rest Ungelabelt\8f8bdea3bce94930b49fd9d8671fea62.png,DTP,0.16548340022563934,"['DTP', 'Datenvorschau', 'Query', 'Data Source', 'Composite Provider']","[0.16548340022563934, 0.07359254360198975, 0.0706048533320427, 0.06958657503128052, 0.06934406608343124]"
..\Data\Rest Ungelabelt\8f90ecbd4e5442418e8987f5ce6499fe.png,Datenvorschau,0.12192626297473907,"['Datenvorschau', 'Query', 'Data Source', 'Transformationen', 'Data Store Object']","[0.12192626297473907, 0.08224081993103027, 0.08085831999778748, 0.07476098090410233, 0.07243002951145172]"
..\Data\Rest Ungelabelt\8f9364e431fd4249bf667892fc0bbed3.jpeg,Query,0.18448704481124878,"['Query', 'Data Store Object', 'BW4Cockpit (Stammdaten)', 'Data Flow Object', 'Data Mart']","[0.18448704481124878, 0.06797154992818832, 0.06797061115503311, 0.06796238571405411, 0.06796185672283173]"
..\Data\Rest Ungelabelt\8f999cc7f8894618ba10e069542ae12c.png,Data Source,0.10345480591058731,"['Data Source', 'Datenvorschau', 'Transformationen', 'DTP', 'Composite Provider']","[0.10345480591058731, 0.10341617465019226, 0.07704265415668488, 0.07391884922981262, 0.07264053076505661]"
..\Data\Rest Ungelabelt\8fb8a2d1e3974260aad3afe036152799.png,Excel,0.18435914814472198,"['Excel', 'Bewegungsdaten', 'Datenvorschau', 'Composite Provider', 'BW4Cockpit (Stammdaten)']","[0.18435914814472198, 0.06800967454910278, 0.06800832599401474, 0.06797163188457489, 0.06796956807374954]"
..\Data\Rest Ungelabelt\8fb9c9dad34c407092d28885f88c8d26.png,Data Store Object,0.1705765724182129,"['Data Store Object', 'Data Source', 'Data Mart', 'Query', 'BW4Cockpit (Stammdaten)']","[0.1705765724182129, 0.07044380903244019, 0.07037939876317978, 0.0703020915389061, 0.0691387802362442]"
..\Data\Rest Ungelabelt\8fe0f9ed70904d89bbc23723fde55ff1.jpeg,Data Store Object,0.16733680665493011,"['Data Store Object', 'Data Source', 'Datenvorschau', 'BW4Cockpit (Stammdaten)', 'Bewegungsdaten']","[0.16733680665493011, 0.07294514775276184, 0.0697934702038765, 0.06951722502708435, 0.0692334994673729]"
..\Data\Rest Ungelabelt\900eb550beb84acdbcd9af20396af7ac.png,Composite Provider,0.11993736028671265,"['Composite Provider', 'Query', 'Data Store Object', 'Data Flow Object', 'Transformationen']","[0.11993736028671265, 0.10480611771345139, 0.07242131978273392, 0.07065225392580032, 0.07062951475381851]"
..\Data\Rest Ungelabelt\901925ad9d2d4c419688b071a0235999.png,Excel,0.1842721700668335,"['Excel', 'DTP', 'Composite Provider', 'Bewegungsdaten', 'Transformationen']","[0.1842721700668335, 0.06809645891189575, 0.06797166168689728, 0.06797070801258087, 0.0679698958992958]"
..\Data\Rest Ungelabelt\903f8afd45024c5d8130c3b964ec0f1c.png,Composite Provider,0.10884379595518112,"['Composite Provider', 'Data Source', 'Transformationen', 'Datenvorschau', 'ABAP Dictionary']","[0.10884379595518112, 0.08925586938858032, 0.0838252604007721, 0.07371760159730911, 0.07348254323005676]"
..\Data\Rest Ungelabelt\9041fb9e1b5948899db1eb0092906c53.png,Bewegungsdaten,0.10716915130615234,"['Bewegungsdaten', 'DTP', 'Datenvorschau', 'Excel', 'Composite Provider']","[0.10716915130615234, 0.08028768002986908, 0.07636098563671112, 0.07565753161907196, 0.07555505633354187]"
..\Data\Rest Ungelabelt\904e5ab125fa4ce2afcd7913274b85c5.png,Data Store Object,0.14395861327648163,"['Data Store Object', 'Composite Provider', 'Data Mart', 'Datenvorschau', 'Query']","[0.14395861327648163, 0.07853147387504578, 0.07430347055196762, 0.07354528456926346, 0.07151088863611221]"
..\Data\Rest Ungelabelt\9059af8b7cbb4aa495964b87f21aab65.png,Query,0.1630958765745163,"['Query', 'Data Source', 'Data Mart', 'Transformationen', 'Data Store Object']","[0.1630958765745163, 0.07250677794218063, 0.07065830379724503, 0.07029999047517776, 0.07004325836896896]"
..\Data\Rest Ungelabelt\9064d6809a424661b505c1100a658eae.png,Bewegungsdaten,0.0896182507276535,"['Bewegungsdaten', 'Excel', 'BW4Cockpit (Stammdaten)', 'Composite Provider', 'Data Flow Object']","[0.0896182507276535, 0.08101223409175873, 0.07847105711698532, 0.07712992280721664, 0.07702633738517761]"
..\Data\Rest Ungelabelt\90680e5fc5034de8884e53718bc8f3b2.png,Query,0.1816210150718689,"['Query', 'Data Store Object', 'DTP', 'Composite Provider', 'Data Mart']","[0.1816210150718689, 0.06884553283452988, 0.06825815141201019, 0.06825610995292664, 0.06816940754652023]"
..\Data\Rest Ungelabelt\908441e47afd4c52b35d9d6a1620a827.png,BW4Cockpit (Stammdaten),0.18112832307815552,"['BW4Cockpit (Stammdaten)', 'Query', 'Excel', 'Data Store Object', 'Datenvorschau']","[0.18112832307815552, 0.06916554272174835, 0.06825879216194153, 0.06820077449083328, 0.06819622963666916]"
..\Data\Rest Ungelabelt\9088772f1e1b464a9b87c1911ff55dae.png,Transformationen,0.18455788493156433,"['Transformationen', 'Composite Provider', 'Excel', 'Data Source', 'Data Flow Object']","[0.18455788493156433, 0.06798902899026871, 0.06795457005500793, 0.06795383989810944, 0.06795085221529007]"
..\Data\Rest Ungelabelt\908952575b804ed89fca4d9fdfeaf296.png,Excel,0.1084592416882515,"['Excel', 'Data Store Object', 'Composite Provider', 'Bewegungsdaten', 'Datenvorschau']","[0.1084592416882515, 0.08691609650850296, 0.08449939638376236, 0.07575853914022446, 0.07452578097581863]"
..\Data\Rest Ungelabelt\90a1c0de7d3c4df2a86ee93b901b3fab.png,Query,0.13332656025886536,"['Query', 'Data Store Object', 'Data Source', 'Data Mart', 'ABAP Dictionary']","[0.13332656025886536, 0.09624172002077103, 0.07064644992351532, 0.07020296901464462, 0.07018960267305374]"
..\Data\Rest Ungelabelt\90ae42b3965143a381361a55b61f4952.png,Data Flow Object,0.18411456048488617,"['Data Flow Object', 'Composite Provider', 'ABAP Dictionary', 'DTP', 'Datenvorschau']","[0.18411456048488617, 0.06820584088563919, 0.06797202676534653, 0.0679711401462555, 0.06797108799219131]"
..\Data\Rest Ungelabelt\90c14d6ab629490296419d88a824d3e2.png,Composite Provider,0.1122838631272316,"['Composite Provider', 'Transformationen', 'Datenvorschau', 'Data Source', 'Data Flow Object']","[0.1122838631272316, 0.09412568807601929, 0.07760883867740631, 0.07757256180047989, 0.07189463078975677]"
..\Data\Rest Ungelabelt\90d02d2b30644fcf8daf865cd78471f9.jpeg,Data Source,0.11512234807014465,"['Data Source', 'Data Store Object', 'Query', 'DTP', 'BW4Cockpit (Stammdaten)']","[0.11512234807014465, 0.1097382977604866, 0.07157675921916962, 0.0708998367190361, 0.07059535384178162]"
..\Data\Rest Ungelabelt\90e760e78d324a5d823b21ef4eba11d9.png,ABAP Dictionary,0.18465779721736908,"['ABAP Dictionary', 'DTP', 'Data Store Object', 'BW4Cockpit (Stammdaten)', 'Bewegungsdaten']","[0.18465779721736908, 0.06795386970043182, 0.06794489920139313, 0.06794482469558716, 0.06794457137584686]"
..\Data\Rest Ungelabelt\9108021d108149b7be7054a854bac903.png,Query,0.18378283083438873,"['Query', 'Composite Provider', 'Transformationen', 'Datenvorschau', 'Data Source']","[0.18378283083438873, 0.06808304041624069, 0.06806519627571106, 0.06803788244724274, 0.06803426891565323]"
..\Data\Rest Ungelabelt\9108c2cf60f14697bfd6a8b9a1ab8bcc.png,Data Flow Object,0.1812126338481903,"['Data Flow Object', 'Composite Provider', 'Transformationen', 'DTP', 'Query']","[0.1812126338481903, 0.06947413831949234, 0.06815529614686966, 0.06813669949769974, 0.06812461465597153]"
..\Data\Rest Ungelabelt\911087ffbd5041b7b3d368e86809585b.png,Datenvorschau,0.10406403988599777,"['Datenvorschau', 'Composite Provider', 'Bewegungsdaten', 'Excel', 'Data Store Object']","[0.10406403988599777, 0.0914938673377037, 0.08791075646877289, 0.07607400417327881, 0.07456224411725998]"
..\Data\Rest Ungelabelt\9126562bc2044ba792ce5665ca276ae5.png,Query,0.12131257355213165,"['Query', 'Data Store Object', 'Data Source', 'Data Mart', 'Datenvorschau']","[0.12131257355213165, 0.08687000721693039, 0.08046649396419525, 0.07214751094579697, 0.07206862419843674]"
..\Data\Rest Ungelabelt\912e37dc485d440c87508b4076efc52b.png,Datenvorschau,0.15426945686340332,"['Datenvorschau', 'Data Store Object', 'Composite Provider', 'Data Source', 'Data Mart']","[0.15426945686340332, 0.07387952506542206, 0.07374079525470734, 0.07134366035461426, 0.0711919292807579]"
..\Data\Rest Ungelabelt\913fae76bfe44ab7ad10ce462bc6e28d.png,Query,0.18462228775024414,"['Query', 'Composite Provider', 'Data Flow Object', 'Data Store Object', 'Data Mart']","[0.18462228775024414, 0.0679604634642601, 0.06795403361320496, 0.06794744729995728, 0.067946657538414]"
..\Data\Rest Ungelabelt\915314432857446c8eab86d5f6aff72d.png,Data Source,0.10285055637359619,"['Data Source', 'Transformationen', 'DTP', 'Datenvorschau', 'Composite Provider']","[0.10285055637359619, 0.09221772104501724, 0.08074052631855011, 0.07997097074985504, 0.07253577560186386]"
..\Data\Rest Ungelabelt\919bcfb208624d74a19d1d6479241245.jpeg,Transformationen,0.10449794679880142,"['Transformationen', 'Composite Provider', 'Datenvorschau', 'Data Source', 'DTP']","[0.10449794679880142, 0.09874062240123749, 0.07810188084840775, 0.07510979473590851, 0.072819285094738]"
..\Data\Rest Ungelabelt\91a36457674b4b84b075c75e0fa1bf80.jpeg,Data Store Object,0.12672175467014313,"['Data Store Object', 'Composite Provider', 'Data Source', 'Data Mart', 'Datenvorschau']","[0.12672175467014313, 0.09650480002164841, 0.07532259076833725, 0.0703820288181305, 0.07027695327997208]"
..\Data\Rest Ungelabelt\91b3742e63a74c0abfb837fd7c2d4fdd.png,Data Source,0.18316641449928284,"['Data Source', 'Datenvorschau', 'Data Store Object', 'Data Mart', 'Transformationen']","[0.18316641449928284, 0.06832606345415115, 0.06823994219303131, 0.0680655986070633, 0.06802788376808167]"
..\Data\Rest Ungelabelt\91bc7e8c4aeb47b8b84c45ac16f50c66.png,Composite Provider,0.15610302984714508,"['Composite Provider', 'Data Store Object', 'Query', 'DTP', 'Transformationen']","[0.15610302984714508, 0.07697790861129761, 0.07129379361867905, 0.07105204463005066, 0.06982703506946564]"
..\Data\Rest Ungelabelt\91d7c222d43e4852a658ab8efc4ac76a.png,Data Flow Object,0.1773519366979599,"['Data Flow Object', 'Composite Provider', 'DTP', 'Datenvorschau', 'Excel']","[0.1773519366979599, 0.07146868109703064, 0.06829055398702621, 0.06828997284173965, 0.06828918308019638]"
..\Data\Rest Ungelabelt\91ec6d650e884f5dbe98b16eb73dc22b.png,Query,0.12058652192354202,"['Query', 'Data Source', 'Datenvorschau', 'Transformationen', 'DTP']","[0.12058652192354202, 0.08173788338899612, 0.08105843514204025, 0.07634705305099487, 0.07282943278551102]"
..\Data\Rest Ungelabelt\9206fed0813049a58e0351098203e8d3.png,Data Store Object,0.1846444010734558,"['Data Store Object', 'Composite Provider', 'DTP', 'Data Mart', 'BW4Cockpit (Stammdaten)']","[0.1846444010734558, 0.06795397400856018, 0.06794799864292145, 0.06794732064008713, 0.06794662773609161]"
..\Data\Rest Ungelabelt\921492eaf7c74773acacd20fadf4b67f.png,Data Store Object,0.10201940685510635,"['Data Store Object', 'Datenvorschau', 'Composite Provider', 'Query', 'DTP']","[0.10201940685510635, 0.08980207145214081, 0.08343372493982315, 0.08059539645910263, 0.0753638967871666]"
..\Data\Rest Ungelabelt\925d0f93141947ea895c75413d4ee466.png,Bewegungsdaten,0.0896182507276535,"['Bewegungsdaten', 'Excel', 'BW4Cockpit (Stammdaten)', 'Composite Provider', 'Data Flow Object']","[0.0896182507276535, 0.08101223409175873, 0.07847105711698532, 0.07712992280721664, 0.07702633738517761]"
..\Data\Rest Ungelabelt\92636b7d2fbc44bab1d60813249dff77.png,Bewegungsdaten,0.0896182507276535,"['Bewegungsdaten', 'Excel', 'BW4Cockpit (Stammdaten)', 'Composite Provider', 'Data Flow Object']","[0.0896182507276535, 0.08101223409175873, 0.07847105711698532, 0.07712992280721664, 0.07702633738517761]"
..\Data\Rest Ungelabelt\9267148d6f9046f4b6ac76f6af57bb2d.jpeg,Excel,0.1842547357082367,"['Excel', 'Bewegungsdaten', 'Transformationen', 'Data Flow Object', 'ABAP Dictionary']","[0.1842547357082367, 0.06814280897378922, 0.06796427816152573, 0.06796405464410782, 0.06796393543481827]"
..\Data\Rest Ungelabelt\92742323039d403b9a6b9f0e14884150.png,Data Store Object,0.18220649659633636,"['Data Store Object', 'Query', 'Data Source', 'BW4Cockpit (Stammdaten)', 'DTP']","[0.18220649659633636, 0.06855741888284683, 0.06825292855501175, 0.06822559237480164, 0.06820385903120041]"
..\Data\Rest Ungelabelt\928b02a35bb1444da4c4d637c9a729b9.png,Query,0.11037776619195938,"['Query', 'Transformationen', 'Composite Provider', 'BW4Cockpit (Stammdaten)', 'Data Flow Object']","[0.11037776619195938, 0.08379367738962173, 0.08110015839338303, 0.07454542815685272, 0.07408355176448822]"
..\Data\Rest Ungelabelt\92e0052d0573470fb2654296feca30a9.png,Data Store Object,0.16003432869911194,"['Data Store Object', 'Data Mart', 'Query', 'Data Source', 'BW4Cockpit (Stammdaten)']","[0.16003432869911194, 0.0748857855796814, 0.07330676913261414, 0.06946521997451782, 0.0694470927119255]"
..\Data\Rest Ungelabelt\9307fbe7a6224b9abfc50f9abaa716ae.jpeg,Data Store Object,0.11802395433187485,"['Data Store Object', 'Query', 'Data Mart', 'Data Source', 'BW4Cockpit (Stammdaten)']","[0.11802395433187485, 0.09828438609838486, 0.07488692551851273, 0.07474540919065475, 0.07091192901134491]"
..\Data\Rest Ungelabelt\935621f293d741358484d1f8cf0de204.jpeg,DTP,0.1043153777718544,"['DTP', 'BW4Cockpit (Stammdaten)', 'ABAP Dictionary', 'Data Source', 'Bewegungsdaten']","[0.1043153777718544, 0.09963569790124893, 0.08143491297960281, 0.07505479454994202, 0.07306225597858429]"
..\Data\Rest Ungelabelt\93569ccccaa44d31977d649d5bebfc3b.png,Composite Provider,0.12231826037168503,"['Composite Provider', 'Data Store Object', 'Data Source', 'Datenvorschau', 'Transformationen']","[0.12231826037168503, 0.0791885033249855, 0.07832561433315277, 0.07809633761644363, 0.07444833964109421]"
..\Data\Rest Ungelabelt\935987a7ad6a4b17b1cef9903ea56fff.png,Excel,0.1760116070508957,"['Excel', 'BW4Cockpit (Stammdaten)', 'Query', 'Bewegungsdaten', 'Transformationen']","[0.1760116070508957, 0.07211094349622726, 0.06836194545030594, 0.06835495680570602, 0.06835316121578217]"
..\Data\Rest Ungelabelt\935edb54f20f408e9bfaa28e598ade7b.png,Composite Provider,0.15388233959674835,"['Composite Provider', 'ABAP Dictionary', 'Data Store Object', 'DTP', 'BW4Cockpit (Stammdaten)']","[0.15388233959674835, 0.07325880974531174, 0.07213693112134933, 0.07113663107156754, 0.07065576314926147]"
..\Data\Rest Ungelabelt\939ec68ecc3b49c2aea6937e020281dc.png,Query,0.11399577558040619,"['Query', 'Data Store Object', 'Data Mart', 'Transformationen', 'Datenvorschau']","[0.11399577558040619, 0.11088546365499496, 0.07100528478622437, 0.07082467526197433, 0.07066985219717026]"
..\Data\Rest Ungelabelt\93ccbf76c989462b8597b9023c815c98.jpeg,Datenvorschau,0.10447163879871368,"['Datenvorschau', 'ABAP Dictionary', 'Data Source', 'BW4Cockpit (Stammdaten)', 'Composite Provider']","[0.10447163879871368, 0.09409862011671066, 0.07623392343521118, 0.07523695379495621, 0.07461690902709961]"
..\Data\Rest Ungelabelt\93eac3795a264c549fa6531c99a3aae9.jpeg,ABAP Dictionary,0.13117851316928864,"['ABAP Dictionary', 'Transformationen', 'Composite Provider', 'Data Store Object', 'Data Source']","[0.13117851316928864, 0.08559772372245789, 0.07285667210817337, 0.07276973128318787, 0.07207012921571732]"
..\Data\Rest Ungelabelt\93eb480f7fc946ec9bd833c9a134a18e.jpeg,Data Store Object,0.12033269554376602,"['Data Store Object', 'Data Mart', 'Data Source', 'Query', 'Datenvorschau']","[0.12033269554376602, 0.09988042712211609, 0.07641483843326569, 0.07128264009952545, 0.07054377347230911]"
..\Data\Rest Ungelabelt\93f77ed06b964f0b84ac7e3059e9bd13.png,Excel,0.1846533566713333,"['Excel', 'Bewegungsdaten', 'Data Flow Object', 'Datenvorschau', 'DTP']","[0.1846533566713333, 0.06794993579387665, 0.0679468885064125, 0.06794625520706177, 0.06794595718383789]"
..\Data\Rest Ungelabelt\93fa7f5f8e9943f593fb919550536189.png,Data Mart,0.0936080813407898,"['Data Mart', 'Query', 'Composite Provider', 'Data Store Object', 'Datenvorschau']","[0.0936080813407898, 0.09285755455493927, 0.08527226746082306, 0.0841904878616333, 0.07297288626432419]"
..\Data\Rest Ungelabelt\93fbe8e30d11424eba20ae98ab6645ed.png,Datenvorschau,0.1424848437309265,"['Datenvorschau', 'Data Store Object', 'Data Source', 'Composite Provider', 'Data Mart']","[0.1424848437309265, 0.08213527500629425, 0.07507148385047913, 0.07098739594221115, 0.07044623047113419]"
..\Data\Rest Ungelabelt\94145bb347c840c89c703df5907265ee.jpeg,ABAP Dictionary,0.13377761840820312,"['ABAP Dictionary', 'Bewegungsdaten', 'Data Flow Object', 'Composite Provider', 'Datenvorschau']","[0.13377761840820312, 0.09621068090200424, 0.07033883780241013, 0.07032059133052826, 0.07022064924240112]"
..\Data\Rest Ungelabelt\94217888a64a4fc3a204bbb4d5724b82.jpeg,Data Store Object,0.15791046619415283,"['Data Store Object', 'Composite Provider', 'Data Mart', 'Datenvorschau', 'Query']","[0.15791046619415283, 0.07730856537818909, 0.07052886486053467, 0.07013416290283203, 0.06999822705984116]"
..\Data\Rest Ungelabelt\94354f6dcb84411f92a93065e0e81921.png,Query,0.12827345728874207,"['Query', 'Transformationen', 'Data Store Object', 'Data Source', 'Datenvorschau']","[0.12827345728874207, 0.08789706230163574, 0.07326889783143997, 0.07257574796676636, 0.07222500443458557]"
..\Data\Rest Ungelabelt\944b927bb93e4efca4064d9988709a45.jpeg,Datenvorschau,0.1117919534444809,"['Datenvorschau', 'Data Source', 'Composite Provider', 'Transformationen', 'Data Store Object']","[0.1117919534444809, 0.09306663274765015, 0.07746145129203796, 0.07529937475919724, 0.07514753937721252]"
..\Data\Rest Ungelabelt\94536405ae8f4e3dab4c5910e6cbc3bd.png,Excel,0.1806536167860031,"['Excel', 'BW4Cockpit (Stammdaten)', 'Transformationen', 'Composite Provider', 'Bewegungsdaten']","[0.1806536167860031, 0.06907149404287338, 0.06841825693845749, 0.0682903602719307, 0.0682661384344101]"
..\Data\Rest Ungelabelt\946452cd8a714a03a77a77c773eda670.png,Datenvorschau,0.12121860682964325,"['Datenvorschau', 'ABAP Dictionary', 'Query', 'DTP', 'Data Source']","[0.12121860682964325, 0.08082790672779083, 0.08044836670160294, 0.07837497442960739, 0.0731062963604927]"
..\Data\Rest Ungelabelt\94807763d0b74728a2535e57c331b02f.png,Bewegungsdaten,0.09958400577306747,"['Bewegungsdaten', 'ABAP Dictionary', 'BW4Cockpit (Stammdaten)', 'Data Store Object', 'DTP']","[0.09958400577306747, 0.09622569382190704, 0.08689813315868378, 0.0775928869843483, 0.07213765382766724]"
..\Data\Rest Ungelabelt\9487d38b9b414bcc9a224f1c7e80581e.png,Data Flow Object,0.1843581646680832,"['Data Flow Object', 'Composite Provider', 'ABAP Dictionary', 'Excel', 'Datenvorschau']","[0.1843581646680832, 0.0680842325091362, 0.06796378642320633, 0.06796080619096756, 0.06796043366193771]"
..\Data\Rest Ungelabelt\94c6cc024b354e11b7090cf7a602af28.jpeg,Data Store Object,0.15733234584331512,"['Data Store Object', 'Query', 'Data Source', 'Data Mart', 'Datenvorschau']","[0.15733234584331512, 0.07692986726760864, 0.07320435345172882, 0.06972721964120865, 0.06939365714788437]"
..\Data\Rest Ungelabelt\94d751dc8f5d438e94c166aae00667d8.png,Query,0.11633536219596863,"['Query', 'Data Store Object', 'Data Source', 'Data Mart', 'Composite Provider']","[0.11633536219596863, 0.09488817304372787, 0.07417415827512741, 0.07400946319103241, 0.07258512079715729]"
..\Data\Rest Ungelabelt\94dde73c87ac467d975f0c408c9cdd93.jpeg,Bewegungsdaten,0.18431858718395233,"['Bewegungsdaten', 'ABAP Dictionary', 'Datenvorschau', 'BW4Cockpit (Stammdaten)', 'Composite Provider']","[0.18431858718395233, 0.06807772815227509, 0.06797511875629425, 0.06796581298112869, 0.06796563416719437]"
..\Data\Rest Ungelabelt\94de1ea88b5d4063987951ec768ce06f.png,Bewegungsdaten,0.17910557985305786,"['Bewegungsdaten', 'ABAP Dictionary', 'Datenvorschau', 'BW4Cockpit (Stammdaten)', 'DTP']","[0.17910557985305786, 0.06946943700313568, 0.0686383992433548, 0.0685398206114769, 0.06831098347902298]"
..\Data\Rest Ungelabelt\94e91597757747b28cfafe0076eb3ddb.png,Datenvorschau,0.15560102462768555,"['Datenvorschau', 'Composite Provider', 'Bewegungsdaten', 'Data Store Object', 'BW4Cockpit (Stammdaten)']","[0.15560102462768555, 0.07766711711883545, 0.07277476042509079, 0.0700400173664093, 0.06951530277729034]"
..\Data\Rest Ungelabelt\94f7640370aa4b75abfc71d1edecefa7.png,Bewegungsdaten,0.16637979447841644,"['Bewegungsdaten', 'ABAP Dictionary', 'BW4Cockpit (Stammdaten)', 'Datenvorschau', 'Data Source']","[0.16637979447841644, 0.07505098730325699, 0.06957829743623734, 0.06921391189098358, 0.06901204586029053]"
..\Data\Rest Ungelabelt\94f87ce8df434ce0bdc7bf116ac356af.png,Data Store Object,0.1083943098783493,"['Data Store Object', 'Datenvorschau', 'DTP', 'Composite Provider', 'Bewegungsdaten']","[0.1083943098783493, 0.08910460025072098, 0.0822295993566513, 0.07732371985912323, 0.07438258081674576]"
..\Data\Rest Ungelabelt\9504f7ea32d340dd9b4b5430f8aa032a.png,Data Store Object,0.18353626132011414,"['Data Store Object', 'Data Mart', 'Data Source', 'Composite Provider', 'Datenvorschau']","[0.18353626132011414, 0.06846574693918228, 0.06800476461648941, 0.06800442188978195, 0.0680006891489029]"
..\Data\Rest Ungelabelt\9505dbe8109b44548f60074282ec0ed8.png,Excel,0.18460887670516968,"['Excel', 'Bewegungsdaten', 'Transformationen', 'Composite Provider', 'Datenvorschau']","[0.18460887670516968, 0.06796704232692719, 0.06795026361942291, 0.06794890761375427, 0.06794847548007965]"
..\Data\Rest Ungelabelt\9507df2ed0f143d4bbab5de1ff3bf4d5.jpeg,Bewegungsdaten,0.18420009315013885,"['Bewegungsdaten', 'ABAP Dictionary', 'Excel', 'Datenvorschau', 'BW4Cockpit (Stammdaten)']","[0.18420009315013885, 0.0680803582072258, 0.06800322234630585, 0.06799544394016266, 0.06798147410154343]"
..\Data\Rest Ungelabelt\9508d75b950e463b81732a48f166ef59.png,Data Source,0.10811568796634674,"['Data Source', 'Data Store Object', 'Datenvorschau', 'Data Mart', 'DTP']","[0.10811568796634674, 0.10687011480331421, 0.07648775726556778, 0.07401487976312637, 0.07078604400157928]"
..\Data\Rest Ungelabelt\950dbda00d75408bab28e7030a667871.jpeg,Data Source,0.11223921179771423,"['Data Source', 'Query', 'DTP', 'Transformationen', 'ABAP Dictionary']","[0.11223921179771423, 0.11072710156440735, 0.07170351594686508, 0.07129961997270584, 0.07090933620929718]"
..\Data\Rest Ungelabelt\95134fb210734a8bb927c8286f905c76.jpeg,Bewegungsdaten,0.1554490327835083,"['Bewegungsdaten', 'ABAP Dictionary', 'Datenvorschau', 'BW4Cockpit (Stammdaten)', 'Data Source']","[0.1554490327835083, 0.08195926994085312, 0.07026813924312592, 0.06938139349222183, 0.06931713968515396]"
..\Data\Rest Ungelabelt\95378a8140e74e3ab30f563815399500.png,Data Store Object,0.1650412231683731,"['Data Store Object', 'Data Source', 'DTP', 'Composite Provider', 'BW4Cockpit (Stammdaten)']","[0.1650412231683731, 0.07123962789773941, 0.07060511410236359, 0.0705132856965065, 0.06989307701587677]"
..\Data\Rest Ungelabelt\954f1d3859824a4bad9f1016123e830e.png,Data Store Object,0.11526473611593246,"['Data Store Object', 'Data Source', 'Data Mart', 'Composite Provider', 'Datenvorschau']","[0.11526473611593246, 0.08280031383037567, 0.08105108886957169, 0.07952765375375748, 0.07384864240884781]"
..\Data\Rest Ungelabelt\95604481fc3d46c3bdf0d90282a6a863.jpeg,Composite Provider,0.08982593566179276,"['Composite Provider', 'Query', 'DTP', 'Transformationen', 'ABAP Dictionary']","[0.08982593566179276, 0.08346748352050781, 0.08284677565097809, 0.08122683316469193, 0.08007168769836426]"
..\Data\Rest Ungelabelt\9567bdf7809c4c869322dc75e553c142.jpeg,Data Flow Object,0.1639196276664734,"['Data Flow Object', 'Composite Provider', 'Transformationen', 'DTP', 'Datenvorschau']","[0.1639196276664734, 0.07829732447862625, 0.0690363198518753, 0.06891132146120071, 0.06889218837022781]"
..\Data\Rest Ungelabelt\9570e2f5f7c64447944785308e45836a.png,Data Store Object,0.13266508281230927,"['Data Store Object', 'DTP', 'Datenvorschau', 'Composite Provider', 'Data Mart']","[0.13266508281230927, 0.09010600298643112, 0.07450540363788605, 0.07139065116643906, 0.07046659290790558]"
..\Data\Rest Ungelabelt\95750a77509a40acb4ef39abdb4e2e23.png,Excel,0.18454450368881226,"['Excel', 'Bewegungsdaten', 'Transformationen', 'ABAP Dictionary', 'Data Flow Object']","[0.18454450368881226, 0.0680028423666954, 0.06795304268598557, 0.06795042008161545, 0.06795041263103485]"
..\Data\Rest Ungelabelt\959db23f46c245c0a329af0c6f0014d0.png,Composite Provider,0.16463050246238708,"['Composite Provider', 'Data Flow Object', 'DTP', 'Query', 'Transformationen']","[0.16463050246238708, 0.07609882950782776, 0.07008955627679825, 0.06910105794668198, 0.06897352635860443]"
..\Data\Rest Ungelabelt\95cae8bd63ac4c26a611498dcf1e0711.png,Data Store Object,0.1845535784959793,"['Data Store Object', 'BW4Cockpit (Stammdaten)', 'DTP', 'Composite Provider', 'Data Mart']","[0.1845535784959793, 0.06796719133853912, 0.06796687096357346, 0.06796398758888245, 0.06795134395360947]"
..\Data\Rest Ungelabelt\95dca1bb5d2643b9bc200d3ba037e3d4.png,Data Source,0.16753442585468292,"['Data Source', 'Datenvorschau', 'Data Store Object', 'Query', 'Data Mart']","[0.16753442585468292, 0.07425951957702637, 0.07049132883548737, 0.06895490735769272, 0.06886786222457886]"
..\Data\Rest Ungelabelt\95f09d67280b4d73a1109965671aca3a.png,Bewegungsdaten,0.0896182507276535,"['Bewegungsdaten', 'Excel', 'BW4Cockpit (Stammdaten)', 'Composite Provider', 'Data Flow Object']","[0.0896182507276535, 0.08101223409175873, 0.07847105711698532, 0.07712992280721664, 0.07702633738517761]"
..\Data\Rest Ungelabelt\960f4f87d1354409a473444e47e1a853.png,Data Store Object,0.18454822897911072,"['Data Store Object', 'DTP', 'BW4Cockpit (Stammdaten)', 'Composite Provider', 'Data Mart']","[0.18454822897911072, 0.06796812266111374, 0.06796800345182419, 0.06796471029520035, 0.06795167922973633]"
..\Data\Rest Ungelabelt\962924b2ee4641958d403c66ee7d35db.png,Query,0.1213105246424675,"['Query', 'Data Source', 'Data Store Object', 'Transformationen', 'Data Mart']","[0.1213105246424675, 0.09455696493387222, 0.07297146320343018, 0.07186105847358704, 0.07184620201587677]"
..\Data\Rest Ungelabelt\962b80f051454f5ab2d352c9b4f027b5.png,Excel,0.18468205630779266,"['Excel', 'Bewegungsdaten', 'Data Flow Object', 'Composite Provider', 'ABAP Dictionary']","[0.18468205630779266, 0.06794381886720657, 0.0679437667131424, 0.06794317811727524, 0.06794312596321106]"
..\Data\Rest Ungelabelt\96307b7792c44e5cb45271adc160660b.png,Data Source,0.14523212611675262,"['Data Source', 'Datenvorschau', 'Data Store Object', 'Data Mart', 'Bewegungsdaten']","[0.14523212611675262, 0.0848456546664238, 0.07261717319488525, 0.07020529359579086, 0.0698029175400734]"
..\Data\Rest Ungelabelt\964e651a0f5740a0a49783744bfed69f.png,Data Store Object,0.17252585291862488,"['Data Store Object', 'Data Mart', 'Datenvorschau', 'Data Source', 'Composite Provider']","[0.17252585291862488, 0.07354215532541275, 0.0688028633594513, 0.06853525340557098, 0.06852462142705917]"
..\Data\Rest Ungelabelt\96520cd45d254e54bdcdb9200b6cee4b.png,Data Flow Object,0.1843283325433731,"['Data Flow Object', 'Composite Provider', 'ABAP Dictionary', 'Excel', 'Transformationen']","[0.1843283325433731, 0.06809695065021515, 0.06796333938837051, 0.06796298176050186, 0.06796206533908844]"
..\Data\Rest Ungelabelt\965426d5196c40f394f8d3425f904466.jpeg,Data Flow Object,0.10893496870994568,"['Data Flow Object', 'Composite Provider', 'Transformationen', 'DTP', 'Datenvorschau']","[0.10893496870994568, 0.08275985717773438, 0.07880599796772003, 0.07741609960794449, 0.07613163441419601]"
..\Data\Rest Ungelabelt\966a0f81713c480c9b9ce957cc284e37.png,Data Store Object,0.14598830044269562,"['Data Store Object', 'Data Source', 'Data Mart', 'Datenvorschau', 'Query']","[0.14598830044269562, 0.08509883284568787, 0.0734279528260231, 0.06963292509317398, 0.06955999881029129]"
..\Data\Rest Ungelabelt\9677a623d6ec40dcbc3e5c45790e8cfb.png,Datenvorschau,0.14738091826438904,"['Datenvorschau', 'Data Source', 'Excel', 'DTP', 'ABAP Dictionary']","[0.14738091826438904, 0.07575247436761856, 0.0742969661951065, 0.07314681261777878, 0.07046020030975342]"
..\Data\Rest Ungelabelt\9682ad978b9a4e23b4259c740c65f0ac.png,Data Store Object,0.18458688259124756,"['Data Store Object', 'BW4Cockpit (Stammdaten)', 'DTP', 'Composite Provider', 'Data Source']","[0.18458688259124756, 0.06796471029520035, 0.06795919686555862, 0.06795506179332733, 0.06795013695955276]"
..\Data\Rest Ungelabelt\969eb6bdc2c945a291f0dac4b9b675a4.png,Excel,0.18286661803722382,"['Excel', 'BW4Cockpit (Stammdaten)', 'DTP', 'Transformationen', 'Bewegungsdaten']","[0.18286661803722382, 0.0685402899980545, 0.06809577345848083, 0.06809408217668533, 0.0680612325668335]"
..\Data\Rest Ungelabelt\96a0c5107b5b43aaba3d57078a8546c3.png,BW4Cockpit (Stammdaten),0.17973971366882324,"['BW4Cockpit (Stammdaten)', 'Query', 'Excel', 'Datenvorschau', 'Data Store Object']","[0.17973971366882324, 0.06974079459905624, 0.06835153698921204, 0.06831789761781693, 0.06823533773422241]"
..\Data\Rest Ungelabelt\96a169c3b42448268df59afab257a6ea.jpeg,Data Source,0.12233038991689682,"['Data Source', 'Data Store Object', 'Query', 'BW4Cockpit (Stammdaten)', 'Data Mart']","[0.12233038991689682, 0.08926713466644287, 0.08315141499042511, 0.07115504145622253, 0.07084829360246658]"
..\Data\Rest Ungelabelt\96a24838725748798e56ca7a9ae83cbd.jpeg,Query,0.18457503616809845,"['Query', 'Data Source', 'BW4Cockpit (Stammdaten)', 'Data Mart', 'Composite Provider']","[0.18457503616809845, 0.067965567111969, 0.06795670837163925, 0.06795626133680344, 0.06795185059309006]"
..\Data\Rest Ungelabelt\96ad7ff81b8f4de08e0bfafc5c8b2ff6.jpeg,Data Source,0.15376165509223938,"['Data Source', 'Data Store Object', 'Query', 'DTP', 'Datenvorschau']","[0.15376165509223938, 0.07565128058195114, 0.07214079052209854, 0.07130864262580872, 0.0710097998380661]"
..\Data\Rest Ungelabelt\96c10bdbc5de4763afa382f0d353b03e.png,Data Flow Object,0.18465401232242584,"['Data Flow Object', 'Composite Provider', 'Datenvorschau', 'DTP', 'Excel']","[0.18465401232242584, 0.06795794516801834, 0.06794444471597672, 0.06794440746307373, 0.06794437766075134]"
..\Data\Rest Ungelabelt\96d90ad621c645bdbf8a99cbae4bd995.jpeg,ABAP Dictionary,0.18457777798175812,"['ABAP Dictionary', 'DTP', 'Excel', 'Data Flow Object', 'BW4Cockpit (Stammdaten)']","[0.18457777798175812, 0.06798100471496582, 0.06795307248830795, 0.06795055419206619, 0.0679497942328453]"
..\Data\Rest Ungelabelt\96e9952d95894746b67e33402b5da065.png,Data Store Object,0.12216173857450485,"['Data Store Object', 'Query', 'Composite Provider', 'Datenvorschau', 'Data Mart']","[0.12216173857450485, 0.08087385445833206, 0.07913685590028763, 0.07665539532899857, 0.07549341768026352]"
..\Data\Rest Ungelabelt\97021adec8ab4a5791c6886d5fb9ac35.png,Query,0.12018561363220215,"['Query', 'Data Store Object', 'Composite Provider', 'Datenvorschau', 'Excel']","[0.12018561363220215, 0.08380945771932602, 0.07757915556430817, 0.07757732272148132, 0.07519858330488205]"
..\Data\Rest Ungelabelt\9706e2a8427047f3adc6882cc6d34bd7.png,Transformationen,0.09224975109100342,"['Transformationen', 'Data Store Object', 'Composite Provider', 'Query', 'Data Mart']","[0.09224975109100342, 0.09173499792814255, 0.08621792495250702, 0.07935809344053268, 0.07515288144350052]"
..\Data\Rest Ungelabelt\970d37a7f27142b18fa8ca8b91047d24.png,Query,0.18448394536972046,"['Query', 'Data Source', 'Composite Provider', 'Data Mart', 'Data Store Object']","[0.18448394536972046, 0.06797527521848679, 0.06796467304229736, 0.06796355545520782, 0.06796146184206009]"
..\Data\Rest Ungelabelt\971c8301cd4247d1b4be00365c10997e.jpeg,Data Source,0.13938464224338531,"['Data Source', 'DTP', 'Query', 'Composite Provider', 'Data Store Object']","[0.13938464224338531, 0.08395223319530487, 0.07664845883846283, 0.07041913270950317, 0.07030651718378067]"
..\Data\Rest Ungelabelt\97322edde34d4146a71716557ba0be42.png,Data Store Object,0.14989154040813446,"['Data Store Object', 'Data Mart', 'Data Source', 'Datenvorschau', 'Query']","[0.14989154040813446, 0.07797982543706894, 0.07579462975263596, 0.07068777829408646, 0.06975057721138]"
..\Data\Rest Ungelabelt\973bd58546354c5a86192e6f35b9dfd6.jpeg,Data Store Object,0.10776052623987198,"['Data Store Object', 'DTP', 'BW4Cockpit (Stammdaten)', 'ABAP Dictionary', 'Datenvorschau']","[0.10776052623987198, 0.08328244835138321, 0.08216963708400726, 0.07987919449806213, 0.07390694320201874]"
..\Data\Rest Ungelabelt\9743137281c54b72b5e0e2ef2954a4ec.png,BW4Cockpit (Stammdaten),0.18431881070137024,"['BW4Cockpit (Stammdaten)', 'Query', 'Data Store Object', 'DTP', 'Transformationen']","[0.18431881070137024, 0.0680883526802063, 0.06796741485595703, 0.06796538829803467, 0.06796383112668991]"
..\Data\Rest Ungelabelt\97539af847004b50b1aa8715dffd6b0b.png,Data Store Object,0.16675975918769836,"['Data Store Object', 'Query', 'DTP', 'Data Source', 'BW4Cockpit (Stammdaten)']","[0.16675975918769836, 0.07395797967910767, 0.06945259124040604, 0.06934459507465363, 0.0692577213048935]"
..\Data\Rest Ungelabelt\97931b56d86847058d7de750e152d3ba.jpeg,Datenvorschau,0.1846228688955307,"['Datenvorschau', 'Bewegungsdaten', 'Excel', 'Composite Provider', 'Data Store Object']","[0.1846228688955307, 0.06795899569988251, 0.06795139610767365, 0.06795035302639008, 0.06794729828834534]"
..\Data\Rest Ungelabelt\979bc51be34140eb816ffc4f8128e3da.jpeg,Data Store Object,0.10811541229486465,"['Data Store Object', 'Data Source', 'Bewegungsdaten', 'Datenvorschau', 'Data Mart']","[0.10811541229486465, 0.08824756741523743, 0.07844961434602737, 0.07634461671113968, 0.07525946944952011]"
..\Data\Rest Ungelabelt\979ee0e20d8147719eba06d102103eef.png,ABAP Dictionary,0.18456223607063293,"['ABAP Dictionary', 'Excel', 'Bewegungsdaten', 'DTP', 'Data Flow Object']","[0.18456223607063293, 0.06797357648611069, 0.06796090304851532, 0.06795525550842285, 0.06795218586921692]"
..\Data\Rest Ungelabelt\97af69ddad164ad7a72328e8ae4bfde7.png,Query,0.18452925980091095,"['Query', 'Data Store Object', 'Data Mart', 'Datenvorschau', 'BW4Cockpit (Stammdaten)']","[0.18452925980091095, 0.06798838824033737, 0.06795873492956161, 0.06795783340930939, 0.06795462220907211]"
..\Data\Rest Ungelabelt\97f36f01173f4cc6baac11e6a5de33f5.png,ABAP Dictionary,0.16552729904651642,"['ABAP Dictionary', 'Data Flow Object', 'Composite Provider', 'Transformationen', 'Bewegungsdaten']","[0.16552729904651642, 0.071278877556324, 0.07076405733823776, 0.0705222561955452, 0.0701092779636383]"
..\Data\Rest Ungelabelt\97fe4149d53745b9969bd33e9f7353f7.jpeg,Data Source,0.09991796314716339,"['Data Source', 'Transformationen', 'Datenvorschau', 'Query', 'ABAP Dictionary']","[0.09991796314716339, 0.08194862306118011, 0.0794416069984436, 0.07623594254255295, 0.07583180069923401]"
..\Data\Rest Ungelabelt\9810c077130b4e63b46a1eb2080e95ab.png,Datenvorschau,0.15664894878864288,"['Datenvorschau', 'ABAP Dictionary', 'Transformationen', 'Composite Provider', 'Excel']","[0.15664894878864288, 0.07598741352558136, 0.07180533558130264, 0.07014045864343643, 0.07006923854351044]"
..\Data\Rest Ungelabelt\983ed283df5d40f59a6ddd6c45fbb87e.png,Excel,0.18467560410499573,"['Excel', 'Bewegungsdaten', 'Composite Provider', 'Datenvorschau', 'DTP']","[0.18467560410499573, 0.06794648617506027, 0.0679440051317215, 0.06794372946023941, 0.06794354319572449]"
..\Data\Rest Ungelabelt\984b9498a70241558032c4ac9395ab20.jpeg,Data Store Object,0.12451817095279694,"['Data Store Object', 'Data Mart', 'Datenvorschau', 'Data Source', 'Query']","[0.12451817095279694, 0.08286431431770325, 0.08005830645561218, 0.07950450479984283, 0.07057195156812668]"
..\Data\Rest Ungelabelt\9871430143c3455eb80369d9f8f4ba9e.png,Query,0.18468119204044342,"['Query', 'Composite Provider', 'BW4Cockpit (Stammdaten)', 'Data Flow Object', 'Data Store Object']","[0.18468119204044342, 0.06794370710849762, 0.06794340908527374, 0.06794335693120956, 0.06794335693120956]"
..\Data\Rest Ungelabelt\987969a4ed9748cb9edeeef5e28f369b.png,ABAP Dictionary,0.17687955498695374,"['ABAP Dictionary', 'Bewegungsdaten', 'Datenvorschau', 'BW4Cockpit (Stammdaten)', 'DTP']","[0.17687955498695374, 0.07119870185852051, 0.06869575381278992, 0.06834999471902847, 0.0683303102850914]"
..\Data\Rest Ungelabelt\98a1cae821e24864a05c76737aa5c96f.png,Query,0.1345154047012329,"['Query', 'Data Store Object', 'Data Source', 'ABAP Dictionary', 'Data Mart']","[0.1345154047012329, 0.09373629838228226, 0.0713408887386322, 0.07040982693433762, 0.07025595754384995]"
..\Data\Rest Ungelabelt\98a6205b6e5344f69ede56aae153a27e.png,DTP,0.17747947573661804,"['DTP', 'ABAP Dictionary', 'Excel', 'BW4Cockpit (Stammdaten)', 'Bewegungsdaten']","[0.17747947573661804, 0.07013005763292313, 0.06890079379081726, 0.06866533309221268, 0.06840939819812775]"
..\Data\Rest Ungelabelt\98c96ea0248547eb8a0f63ded22d5311.png,Data Store Object,0.1845424324274063,"['Data Store Object', 'Composite Provider', 'DTP', 'Data Source', 'BW4Cockpit (Stammdaten)']","[0.1845424324274063, 0.06797784566879272, 0.06795918196439743, 0.06795857846736908, 0.06795535236597061]"
..\Data\Rest Ungelabelt\98cf081d511b4d6f98ed984a6661b262.png,Query,0.1846802681684494,"['Query', 'Data Store Object', 'BW4Cockpit (Stammdaten)', 'Data Mart', 'Datenvorschau']","[0.1846802681684494, 0.06794438511133194, 0.06794360280036926, 0.0679435059428215, 0.0679432675242424]"
..\Data\Rest Ungelabelt\98faf84feaf74ee49016d9568509fec9.png,Bewegungsdaten,0.11819640547037125,"['Bewegungsdaten', 'Data Store Object', 'Datenvorschau', 'Data Source', 'BW4Cockpit (Stammdaten)']","[0.11819640547037125, 0.08640328049659729, 0.0757867619395256, 0.07339134067296982, 0.07257670909166336]"
..\Data\Rest Ungelabelt\98fc5f9d2eee45039f9b044da1c85f20.png,Data Store Object,0.13979965448379517,"['Data Store Object', 'Data Source', 'Data Mart', 'Datenvorschau', 'Query']","[0.13979965448379517, 0.0797264575958252, 0.07604924589395523, 0.07529957592487335, 0.07036883383989334]"
..\Data\Rest Ungelabelt\98fec7ebfe3a4928bc9b0b869f3e086c.png,Query,0.18464979529380798,"['Query', 'Data Source', 'Datenvorschau', 'BW4Cockpit (Stammdaten)', 'Transformationen']","[0.18464979529380798, 0.06795530766248703, 0.06794746965169907, 0.06794515252113342, 0.06794494390487671]"
..\Data\Rest Ungelabelt\9904fd1c56e0453d8cbe4d393c9efdf1.png,DTP,0.12161789834499359,"['DTP', 'ABAP Dictionary', 'BW4Cockpit (Stammdaten)', 'Query', 'Data Store Object']","[0.12161789834499359, 0.08492033183574677, 0.08254823088645935, 0.07298416644334793, 0.07261182367801666]"
..\Data\Rest Ungelabelt\990bca7c27f7413987e97070543244d1.png,BW4Cockpit (Stammdaten),0.18419232964515686,"['BW4Cockpit (Stammdaten)', 'Query', 'Excel', 'Data Store Object', 'Datenvorschau']","[0.18419232964515686, 0.06813231110572815, 0.06798264384269714, 0.06797542423009872, 0.06797216832637787]"
..\Data\Rest Ungelabelt\990e961c601646b7807d84754f63e588.png,Bewegungsdaten,0.16542184352874756,"['Bewegungsdaten', 'ABAP Dictionary', 'BW4Cockpit (Stammdaten)', 'Datenvorschau', 'Composite Provider']","[0.16542184352874756, 0.07045439630746841, 0.07044080644845963, 0.07041309773921967, 0.07003068178892136]"
..\Data\Rest Ungelabelt\9916bef5a1fb4b7bb687f8fb88bb2f66.png,Data Source,0.13389281928539276,"['Data Source', 'Data Store Object', 'Datenvorschau', 'Query', 'BW4Cockpit (Stammdaten)']","[0.13389281928539276, 0.08522915840148926, 0.07560934871435165, 0.0728752389550209, 0.07110793143510818]"
..\Data\Rest Ungelabelt\991a113f07514fcb85ab59598f37a06a.jpeg,Data Source,0.10884096473455429,"['Data Source', 'Data Store Object', 'Query', 'DTP', 'BW4Cockpit (Stammdaten)']","[0.10884096473455429, 0.10837976634502411, 0.0750509649515152, 0.07206393033266068, 0.07149489969015121]"
..\Data\Rest Ungelabelt\9945af21b84b4830b258363ed26de996.png,Data Store Object,0.13833613693714142,"['Data Store Object', 'Data Mart', 'Data Source', 'Query', 'Transformationen']","[0.13833613693714142, 0.07737678289413452, 0.0756123811006546, 0.07308230549097061, 0.07173121720552444]"
..\Data\Rest Ungelabelt\999ac2bd560f4e5eba9be244c01e81b4.png,Query,0.1839628666639328,"['Query', 'Data Source', 'Data Store Object', 'BW4Cockpit (Stammdaten)', 'DTP']","[0.1839628666639328, 0.06807950139045715, 0.06805014610290527, 0.068033367395401, 0.06801341474056244]"
..\Data\Rest Ungelabelt\99a12f384bd24eb58127f303345b8243.png,Data Store Object,0.13594944775104523,"['Data Store Object', 'Composite Provider', 'Datenvorschau', 'Transformationen', 'Bewegungsdaten']","[0.13594944775104523, 0.07955949008464813, 0.07362344861030579, 0.07341033965349197, 0.07275314629077911]"
..\Data\Rest Ungelabelt\99bd8eed6cc74018b4efa57e0c84f4b3.png,Query,0.18468733131885529,"['Query', 'Data Flow Object', 'BW4Cockpit (Stammdaten)', 'Composite Provider', 'Data Mart']","[0.18468733131885529, 0.06794272363185883, 0.06794271618127823, 0.06794271618127823, 0.06794271618127823]"
..\Data\Rest Ungelabelt\99dfb921acfb4a3bb1a4e43c87630271.png,Data Source,0.15804216265678406,"['Data Source', 'Datenvorschau', 'Query', 'Data Mart', 'Data Store Object']","[0.15804216265678406, 0.07561176270246506, 0.07245368510484695, 0.06989026814699173, 0.06987994909286499]"
..\Data\Rest Ungelabelt\99ef98ab744f46e8b4231532f6154f69.png,Bewegungsdaten,0.11137954890727997,"['Bewegungsdaten', 'Data Store Object', 'Datenvorschau', 'Data Source', 'BW4Cockpit (Stammdaten)']","[0.11137954890727997, 0.08897226303815842, 0.07703706622123718, 0.07384997606277466, 0.07266922295093536]"
..\Data\Rest Ungelabelt\9a264dc75b3e4d9e930ef95480f41575.png,Query,0.18467776477336884,"['Query', 'Composite Provider', 'Data Source', 'BW4Cockpit (Stammdaten)', 'Data Mart']","[0.18467776477336884, 0.06794422119855881, 0.06794416159391403, 0.06794380396604538, 0.06794349104166031]"
..\Data\Rest Ungelabelt\9a3cc281bc7b4e40876056a1f3629c04.png,Data Source,0.09599277377128601,"['Data Source', 'Data Store Object', 'BW4Cockpit (Stammdaten)', 'Datenvorschau', 'Data Mart']","[0.09599277377128601, 0.0886889100074768, 0.07748070359230042, 0.0772867426276207, 0.07566307485103607]"
..\Data\Rest Ungelabelt\9a434f201ca14424a3c138c223fb2375.png,Transformationen,0.18467052280902863,"['Transformationen', 'Composite Provider', 'Data Source', 'Data Flow Object', 'Excel']","[0.18467052280902863, 0.06794971972703934, 0.06794394552707672, 0.06794366985559464, 0.06794366985559464]"
..\Data\Rest Ungelabelt\9a6398e1e68442d8990f9c3e983c227f.png,ABAP Dictionary,0.11874530464410782,"['ABAP Dictionary', 'Datenvorschau', 'DTP', 'Bewegungsdaten', 'BW4Cockpit (Stammdaten)']","[0.11874530464410782, 0.08991064876317978, 0.07577162981033325, 0.07561783492565155, 0.07272401452064514]"
..\Data\Rest Ungelabelt\9a68d1d0ef3a46ef85e88d5484457e52.png,DTP,0.15727296471595764,"['DTP', 'Data Store Object', 'BW4Cockpit (Stammdaten)', 'ABAP Dictionary', 'Transformationen']","[0.15727296471595764, 0.07615348696708679, 0.07327158004045486, 0.07001125812530518, 0.06950318068265915]"
..\Data\Rest Ungelabelt\9a69849d79ff41c9bfc8685a33a1243e.png,Query,0.1846858263015747,"['Query', 'BW4Cockpit (Stammdaten)', 'Data Mart', 'Data Store Object', 'Composite Provider']","[0.1846858263015747, 0.0679430142045021, 0.06794288009405136, 0.06794288009405136, 0.06794285774230957]"
..\Data\Rest Ungelabelt\9a6d22f3b70d4c8cb88c253ce1021600.png,Data Store Object,0.17082402110099792,"['Data Store Object', 'Composite Provider', 'Query', 'DTP', 'Data Mart']","[0.17082402110099792, 0.07068679481744766, 0.06994891166687012, 0.06968986243009567, 0.06897342950105667]"
..\Data\Rest Ungelabelt\9a848dcb493e4574afa60d651c1d60f1.png,Data Flow Object,0.1824987679719925,"['Data Flow Object', 'Composite Provider', 'Datenvorschau', 'DTP', 'Excel']","[0.1824987679719925, 0.06882365047931671, 0.06809496134519577, 0.06807971000671387, 0.06806785613298416]"
..\Data\Rest Ungelabelt\9aa9427aba204de8b9e03212e4896496.png,Data Source,0.13794255256652832,"['Data Source', 'Datenvorschau', 'Data Store Object', 'Data Mart', 'Bewegungsdaten']","[0.13794255256652832, 0.0871259942650795, 0.07473811507225037, 0.07072574645280838, 0.07008633017539978]"
..\Data\Rest Ungelabelt\9aca3e34ceb54da8aea51fbb8227fea5.jpeg,Data Source,0.11411939561367035,"['Data Source', 'Data Store Object', 'Query', 'DTP', 'BW4Cockpit (Stammdaten)']","[0.11411939561367035, 0.09934376180171967, 0.07875988632440567, 0.07172995805740356, 0.07137081772089005]"
..\Data\Rest Ungelabelt\9acac9484a974eae8402bab1d22885c8.png,Data Flow Object,0.1846223920583725,"['Data Flow Object', 'Composite Provider', 'Datenvorschau', 'ABAP Dictionary', 'DTP']","[0.1846223920583725, 0.06796958297491074, 0.06794799864292145, 0.06794627755880356, 0.06794615834951401]"
..\Data\Rest Ungelabelt\9ad159e60d1140cfbd21169459f7f235.png,Query,0.18453960120677948,"['Query', 'Transformationen', 'Data Source', 'DTP', 'Composite Provider']","[0.18453960120677948, 0.0679817721247673, 0.06797374784946442, 0.06795208901166916, 0.06795152276754379]"
..\Data\Rest Ungelabelt\9ae97a3aa5604b20a3548940ccd8fce1.png,Query,0.18465225398540497,"['Query', 'Data Store Object', 'Data Mart', 'BW4Cockpit (Stammdaten)', 'Datenvorschau']","[0.18465225398540497, 0.0679536834359169, 0.06794626265764236, 0.06794587522745132, 0.06794547289609909]"
..\Data\Rest Ungelabelt\9afadc8539954da38fe7ce15c803bc0a.png,Data Store Object,0.12394621968269348,"['Data Store Object', 'Data Source', 'Data Mart', 'Query', 'Datenvorschau']","[0.12394621968269348, 0.08976691961288452, 0.0756596177816391, 0.07526423782110214, 0.07213657349348068]"
..\Data\Rest Ungelabelt\9b1a7d6598004f0e9a31120c57ca8557.png,Query,0.18468733131885529,"['Query', 'Composite Provider', 'BW4Cockpit (Stammdaten)', 'Data Flow Object', 'Data Mart']","[0.18468733131885529, 0.06794273108243942, 0.06794272363185883, 0.06794272363185883, 0.06794272363185883]"
..\Data\Rest Ungelabelt\9b22e26d93ef4dfd84eb8414d2c1401c.png,Data Flow Object,0.17285850644111633,"['Data Flow Object', 'Composite Provider', 'DTP', 'Data Store Object', 'Datenvorschau']","[0.17285850644111633, 0.07353780418634415, 0.0685669407248497, 0.06853003799915314, 0.06851253658533096]"
..\Data\Rest Ungelabelt\9b47d493534a448caa62fba4828a1ec5.jpeg,Bewegungsdaten,0.10774081945419312,"['Bewegungsdaten', 'Composite Provider', 'Datenvorschau', 'DTP', 'BW4Cockpit (Stammdaten)']","[0.10774081945419312, 0.10325723141431808, 0.07625935226678848, 0.07214643061161041, 0.07194510847330093]"
..\Data\Rest Ungelabelt\9b4c2d8c4a554c7195d83e0775e76d8f.png,Data Store Object,0.18416427075862885,"['Data Store Object', 'Composite Provider', 'BW4Cockpit (Stammdaten)', 'DTP', 'Data Mart']","[0.18416427075862885, 0.06810899078845978, 0.06800280511379242, 0.06799960136413574, 0.06797362118959427]"
..\Data\Rest Ungelabelt\9b90140bba394de291294f17d49d655c.png,Transformationen,0.11167705059051514,"['Transformationen', 'Composite Provider', 'Data Source', 'Datenvorschau', 'Excel']","[0.11167705059051514, 0.10083814710378647, 0.07970129698514938, 0.07152234017848969, 0.0713537335395813]"
..\Data\Rest Ungelabelt\9ba179d552aa4665952f41f352ce9ad3.jpeg,ABAP Dictionary,0.18457236886024475,"['ABAP Dictionary', 'DTP', 'Excel', 'Data Flow Object', 'BW4Cockpit (Stammdaten)']","[0.18457236886024475, 0.06798309087753296, 0.06795383244752884, 0.067950539290905, 0.06795001029968262]"
..\Data\Rest Ungelabelt\9bbd847682a24bbba5181c2dbecfca99.png,Excel,0.1846686750650406,"['Excel', 'Bewegungsdaten', 'Data Store Object', 'Transformationen', 'Composite Provider']","[0.1846686750650406, 0.06794629245996475, 0.0679444819688797, 0.06794434040784836, 0.06794429570436478]"
..\Data\Rest Ungelabelt\9bf2926b4c3a459eb253256c71ba3695.png,Query,0.12701763212680817,"['Query', 'Data Store Object', 'Data Mart', 'Datenvorschau', 'Data Source']","[0.12701763212680817, 0.09292890876531601, 0.0751485824584961, 0.072525255382061, 0.07065974175930023]"
..\Data\Rest Ungelabelt\9bf4fc40988b4af480fcad59493616bd.png,Data Source,0.14366647601127625,"['Data Source', 'Datenvorschau', 'Data Store Object', 'Data Mart', 'Query']","[0.14366647601127625, 0.08537467569112778, 0.0729888379573822, 0.07033156603574753, 0.06987176835536957]"
..\Data\Rest Ungelabelt\9bf5df3fa52c454fa171660a1bb8c96b.jpeg,Data Store Object,0.15809130668640137,"['Data Store Object', 'Query', 'Data Mart', 'Datenvorschau', 'Composite Provider']","[0.15809130668640137, 0.0811908021569252, 0.06945852935314178, 0.06927375495433807, 0.06918425112962723]"
..\Data\Rest Ungelabelt\9bf7548afc074df889693f8d49615e07.png,Query,0.18446612358093262,"['Query', 'DTP', 'Data Store Object', 'Composite Provider', 'BW4Cockpit (Stammdaten)']","[0.18446612358093262, 0.06797392666339874, 0.06797245889902115, 0.0679716244339943, 0.06796541064977646]"
..\Data\Rest Ungelabelt\9c08f4c4e5ee4161948804ea7426ddd5.png,Data Store Object,0.1706118881702423,"['Data Store Object', 'Data Mart', 'Data Source', 'Datenvorschau', 'BW4Cockpit (Stammdaten)']","[0.1706118881702423, 0.07334107160568237, 0.0697416365146637, 0.0688624158501625, 0.06863314658403397]"
..\Data\Rest Ungelabelt\9c28d4bce8e746eabc496c8771750823.png,Data Mart,0.13079646229743958,"['Data Mart', 'Data Store Object', 'Data Source', 'Query', 'DTP']","[0.13079646229743958, 0.0929727554321289, 0.07458550482988358, 0.07056311517953873, 0.07051868736743927]"
..\Data\Rest Ungelabelt\9c68f9b71274454287284648b409b294.png,Query,0.18276028335094452,"['Query', 'Data Source', 'Data Store Object', 'Datenvorschau', 'DTP']","[0.18276028335094452, 0.06875357031822205, 0.06806512922048569, 0.06805539131164551, 0.06805373728275299]"
..\Data\Rest Ungelabelt\9c6aae5e566d4de8ad41aa359357dc5c.png,Bewegungsdaten,0.0896182507276535,"['Bewegungsdaten', 'Excel', 'BW4Cockpit (Stammdaten)', 'Composite Provider', 'Data Flow Object']","[0.0896182507276535, 0.08101223409175873, 0.07847105711698532, 0.07712992280721664, 0.07702633738517761]"
..\Data\Rest Ungelabelt\9c753b3d21134bf482a7aa53cfcccbb7.png,Datenvorschau,0.10888661444187164,"['Datenvorschau', 'Data Store Object', 'Composite Provider', 'Query', 'DTP']","[0.10888661444187164, 0.09349887818098068, 0.07789172232151031, 0.07530965656042099, 0.07361403852701187]"
..\Data\Rest Ungelabelt\9c83b4254cd440778c3973d17d7ec05f.jpeg,Composite Provider,0.1301908940076828,"['Composite Provider', 'Datenvorschau', 'DTP', 'Transformationen', 'Query']","[0.1301908940076828, 0.08158057183027267, 0.07526236027479172, 0.0743861198425293, 0.07248207926750183]"
..\Data\Rest Ungelabelt\9c8f92da2d2f4144becc1528677bd52f.png,Composite Provider,0.09350326657295227,"['Composite Provider', 'Data Flow Object', 'Transformationen', 'Bewegungsdaten', 'Datenvorschau']","[0.09350326657295227, 0.08720581978559494, 0.08158208429813385, 0.07764709740877151, 0.07519380003213882]"
..\Data\Rest Ungelabelt\9c9ee367d01b4d298f6e7acca7f9d262.png,Datenvorschau,0.18259873986244202,"['Datenvorschau', 'Data Source', 'Data Store Object', 'Transformationen', 'Composite Provider']","[0.18259873986244202, 0.06839729100465775, 0.06831306964159012, 0.0681346207857132, 0.06809630244970322]"
..\Data\Rest Ungelabelt\9cb66edff5894fb68d10f6be2fb2282a.png,Query,0.18464668095111847,"['Query', 'Data Store Object', 'Data Mart', 'BW4Cockpit (Stammdaten)', 'Composite Provider']","[0.18464668095111847, 0.06794918328523636, 0.06794805079698563, 0.06794705986976624, 0.06794661283493042]"
..\Data\Rest Ungelabelt\9cc3106849944c0b83f6ede8ed644a49.png,DTP,0.11247865855693817,"['DTP', 'Datenvorschau', 'Composite Provider', 'Data Source', 'Data Store Object']","[0.11247865855693817, 0.09847462177276611, 0.07940975576639175, 0.07332079112529755, 0.07165029644966125]"
..\Data\Rest Ungelabelt\9cddfcc140924df3aaf58e79da811e1a.jpeg,Data Store Object,0.18456225097179413,"['Data Store Object', 'BW4Cockpit (Stammdaten)', 'DTP', 'Query', 'Composite Provider']","[0.18456225097179413, 0.06796927750110626, 0.06796437501907349, 0.06796029210090637, 0.06795129925012589]"
..\Data\Rest Ungelabelt\9cf27286b3684f23bf4532c7e8016489.png,Data Source,0.09689266979694366,"['Data Source', 'Datenvorschau', 'Composite Provider', 'Data Mart', 'Data Store Object']","[0.09689266979694366, 0.08752964437007904, 0.08484943211078644, 0.07848711311817169, 0.07604795694351196]"
..\Data\Rest Ungelabelt\9d61a5282e424926b2e10c322120fe97.png,Bewegungsdaten,0.10533415526151657,"['Bewegungsdaten', 'Datenvorschau', 'DTP', 'Composite Provider', 'Excel']","[0.10533415526151657, 0.10396172851324081, 0.07717885076999664, 0.07491099089384079, 0.0714026689529419]"
..\Data\Rest Ungelabelt\9d894054752a46da8e40e69132c8f84c.png,Data Flow Object,0.18463842570781708,"['Data Flow Object', 'Composite Provider', 'ABAP Dictionary', 'DTP', 'Datenvorschau']","[0.18463842570781708, 0.06796536594629288, 0.06794514507055283, 0.06794514507055283, 0.06794513761997223]"
..\Data\Rest Ungelabelt\9db2b37d432044acb67c2f355e7f6fc1.png,Bewegungsdaten,0.0896182507276535,"['Bewegungsdaten', 'Excel', 'BW4Cockpit (Stammdaten)', 'Composite Provider', 'Data Flow Object']","[0.0896182507276535, 0.08101223409175873, 0.07847105711698532, 0.07712992280721664, 0.07702633738517761]"
..\Data\Rest Ungelabelt\9db5dd4249d64cffb25c31dbf815f92f.jpeg,Query,0.1846872717142105,"['Query', 'Data Flow Object', 'Composite Provider', 'Datenvorschau', 'ABAP Dictionary']","[0.1846872717142105, 0.06794276088476181, 0.06794273108243942, 0.06794273108243942, 0.06794272363185883]"
..\Data\Rest Ungelabelt\9dd83716d5bb48eca22e659f9b19ca2b.jpeg,Query,0.1845567524433136,"['Query', 'Data Store Object', 'Data Mart', 'Datenvorschau', 'Transformationen']","[0.1845567524433136, 0.06799179315567017, 0.06795507669448853, 0.06795110553503036, 0.06795014441013336]"
..\Data\Rest Ungelabelt\9de923a57f7f42d68505c541edb3ae4b.png,Data Store Object,0.13056710362434387,"['Data Store Object', 'Data Source', 'Datenvorschau', 'DTP', 'Data Mart']","[0.13056710362434387, 0.08261268585920334, 0.08250695466995239, 0.0727347657084465, 0.07052420824766159]"
..\Data\Rest Ungelabelt\9dfb48e0790246c596dfee3edd2add81.png,Datenvorschau,0.1808696836233139,"['Datenvorschau', 'Query', 'BW4Cockpit (Stammdaten)', 'Data Source', 'Excel']","[0.1808696836233139, 0.06903412193059921, 0.06870532780885696, 0.06821516901254654, 0.06814800947904587]"
..\Data\Rest Ungelabelt\9e06ae9f6b0b413198d2339e4bc38394.jpeg,Data Flow Object,0.18310950696468353,"['Data Flow Object', 'Composite Provider', 'Query', 'Transformationen', 'Excel']","[0.18310950696468353, 0.06840123236179352, 0.06813506782054901, 0.06809921562671661, 0.06803679466247559]"
..\Data\Rest Ungelabelt\9e0cc2809b634648a4e949741d8422df.png,Query,0.10674671083688736,"['Query', 'Data Store Object', 'Data Source', 'Composite Provider', 'Transformationen']","[0.10674671083688736, 0.10032608360052109, 0.08062919974327087, 0.07254667580127716, 0.07250528037548065]"
..\Data\Rest Ungelabelt\9e28f8330005402897158929a01ab2b8.png,BW4Cockpit (Stammdaten),0.16654852032661438,"['BW4Cockpit (Stammdaten)', 'DTP', 'Data Store Object', 'ABAP Dictionary', 'Excel']","[0.16654852032661438, 0.07543127983808517, 0.07017666101455688, 0.06886500120162964, 0.06879715621471405]"
..\Data\Rest Ungelabelt\9e3d74d7e3c74a64bf807aa4a1cd8880.png,Data Source,0.1353580504655838,"['Data Source', 'Datenvorschau', 'Data Mart', 'Data Store Object', 'Transformationen']","[0.1353580504655838, 0.07779001444578171, 0.07662726938724518, 0.07458806037902832, 0.07283670455217361]"
..\Data\Rest Ungelabelt\9e62283e7c494e4f9025b421c4120bd0.jpeg,Data Store Object,0.1819615215063095,"['Data Store Object', 'Data Mart', 'Datenvorschau', 'Composite Provider', 'Data Source']","[0.1819615215063095, 0.06901303678750992, 0.06816454231739044, 0.06812521070241928, 0.06811568886041641]"
..\Data\Rest Ungelabelt\9e67d268278c4c3a90c3b1824cc1e702.png,ABAP Dictionary,0.14909183979034424,"['ABAP Dictionary', 'DTP', 'BW4Cockpit (Stammdaten)', 'Bewegungsdaten', 'Transformationen']","[0.14909183979034424, 0.0832291692495346, 0.07156142592430115, 0.06998547911643982, 0.06987657397985458]"
..\Data\Rest Ungelabelt\9e6d001437d64aa19658014fbe7952c5.png,Transformationen,0.11562644690275192,"['Transformationen', 'Data Flow Object', 'Composite Provider', 'Excel', 'DTP']","[0.11562644690275192, 0.08325683325529099, 0.08258892595767975, 0.07593049108982086, 0.07326942682266235]"
..\Data\Rest Ungelabelt\9e752d63ed1e43a3a1030e242c567ed0.png,Datenvorschau,0.11384602636098862,"['Datenvorschau', 'Bewegungsdaten', 'Composite Provider', 'Data Store Object', 'Data Source']","[0.11384602636098862, 0.11373814940452576, 0.07090605795383453, 0.07051372528076172, 0.07032822072505951]"
..\Data\Rest Ungelabelt\9e767f690c144ebfb42222c82027e39b.jpeg,Data Store Object,0.18456688523292542,"['Data Store Object', 'BW4Cockpit (Stammdaten)', 'DTP', 'Query', 'Composite Provider']","[0.18456688523292542, 0.06796703487634659, 0.06796371191740036, 0.06795960664749146, 0.06795196235179901]"
..\Data\Rest Ungelabelt\9e80a30fd7404b788844c2fd5b945790.jpeg,Data Store Object,0.17975106835365295,"['Data Store Object', 'Composite Provider', 'DTP', 'BW4Cockpit (Stammdaten)', 'Data Source']","[0.17975106835365295, 0.06988702714443207, 0.06832313537597656, 0.06825380772352219, 0.06825263798236847]"
..\Data\Rest Ungelabelt\9e8ce7f7e48841b9a4115ee96bba41b6.png,Query,0.12813043594360352,"['Query', 'Data Store Object', 'ABAP Dictionary', 'Data Source', 'Transformationen']","[0.12813043594360352, 0.08557804673910141, 0.07814773917198181, 0.07297510653734207, 0.07181474566459656]"
..\Data\Rest Ungelabelt\9eb29f9bb03546c68b01d92c6c86b690.png,Excel,0.18465319275856018,"['Excel', 'Bewegungsdaten', 'ABAP Dictionary', 'Transformationen', 'Datenvorschau']","[0.18465319275856018, 0.06795188784599304, 0.06794539839029312, 0.06794535368680954, 0.06794531643390656]"
..\Data\Rest Ungelabelt\9eb70815ccaf408199f18747b9bd71ed.png,Data Source,0.17674612998962402,"['Data Source', 'Datenvorschau', 'Data Store Object', 'Data Mart', 'BW4Cockpit (Stammdaten)']","[0.17674612998962402, 0.07098753750324249, 0.0688374936580658, 0.06846915930509567, 0.06833752989768982]"
..\Data\Rest Ungelabelt\9edc9ee9bf7340799e840cd3a3c0278e.png,DTP,0.12325996905565262,"['DTP', 'BW4Cockpit (Stammdaten)', 'Data Store Object', 'Excel', 'ABAP Dictionary']","[0.12325996905565262, 0.07699103653430939, 0.07622276991605759, 0.07549482583999634, 0.07526329159736633]"
..\Data\Rest Ungelabelt\9f0136ec35b1454a87a2869a409dedbc.png,Data Store Object,0.17673662304878235,"['Data Store Object', 'Query', 'Data Mart', 'Composite Provider', 'Data Source']","[0.17673662304878235, 0.07063509523868561, 0.06865857541561127, 0.06863463670015335, 0.06861788779497147]"
..\Data\Rest Ungelabelt\9f1105408d3a4eb7b9a2e6cff78e7497.png,Data Store Object,0.18456895649433136,"['Data Store Object', 'BW4Cockpit (Stammdaten)', 'Composite Provider', 'DTP', 'Data Mart']","[0.18456895649433136, 0.0679808184504509, 0.06795849651098251, 0.06795338541269302, 0.06794977188110352]"
..\Data\Rest Ungelabelt\9f3fb8be42b34e58ab578dc9a55b4bf2.png,BW4Cockpit (Stammdaten),0.1845688372850418,"['BW4Cockpit (Stammdaten)', 'Query', 'Data Store Object', 'Excel', 'Datenvorschau']","[0.1845688372850418, 0.06798653304576874, 0.06795267760753632, 0.06795147806406021, 0.06794976443052292]"
..\Data\Rest Ungelabelt\9f4b54b9a4754346ab996a2a2d4ce72b.png,Data Store Object,0.18217284977436066,"['Data Store Object', 'Query', 'Data Source', 'BW4Cockpit (Stammdaten)', 'DTP']","[0.18217284977436066, 0.06866371631622314, 0.06826175004243851, 0.06817343086004257, 0.06815554201602936]"
..\Data\Rest Ungelabelt\9f56f8139c07418fa9a8ba106fb068c6.jpeg,Data Store Object,0.15992793440818787,"['Data Store Object', 'Data Mart', 'Datenvorschau', 'Composite Provider', 'Data Source']","[0.15992793440818787, 0.07790325582027435, 0.07072976976633072, 0.06981420516967773, 0.06915540993213654]"
..\Data\Rest Ungelabelt\9f584e0fae214588b3ac08ff8e1763f8.png,Query,0.18468737602233887,"['Query', 'ABAP Dictionary', 'BW4Cockpit (Stammdaten)', 'Bewegungsdaten', 'Composite Provider']","[0.18468737602233887, 0.06794272363185883, 0.06794272363185883, 0.06794272363185883, 0.06794272363185883]"
..\Data\Rest Ungelabelt\9f6f265a457344d9bf706247d429755a.png,Data Source,0.1793893724679947,"['Data Source', 'BW4Cockpit (Stammdaten)', 'Query', 'ABAP Dictionary', 'Transformationen']","[0.1793893724679947, 0.06891795247793198, 0.0686134397983551, 0.06854264438152313, 0.06839499622583389]"
..\Data\Rest Ungelabelt\9f8bb8927926489ea7db53b887f67529.png,Data Source,0.17313235998153687,"['Data Source', 'Data Store Object', 'Data Mart', 'Datenvorschau', 'Query']","[0.17313235998153687, 0.07014452666044235, 0.07002466917037964, 0.06958580017089844, 0.0687543973326683]"
..\Data\Rest Ungelabelt\9f90fac96b3341d8ab7feb9e5c21bb88.jpeg,Excel,0.1846420019865036,"['Excel', 'Datenvorschau', 'BW4Cockpit (Stammdaten)', 'Query', 'Data Store Object']","[0.1846420019865036, 0.06795806437730789, 0.06794682145118713, 0.06794659048318863, 0.06794615834951401]"
..\Data\Rest Ungelabelt\9fb09c8fb3124fb0b242da4759b11667.png,Composite Provider,0.09802188724279404,"['Composite Provider', 'Data Source', 'Transformationen', 'Excel', 'Datenvorschau']","[0.09802188724279404, 0.09446810930967331, 0.08918680250644684, 0.07461211085319519, 0.07383692264556885]"
..\Data\Rest Ungelabelt\9fc3956d08d748e2b152bc66b367725b.png,Data Store Object,0.09597288817167282,"['Data Store Object', 'Data Source', 'Transformationen', 'DTP', 'Query']","[0.09597288817167282, 0.09236009418964386, 0.09059769660234451, 0.07381057739257812, 0.07370848953723907]"
..\Data\Rest Ungelabelt\9fca93d7789145758acfd4d1c7e7eb58.jpeg,Query,0.11935453116893768,"['Query', 'Data Source', 'DTP', 'Datenvorschau', 'Transformationen']","[0.11935453116893768, 0.09063822031021118, 0.0755808874964714, 0.07424505054950714, 0.07314722239971161]"
..\Data\Rest Ungelabelt\a00dde08f1764c79995d68da7a0d4d41.jpeg,Datenvorschau,0.13329236209392548,"['Datenvorschau', 'Bewegungsdaten', 'Data Store Object', 'Composite Provider', 'BW4Cockpit (Stammdaten)']","[0.13329236209392548, 0.0976385623216629, 0.07023937255144119, 0.07016965746879578, 0.07002567499876022]"
..\Data\Rest Ungelabelt\a01f81edca78453d849f05b23d4d6649.png,Datenvorschau,0.09397533535957336,"['Datenvorschau', 'Composite Provider', 'Data Mart', 'Data Source', 'Data Store Object']","[0.09397533535957336, 0.0892351046204567, 0.0847090631723404, 0.08045517653226852, 0.07533073425292969]"
..\Data\Rest Ungelabelt\a03318a2e5ad428d8ef82241a97b9f42.jpeg,Bewegungsdaten,0.09854758530855179,"['Bewegungsdaten', 'Excel', 'BW4Cockpit (Stammdaten)', 'Datenvorschau', 'Composite Provider']","[0.09854758530855179, 0.08579688519239426, 0.08239693939685822, 0.07620470225811005, 0.07543113082647324]"
..\Data\Rest Ungelabelt\a0f2d62f1b1c4691a5cfc439d6d8fe12.png,Data Source,0.14508666098117828,"['Data Source', 'Datenvorschau', 'Data Store Object', 'Composite Provider', 'Data Mart']","[0.14508666098117828, 0.08768691122531891, 0.0701245591044426, 0.07000257819890976, 0.06983186304569244]"
..\Data\Rest Ungelabelt\a100e53dfb0a47978f6cc6d9453e2aec.jpeg,Datenvorschau,0.10651114583015442,"['Datenvorschau', 'Bewegungsdaten', 'Excel', 'BW4Cockpit (Stammdaten)', 'Transformationen']","[0.10651114583015442, 0.08622686564922333, 0.07672113180160522, 0.0751652792096138, 0.07386614382266998]"
..\Data\Rest Ungelabelt\a141f0c916b64aeaaba92df112a1b588.jpeg,Data Source,0.1831611692905426,"['Data Source', 'Datenvorschau', 'Data Store Object', 'Query', 'Data Mart']","[0.1831611692905426, 0.06855462491512299, 0.06808968633413315, 0.06802835315465927, 0.06802362948656082]"
..\Data\Rest Ungelabelt\a14eba505f114419997396da3abe4fd1.jpeg,Datenvorschau,0.09963418543338776,"['Datenvorschau', 'ABAP Dictionary', 'Data Source', 'Transformationen', 'Bewegungsdaten']","[0.09963418543338776, 0.08573532849550247, 0.08267626166343689, 0.07925226539373398, 0.07529755681753159]"
..\Data\Rest Ungelabelt\a18e77a7c6984ff8a9bb8bf9570ef5e3.png,Data Source,0.11118203401565552,"['Data Source', 'Data Store Object', 'Data Mart', 'Transformationen', 'Query']","[0.11118203401565552, 0.09848887473344803, 0.08246664702892303, 0.07157957553863525, 0.07151950150728226]"
..\Data\Rest Ungelabelt\a1a79bb961bf4438b0413d1f5bd60788.jpeg,Composite Provider,0.11817780137062073,"['Composite Provider', 'ABAP Dictionary', 'Excel', 'Datenvorschau', 'DTP']","[0.11817780137062073, 0.07953629642724991, 0.07755342125892639, 0.07620983570814133, 0.07560008019208908]"
..\Data\Rest Ungelabelt\a1e5a455fd5b405ba94da4a870b6bf65.png,Datenvorschau,0.15568996965885162,"['Datenvorschau', 'Data Source', 'Query', 'Data Store Object', 'BW4Cockpit (Stammdaten)']","[0.15568996965885162, 0.07613211125135422, 0.07397713512182236, 0.07085945457220078, 0.06930696964263916]"
..\Data\Rest Ungelabelt\a1ea6abd3dbe401e8312fcdd17083fd8.png,Transformationen,0.1588423252105713,"['Transformationen', 'Composite Provider', 'Query', 'Data Flow Object', 'Data Mart']","[0.1588423252105713, 0.07323131710290909, 0.07196478545665741, 0.07058323919773102, 0.07010181248188019]"
..\Data\Rest Ungelabelt\a1fb5ec0dd9044859a35b3a514edfff1.png,Query,0.18466615676879883,"['Query', 'Data Flow Object', 'Data Store Object', 'Datenvorschau', 'Composite Provider']","[0.18466615676879883, 0.06794603914022446, 0.06794574111700058, 0.06794555485248566, 0.06794504821300507]"
..\Data\Rest Ungelabelt\a220e95a9bc44a0d973ab428c5641d1a.png,Bewegungsdaten,0.18399953842163086,"['Bewegungsdaten', 'BW4Cockpit (Stammdaten)', 'ABAP Dictionary', 'Datenvorschau', 'Excel']","[0.18399953842163086, 0.06808377057313919, 0.06807854026556015, 0.06803131848573685, 0.06798415631055832]"
..\Data\Rest Ungelabelt\a223ed38e29a41deb409bb43d2a16fb8.png,Excel,0.13080304861068726,"['Excel', 'Bewegungsdaten', 'ABAP Dictionary', 'Data Flow Object', 'Transformationen']","[0.13080304861068726, 0.10127199441194534, 0.06981359422206879, 0.06981173902750015, 0.06981170177459717]"
..\Data\Rest Ungelabelt\a23a009572934f64b4d578933215f0c8.png,Query,0.16135670244693756,"['Query', 'Composite Provider', 'Transformationen', 'Data Store Object', 'BW4Cockpit (Stammdaten)']","[0.16135670244693756, 0.0735955461859703, 0.07133736461400986, 0.07070422917604446, 0.06955419480800629]"
..\Data\Rest Ungelabelt\a25df186c93a42df8769d6870dd607be.png,Datenvorschau,0.10968829691410065,"['Datenvorschau', 'BW4Cockpit (Stammdaten)', 'Transformationen', 'Bewegungsdaten', 'Composite Provider']","[0.10968829691410065, 0.07836835086345673, 0.07735837250947952, 0.0763871893286705, 0.07596743106842041]"
..\Data\Rest Ungelabelt\a2762d68bbcb4c0b88c7198857fc2947.jpeg,Query,0.17969705164432526,"['Query', 'Composite Provider', 'Data Flow Object', 'Datenvorschau', 'Data Mart']","[0.17969705164432526, 0.0688529685139656, 0.06882023811340332, 0.06845162063837051, 0.06832471489906311]"
..\Data\Rest Ungelabelt\a28abd0b7711440cad272af6ea9682bc.png,Query,0.16917167603969574,"['Query', 'Data Store Object', 'Composite Provider', 'Data Mart', 'Transformationen']","[0.16917167603969574, 0.07114527374505997, 0.07094676047563553, 0.06971555948257446, 0.06896178424358368]"
..\Data\Rest Ungelabelt\a299854729d348aca6af1b453bcda1f0.png,Excel,0.184663787484169,"['Excel', 'Bewegungsdaten', 'Datenvorschau', 'Composite Provider', 'DTP']","[0.184663787484169, 0.06795050948858261, 0.06794524192810059, 0.06794477254152298, 0.0679442435503006]"
..\Data\Rest Ungelabelt\a29b96dfc1b644dda85b4c092cd1701c.png,Bewegungsdaten,0.0896182507276535,"['Bewegungsdaten', 'Excel', 'BW4Cockpit (Stammdaten)', 'Composite Provider', 'Data Flow Object']","[0.0896182507276535, 0.08101223409175873, 0.07847105711698532, 0.07712992280721664, 0.07702633738517761]"
..\Data\Rest Ungelabelt\a2ac1624709a490489d69eea1d3cdc9e.png,Data Store Object,0.13521939516067505,"['Data Store Object', 'Data Mart', 'Query', 'Composite Provider', 'Datenvorschau']","[0.13521939516067505, 0.08612194657325745, 0.07464002817869186, 0.07219883054494858, 0.07204119861125946]"
..\Data\Rest Ungelabelt\a2b89a8a210a41428236c205cab37ec0.png,Composite Provider,0.13906410336494446,"['Composite Provider', 'Datenvorschau', 'Data Flow Object', 'Data Source', 'Data Store Object']","[0.13906410336494446, 0.08311309665441513, 0.0731765478849411, 0.0726950466632843, 0.07192058861255646]"
..\Data\Rest Ungelabelt\a2e13b0b4e304668b268e39c7b929de0.png,DTP,0.1842241734266281,"['DTP', 'ABAP Dictionary', 'Bewegungsdaten', 'BW4Cockpit (Stammdaten)', 'Data Source']","[0.1842241734266281, 0.06813638657331467, 0.06797979027032852, 0.06797047704458237, 0.06796608120203018]"
..\Data\Rest Ungelabelt\a2e588b0a4314c4cb95240f5bbd27d30.jpeg,Composite Provider,0.11343251913785934,"['Composite Provider', 'Transformationen', 'Datenvorschau', 'Data Source', 'Bewegungsdaten']","[0.11343251913785934, 0.08670345693826675, 0.08013174682855606, 0.07895224541425705, 0.0724392831325531]"
..\Data\Rest Ungelabelt\a30ccf3e122347abad81fa5ed9965650.png,Data Flow Object,0.1311083287000656,"['Data Flow Object', 'Composite Provider', 'DTP', 'Data Store Object', 'Transformationen']","[0.1311083287000656, 0.10082636028528214, 0.06992874294519424, 0.06982128322124481, 0.06982012838125229]"
..\Data\Rest Ungelabelt\a3171f0831fc46f0873e56258376746a.png,Query,0.18355931341648102,"['Query', 'Transformationen', 'Composite Provider', 'Data Source', 'Data Mart']","[0.18355931341648102, 0.06814535707235336, 0.06809506565332413, 0.06805875152349472, 0.06805501133203506]"
..\Data\Rest Ungelabelt\a31e8b2cc6c1459eaa0029c9e21bd781.png,Data Source,0.171431303024292,"['Data Source', 'Datenvorschau', 'Data Store Object', 'Data Mart', 'DTP']","[0.171431303024292, 0.07148062437772751, 0.07128933817148209, 0.06861383467912674, 0.0685921311378479]"
..\Data\Rest Ungelabelt\a33e91bfbb414d9e942c707b5a3d9853.jpeg,Data Store Object,0.11128690093755722,"['Data Store Object', 'Composite Provider', 'Datenvorschau', 'DTP', 'Data Mart']","[0.11128690093755722, 0.1037488579750061, 0.07585670053958893, 0.07245784997940063, 0.07173440605401993]"
..\Data\Rest Ungelabelt\a34e872bef7d453780430abf15b14dd0.png,Data Store Object,0.1843189299106598,"['Data Store Object', 'Composite Provider', 'DTP', 'Data Mart', 'Data Source']","[0.1843189299106598, 0.06808273494243622, 0.06797218322753906, 0.0679674819111824, 0.06796643882989883]"
..\Data\Rest Ungelabelt\a37e60c63d8b4340b240f209f6841c95.png,Transformationen,0.10766393691301346,"['Transformationen', 'Datenvorschau', 'Data Source', 'Excel', 'Data Flow Object']","[0.10766393691301346, 0.09117741882801056, 0.08118075877428055, 0.07587221264839172, 0.07344628125429153]"
..\Data\Rest Ungelabelt\a3849b3ba1ca483d97d5c716343bbb56.jpeg,ABAP Dictionary,0.11960956454277039,"['ABAP Dictionary', 'Datenvorschau', 'Data Source', 'Bewegungsdaten', 'BW4Cockpit (Stammdaten)']","[0.11960956454277039, 0.09214887768030167, 0.07871027290821075, 0.07386269420385361, 0.07119915634393692]"
..\Data\Rest Ungelabelt\a39161994fe84c729d18973f165f28b7.jpeg,Query,0.15567563474178314,"['Query', 'Composite Provider', 'Datenvorschau', 'Data Store Object', 'Transformationen']","[0.15567563474178314, 0.07434966415166855, 0.0723491981625557, 0.07163454592227936, 0.07055392861366272]"
..\Data\Rest Ungelabelt\a39f71dbb0cf465fa2ddb731e4640247.png,Query,0.10217633098363876,"['Query', 'Data Store Object', 'Data Source', 'Data Mart', 'Datenvorschau']","[0.10217633098363876, 0.09685171395540237, 0.09083323180675507, 0.07204975187778473, 0.07183470577001572]"
..\Data\Rest Ungelabelt\a3ab776179a24859882a473a74c3a283.png,Excel,0.1846858710050583,"['Excel', 'BW4Cockpit (Stammdaten)', 'Bewegungsdaten', 'Datenvorschau', 'Data Store Object']","[0.1846858710050583, 0.06794298440217972, 0.06794294714927673, 0.06794290989637375, 0.06794285029172897]"
..\Data\Rest Ungelabelt\a3b905bdf8b941629891c651488c6ffa.png,Data Store Object,0.17795339226722717,"['Data Store Object', 'Datenvorschau', 'Composite Provider', 'Bewegungsdaten', 'DTP']","[0.17795339226722717, 0.06973610073328018, 0.06893085688352585, 0.06845947355031967, 0.06845813244581223]"
..\Data\Rest Ungelabelt\a3e798afd9d74dc6ae3cdbef7a020e39.png,BW4Cockpit (Stammdaten),0.18457961082458496,"['BW4Cockpit (Stammdaten)', 'Excel', 'Data Store Object', 'DTP', 'Query']","[0.18457961082458496, 0.06796036660671234, 0.0679597482085228, 0.06795822829008102, 0.06795446574687958]"
..\Data\Rest Ungelabelt\a462d1dafc6d437384f445c66a38c1f9.png,Data Flow Object,0.179289773106575,"['Data Flow Object', 'Composite Provider', 'DTP', 'Transformationen', 'ABAP Dictionary']","[0.179289773106575, 0.07005168497562408, 0.06845925748348236, 0.06829186528921127, 0.06825781613588333]"
..\Data\Rest Ungelabelt\a468149c15504026a1839cf061ba2b17.jpeg,DTP,0.18400371074676514,"['DTP', 'Bewegungsdaten', 'Query', 'ABAP Dictionary', 'Data Source']","[0.18400371074676514, 0.06808828562498093, 0.06802396476268768, 0.06801806390285492, 0.0679934173822403]"
..\Data\Rest Ungelabelt\a4d6929749b04be1924989d610ec784c.png,BW4Cockpit (Stammdaten),0.18321895599365234,"['BW4Cockpit (Stammdaten)', 'Query', 'Excel', 'DTP', 'Datenvorschau']","[0.18321895599365234, 0.06847212463617325, 0.06808016449213028, 0.06804124265909195, 0.06803683936595917]"
..\Data\Rest Ungelabelt\a4dc6e99ee65462581a75aa306cd5ebe.png,Data Flow Object,0.1834956854581833,"['Data Flow Object', 'Composite Provider', 'Transformationen', 'ABAP Dictionary', 'Excel']","[0.1834956854581833, 0.06849782168865204, 0.0680011436343193, 0.06800076365470886, 0.06800070405006409]"
..\Data\Rest Ungelabelt\a4e7501d1e9f43f7a784eaf87b4255da.png,Datenvorschau,0.13228720426559448,"['Datenvorschau', 'Data Store Object', 'Composite Provider', 'DTP', 'Data Mart']","[0.13228720426559448, 0.08363839983940125, 0.07841893285512924, 0.07408306747674942, 0.07027232646942139]"
..\Data\Rest Ungelabelt\a50d3827bc5d4463920ec5c9ce9b725c.png,Composite Provider,0.08843807876110077,"['Composite Provider', 'Query', 'Data Store Object', 'Data Source', 'Data Mart']","[0.08843807876110077, 0.08798789978027344, 0.08648410439491272, 0.08596701920032501, 0.07428155094385147]"
..\Data\Rest Ungelabelt\a51de9955e79462893de2c68afaf8bab.png,Data Flow Object,0.18465064465999603,"['Data Flow Object', 'Composite Provider', 'Data Store Object', 'Excel', 'Transformationen']","[0.18465064465999603, 0.06795387715101242, 0.06794567406177521, 0.06794567406177521, 0.06794525682926178]"
..\Data\Rest Ungelabelt\a5aeb8078dfb4bfb9999e68c4658448f.png,Excel,0.181733638048172,"['Excel', 'Bewegungsdaten', 'ABAP Dictionary', 'Transformationen', 'Data Source']","[0.181733638048172, 0.06868206709623337, 0.06862736493349075, 0.06813996285200119, 0.06810393184423447]"
..\Data\Rest Ungelabelt\a5b1a91c2287480382eeeb6393640572.png,Excel,0.18467257916927338,"['Excel', 'Bewegungsdaten', 'Composite Provider', 'Datenvorschau', 'Data Store Object']","[0.18467257916927338, 0.06794614344835281, 0.06794465333223343, 0.06794425845146179, 0.06794387847185135]"
..\Data\Rest Ungelabelt\a5c7626587c547b49ad8d5e71308ca92.png,Data Source,0.10585791617631912,"['Data Source', 'Query', 'Data Store Object', 'Data Mart', 'Datenvorschau']","[0.10585791617631912, 0.09515867382287979, 0.08819755911827087, 0.07510363310575485, 0.07090557366609573]"
..\Data\Rest Ungelabelt\a5dfc32b9be042399b554df1d614850a.png,Composite Provider,0.1009940505027771,"['Composite Provider', 'Data Store Object', 'Query', 'DTP', 'Data Source']","[0.1009940505027771, 0.09435299783945084, 0.09239397943019867, 0.07283308357000351, 0.07233965396881104]"
..\Data\Rest Ungelabelt\a5efb6b8fd104587ab662cf23693af2d.png,Datenvorschau,0.17521463334560394,"['Datenvorschau', 'Data Source', 'Data Store Object', 'Data Flow Object', 'Query']","[0.17521463334560394, 0.07226665318012238, 0.06858989596366882, 0.06840287148952484, 0.06840168684720993]"
..\Data\Rest Ungelabelt\a5fb0121236f4a73a498849bda7f4513.png,Data Source,0.13927221298217773,"['Data Source', 'Query', 'Data Store Object', 'Datenvorschau', 'DTP']","[0.13927221298217773, 0.09263744205236435, 0.07014249265193939, 0.07010891288518906, 0.06995974481105804]"
..\Data\Rest Ungelabelt\a61f434e5e604827b0a8502e1e334ae7.png,Data Flow Object,0.169083371758461,"['Data Flow Object', 'Composite Provider', 'DTP', 'Datenvorschau', 'Excel']","[0.169083371758461, 0.07480869442224503, 0.06912371516227722, 0.06877465546131134, 0.06875357776880264]"
..\Data\Rest Ungelabelt\a6610161075c4e529b9197d882f2d423.png,Composite Provider,0.15020371973514557,"['Composite Provider', 'Transformationen', 'Datenvorschau', 'Data Source', 'Excel']","[0.15020371973514557, 0.07688319683074951, 0.0753188207745552, 0.07036782056093216, 0.07024135440587997]"
..\Data\Rest Ungelabelt\a681e285b47d4de788e0ee4e900bfb21.jpeg,Excel,0.18462224304676056,"['Excel', 'Bewegungsdaten', 'Transformationen', 'Composite Provider', 'Data Flow Object']","[0.18462224304676056, 0.06796780973672867, 0.0679493322968483, 0.0679466649889946, 0.0679461658000946]"
..\Data\Rest Ungelabelt\a68b0690e31c4ebb96efe2d7725ded40.png,Query,0.14961501955986023,"['Query', 'Data Store Object', 'BW4Cockpit (Stammdaten)', 'Data Mart', 'Composite Provider']","[0.14961501955986023, 0.07843008637428284, 0.07229428738355637, 0.07173489779233932, 0.07081667333841324]"
..\Data\Rest Ungelabelt\a6967862151a480391e9ef8cce1315af.png,Data Store Object,0.13824895024299622,"['Data Store Object', 'Data Mart', 'Data Source', 'DTP', 'Datenvorschau']","[0.13824895024299622, 0.08176557719707489, 0.08096381276845932, 0.07007145881652832, 0.07005991786718369]"
..\Data\Rest Ungelabelt\a69974255d414336ad4fd110407c1cb7.png,Query,0.15013088285923004,"['Query', 'BW4Cockpit (Stammdaten)', 'Data Store Object', 'Data Mart', 'Data Source']","[0.15013088285923004, 0.08220142871141434, 0.07132279127836227, 0.07017844915390015, 0.07005949318408966]"
..\Data\Rest Ungelabelt\a6aa53cb04d246879428da9b26ee4e57.png,Query,0.18467719852924347,"['Query', 'Data Store Object', 'Data Source', 'BW4Cockpit (Stammdaten)', 'Data Mart']","[0.18467719852924347, 0.06794463098049164, 0.06794418394565582, 0.06794381141662598, 0.06794357299804688]"
..\Data\Rest Ungelabelt\a6adb363caa242639fa404bee474281e.png,Transformationen,0.17506034672260284,"['Transformationen', 'Composite Provider', 'Data Flow Object', 'Excel', 'DTP']","[0.17506034672260284, 0.07150648534297943, 0.06891379505395889, 0.06868405640125275, 0.06851779669523239]"
..\Data\Rest Ungelabelt\a6cd3f9564624893bbb6661973954d7d.png,DTP,0.10369064658880234,"['DTP', 'BW4Cockpit (Stammdaten)', 'ABAP Dictionary', 'Data Store Object', 'Data Source']","[0.10369064658880234, 0.09359251707792282, 0.08832618594169617, 0.07434581965208054, 0.07200542837381363]"
..\Data\Rest Ungelabelt\a6d8d2fcbeb94cc688e8b3d226918b62.png,Data Flow Object,0.10514375567436218,"['Data Flow Object', 'Data Source', 'Datenvorschau', 'DTP', 'Composite Provider']","[0.10514375567436218, 0.09335841238498688, 0.08083020895719528, 0.08018448948860168, 0.07244553416967392]"
..\Data\Rest Ungelabelt\a6f34dd484794bc0a93d54f1d6a0df90.jpeg,Data Flow Object,0.1633823812007904,"['Data Flow Object', 'Datenvorschau', 'Composite Provider', 'Bewegungsdaten', 'ABAP Dictionary']","[0.1633823812007904, 0.07707424461841583, 0.06943681836128235, 0.06939256191253662, 0.06917976588010788]"
..\Data\Rest Ungelabelt\a717723cbe0646cebaaefe175eb2f007.jpeg,ABAP Dictionary,0.1843191385269165,"['ABAP Dictionary', 'DTP', 'Bewegungsdaten', 'Datenvorschau', 'Data Source']","[0.1843191385269165, 0.06803104281425476, 0.06800960749387741, 0.06797697395086288, 0.06796795129776001]"
..\Data\Rest Ungelabelt\a7588d61b09f4481a4eebc8fd9fe9624.png,Data Source,0.13513337075710297,"['Data Source', 'Data Store Object', 'Datenvorschau', 'Query', 'BW4Cockpit (Stammdaten)']","[0.13513337075710297, 0.08737188577651978, 0.07454370707273483, 0.07130203396081924, 0.07126855105161667]"
..\Data\Rest Ungelabelt\a76057b538d5439ba05b7015b2c9ea1c.png,Excel,0.18460169434547424,"['Excel', 'Bewegungsdaten', 'ABAP Dictionary', 'BW4Cockpit (Stammdaten)', 'Composite Provider']","[0.18460169434547424, 0.06798259168863297, 0.06794688105583191, 0.06794688105583191, 0.06794688105583191]"
..\Data\Rest Ungelabelt\a761d9ca7f214d668ec805c2b37118c3.jpeg,Transformationen,0.10357970744371414,"['Transformationen', 'Data Flow Object', 'Datenvorschau', 'Composite Provider', 'BW4Cockpit (Stammdaten)']","[0.10357970744371414, 0.10081499814987183, 0.07546287775039673, 0.07527123391628265, 0.07271921634674072]"
..\Data\Rest Ungelabelt\a76be1d8382a429f897a1f9494a07cc4.jpeg,Bewegungsdaten,0.1682811826467514,"['Bewegungsdaten', 'Datenvorschau', 'ABAP Dictionary', 'BW4Cockpit (Stammdaten)', 'Data Source']","[0.1682811826467514, 0.0738448053598404, 0.0704583078622818, 0.0689389556646347, 0.06884556263685226]"
..\Data\Rest Ungelabelt\a7965b89e6174430bedb382456f49a2a.jpeg,Excel,0.1846570074558258,"['Excel', 'Bewegungsdaten', 'Data Flow Object', 'Composite Provider', 'Datenvorschau']","[0.1846570074558258, 0.06794863194227219, 0.06794627010822296, 0.06794587522745132, 0.06794556975364685]"
..\Data\Rest Ungelabelt\a7c067cfb59f4f80970c31b49f875f10.jpeg,Datenvorschau,0.13516581058502197,"['Datenvorschau', 'Data Source', 'BW4Cockpit (Stammdaten)', 'Transformationen', 'DTP']","[0.13516581058502197, 0.08265937119722366, 0.0746842473745346, 0.07310474663972855, 0.07089932262897491]"
..\Data\Rest Ungelabelt\a7dd1fca39084ccf82a623fc381c2708.png,Data Store Object,0.1591521054506302,"['Data Store Object', 'Data Source', 'Datenvorschau', 'BW4Cockpit (Stammdaten)', 'DTP']","[0.1591521054506302, 0.07364790141582489, 0.07094144821166992, 0.0703437477350235, 0.06999228894710541]"
..\Data\Rest Ungelabelt\a8023c49291e48e2ad2d6476269b017c.jpeg,Bewegungsdaten,0.10284397751092911,"['Bewegungsdaten', 'BW4Cockpit (Stammdaten)', 'ABAP Dictionary', 'Data Store Object', 'DTP']","[0.10284397751092911, 0.09788014739751816, 0.09117423743009567, 0.07207980006933212, 0.0713733658194542]"
..\Data\Rest Ungelabelt\a804535d32c940e9b68f6bc101037768.png,Transformationen,0.12790334224700928,"['Transformationen', 'Datenvorschau', 'Data Source', 'Query', 'Composite Provider']","[0.12790334224700928, 0.0891922265291214, 0.07690077275037766, 0.07156431674957275, 0.07140972465276718]"
..\Data\Rest Ungelabelt\a80aec282a0c44f1bdee80af5ecc9587.png,Datenvorschau,0.09530976414680481,"['Datenvorschau', 'Data Flow Object', 'Transformationen', 'BW4Cockpit (Stammdaten)', 'Composite Provider']","[0.09530976414680481, 0.083750881254673, 0.07915844023227692, 0.07855649292469025, 0.0781458169221878]"
..\Data\Rest Ungelabelt\a8361d83a07b4732aadf6e1d26d77403.jpeg,Data Store Object,0.1718171089887619,"['Data Store Object', 'Query', 'Composite Provider', 'Data Mart', 'BW4Cockpit (Stammdaten)']","[0.1718171089887619, 0.07286772131919861, 0.06916942447423935, 0.0688602402806282, 0.06872090697288513]"
..\Data\Rest Ungelabelt\a83972a179aa440a9e72b35a7907bc2f.jpeg,Data Store Object,0.17957429587841034,"['Data Store Object', 'Composite Provider', 'Data Mart', 'Datenvorschau', 'Data Source']","[0.17957429587841034, 0.06955283880233765, 0.06853334605693817, 0.06836899369955063, 0.06833475083112717]"
..\Data\Rest Ungelabelt\a844ac58a7604ab4bdbab1b6da3dc18e.jpeg,Data Flow Object,0.12709744274616241,"['Data Flow Object', 'Composite Provider', 'Query', 'DTP', 'Transformationen']","[0.12709744274616241, 0.09695836156606674, 0.07186739146709442, 0.07091411203145981, 0.07088148593902588]"
..\Data\Rest Ungelabelt\a8825804d98d43b3b490a9a8ce4bdb60.jpeg,Bewegungsdaten,0.09854758530855179,"['Bewegungsdaten', 'Excel', 'BW4Cockpit (Stammdaten)', 'Datenvorschau', 'Composite Provider']","[0.09854758530855179, 0.08579688519239426, 0.08239693939685822, 0.07620470225811005, 0.07543113082647324]"
..\Data\Rest Ungelabelt\a893c19efad8434bb00c2b9664897537.png,Data Store Object,0.18402057886123657,"['Data Store Object', 'DTP', 'Data Source', 'Query', 'BW4Cockpit (Stammdaten)']","[0.18402057886123657, 0.06804698705673218, 0.06803203374147415, 0.06802493333816528, 0.06801940500736237]"
..\Data\Rest Ungelabelt\a8d0698fc19248998e12ccf3420b8de4.jpeg,Data Flow Object,0.15126372873783112,"['Data Flow Object', 'Composite Provider', 'Transformationen', 'DTP', 'Data Store Object']","[0.15126372873783112, 0.08630309253931046, 0.06931870430707932, 0.06931635737419128, 0.06931199878454208]"
..\Data\Rest Ungelabelt\a8d63fe78e174dc1b084dc5ff4dba307.png,Data Source,0.1840587705373764,"['Data Source', 'Datenvorschau', 'Data Store Object', 'Data Mart', 'Data Flow Object']","[0.1840587705373764, 0.06820255517959595, 0.06799804419279099, 0.0679795891046524, 0.06797375530004501]"
..\Data\Rest Ungelabelt\a8efe4c06f6646d0901290afe799e702.png,Query,0.17606663703918457,"['Query', 'Data Store Object', 'Transformationen', 'Composite Provider', 'DTP']","[0.17606663703918457, 0.07121399790048599, 0.06852410733699799, 0.06851743906736374, 0.06849699467420578]"
..\Data\Rest Ungelabelt\a931ef992f2f451f8cb7d2216f372bd4.jpeg,Data Source,0.09161749482154846,"['Data Source', 'Bewegungsdaten', 'BW4Cockpit (Stammdaten)', 'Data Store Object', 'Datenvorschau']","[0.09161749482154846, 0.08826388418674469, 0.08237463980913162, 0.07797926664352417, 0.07640053331851959]"
..\Data\Rest Ungelabelt\a9431374d45c414788a3c1108ecda8e6.png,Query,0.18468733131885529,"['Query', 'BW4Cockpit (Stammdaten)', 'Data Flow Object', 'Composite Provider', 'Data Mart']","[0.18468733131885529, 0.06794272363185883, 0.06794272363185883, 0.06794271618127823, 0.06794271618127823]"
..\Data\Rest Ungelabelt\a94faa41d98c4a2fb7d92f1a22ede305.png,Data Flow Object,0.1840880662202835,"['Data Flow Object', 'Composite Provider', 'DTP', 'ABAP Dictionary', 'BW4Cockpit (Stammdaten)']","[0.1840880662202835, 0.0682222917675972, 0.06797180324792862, 0.06797179579734802, 0.06797179579734802]"
..\Data\Rest Ungelabelt\a96729f1b5b7429db19f431aeed845f0.jpeg,Datenvorschau,0.09962038695812225,"['Datenvorschau', 'Query', 'Data Mart', 'Data Store Object', 'Data Source']","[0.09962038695812225, 0.0910179540514946, 0.0846075713634491, 0.08282472938299179, 0.07260724902153015]"
..\Data\Rest Ungelabelt\a96c570309ca4dac990384d8be04c352.png,ABAP Dictionary,0.11155357211828232,"['ABAP Dictionary', 'Bewegungsdaten', 'BW4Cockpit (Stammdaten)', 'DTP', 'Data Store Object']","[0.11155357211828232, 0.09634079784154892, 0.07894318550825119, 0.07439284026622772, 0.07255852222442627]"
..\Data\Rest Ungelabelt\a96c7f0c1c3a49e382a1f7cbc62c5a5d.png,Datenvorschau,0.12885671854019165,"['Datenvorschau', 'Data Store Object', 'Composite Provider', 'Data Mart', 'Data Source']","[0.12885671854019165, 0.08856740593910217, 0.07704984396696091, 0.07222160696983337, 0.0713442862033844]"
..\Data\Rest Ungelabelt\a99cd9ba6c95435aa335eff91c8357ca.png,Data Flow Object,0.13458533585071564,"['Data Flow Object', 'DTP', 'Composite Provider', 'Datenvorschau', 'Data Store Object']","[0.13458533585071564, 0.07890057563781738, 0.07814860343933105, 0.0721796452999115, 0.07167793810367584]"
..\Data\Rest Ungelabelt\a99cdc01e5df4e5a8b02dd2497a58611.jpeg,Composite Provider,0.12637847661972046,"['Composite Provider', 'Data Flow Object', 'Data Store Object', 'Datenvorschau', 'DTP']","[0.12637847661972046, 0.10086166113615036, 0.07167678326368332, 0.07055474817752838, 0.07020781934261322]"
..\Data\Rest Ungelabelt\a99d3c54b0cc46fda4707241d93f6529.png,Data Mart,0.0902974009513855,"['Data Mart', 'Transformationen', 'Query', 'Datenvorschau', 'Data Source']","[0.0902974009513855, 0.08873756229877472, 0.0840899795293808, 0.07803782820701599, 0.0779278352856636]"
..\Data\Rest Ungelabelt\a9d72be9e3754506b958d92f43af872b.png,Data Flow Object,0.17607027292251587,"['Data Flow Object', 'Composite Provider', 'ABAP Dictionary', 'Excel', 'DTP']","[0.17607027292251587, 0.07144801318645477, 0.06851942092180252, 0.06849446147680283, 0.06845085322856903]"
..\Data\Rest Ungelabelt\a9e9bc5743e2469c9aee89455da54e3b.jpeg,Data Store Object,0.126080721616745,"['Data Store Object', 'Datenvorschau', 'Data Mart', 'Composite Provider', 'Data Source']","[0.126080721616745, 0.09028127789497375, 0.07796459645032883, 0.07209604978561401, 0.07157335430383682]"
..\Data\Rest Ungelabelt\aa036e07a9e345c3ac43e31efd02bd14.jpeg,Query,0.12652699649333954,"['Query', 'Data Store Object', 'Data Source', 'Transformationen', 'ABAP Dictionary']","[0.12652699649333954, 0.0917358249425888, 0.07824039459228516, 0.07093462347984314, 0.07063501328229904]"
..\Data\Rest Ungelabelt\aa038a955d4649bd999ce48d443bdb52.jpeg,Data Flow Object,0.10944720357656479,"['Data Flow Object', 'Composite Provider', 'Bewegungsdaten', 'ABAP Dictionary', 'Excel']","[0.10944720357656479, 0.09024771302938461, 0.07805339246988297, 0.07640429586172104, 0.07324228435754776]"
..\Data\Rest Ungelabelt\aa06613c3a7642aca7c349e8a7643289.jpeg,Transformationen,0.18463127315044403,"['Transformationen', 'Data Source', 'ABAP Dictionary', 'Data Flow Object', 'Composite Provider']","[0.18463127315044403, 0.06795960664749146, 0.06795103847980499, 0.06794648617506027, 0.06794629245996475]"
..\Data\Rest Ungelabelt\aa3688a8224c44ac9f943cddcf812a08.png,Data Store Object,0.176010400056839,"['Data Store Object', 'Query', 'BW4Cockpit (Stammdaten)', 'Data Source', 'DTP']","[0.176010400056839, 0.07038427144289017, 0.06935957819223404, 0.06865641474723816, 0.06861976534128189]"
..\Data\Rest Ungelabelt\aa3b7a86e424493fbe45f89f49451cd9.png,Excel,0.1846655011177063,"['Excel', 'Bewegungsdaten', 'Composite Provider', 'Transformationen', 'Data Store Object']","[0.1846655011177063, 0.06794774532318115, 0.06794502586126328, 0.06794489175081253, 0.06794461607933044]"
..\Data\Rest Ungelabelt\aa52e68f1f0c49f197160ddb11a03ea7.png,Datenvorschau,0.13475270569324493,"['Datenvorschau', 'Data Source', 'Query', 'Data Store Object', 'Composite Provider']","[0.13475270569324493, 0.07832922041416168, 0.07695513218641281, 0.07565612345933914, 0.07201851904392242]"
..\Data\Rest Ungelabelt\aa7a1c6e90e44073a793b0dfac1a5611.jpeg,Bewegungsdaten,0.10833437740802765,"['Bewegungsdaten', 'Datenvorschau', 'Data Store Object', 'Composite Provider', 'Data Mart']","[0.10833437740802765, 0.09473331272602081, 0.08555880934000015, 0.0736977681517601, 0.07200613617897034]"
..\Data\Rest Ungelabelt\aa8340cc01084868af394feaad0d6297.png,Data Store Object,0.09596604853868484,"['Data Store Object', 'Data Source', 'Datenvorschau', 'DTP', 'BW4Cockpit (Stammdaten)']","[0.09596604853868484, 0.0897112637758255, 0.08227696269750595, 0.07830314338207245, 0.07689643651247025]"
..\Data\Rest Ungelabelt\aa84024bc8a54082b3e5a05ee3bb2bd0.png,Data Store Object,0.11925092339515686,"['Data Store Object', 'Composite Provider', 'Transformationen', 'Datenvorschau', 'DTP']","[0.11925092339515686, 0.08403296023607254, 0.0788872167468071, 0.07522405683994293, 0.07489332556724548]"
..\Data\Rest Ungelabelt\aa980227a0a944b491baf33e0da82547.jpeg,Composite Provider,0.10055771470069885,"['Composite Provider', 'Data Source', 'Datenvorschau', 'Data Mart', 'Transformationen']","[0.10055771470069885, 0.0874844565987587, 0.08223409950733185, 0.0785328671336174, 0.07781010121107101]"
..\Data\Rest Ungelabelt\aa9ce48247cf44c2b0da2db205c85dc1.jpeg,Excel,0.1846076250076294,"['Excel', 'Datenvorschau', 'Bewegungsdaten', 'BW4Cockpit (Stammdaten)', 'Composite Provider']","[0.1846076250076294, 0.06795921176671982, 0.06795532256364822, 0.06795227527618408, 0.06795080751180649]"
..\Data\Rest Ungelabelt\aaaff4677a914ca388160e0958e6adb8.png,Data Flow Object,0.18277081847190857,"['Data Flow Object', 'Composite Provider', 'Query', 'Transformationen', 'Data Store Object']","[0.18277081847190857, 0.06881629675626755, 0.06804431974887848, 0.06804157048463821, 0.06803807616233826]"
..\Data\Rest Ungelabelt\aabbd00c9fee45fab7e9e99b447a2b8d.png,Data Store Object,0.13567744195461273,"['Data Store Object', 'Data Source', 'Data Mart', 'Datenvorschau', 'Query']","[0.13567744195461273, 0.09013441950082779, 0.07523900270462036, 0.07010351121425629, 0.07002011686563492]"
..\Data\Rest Ungelabelt\aad8d9169f034f678c81ec3860758613.jpeg,Excel,0.1843315064907074,"['Excel', 'Bewegungsdaten', 'Data Flow Object', 'Transformationen', 'Composite Provider']","[0.1843315064907074, 0.06806755065917969, 0.06797408312559128, 0.06797127425670624, 0.0679670199751854]"
..\Data\Rest Ungelabelt\ab058bfd59ce458aaa116a54c46beef5.jpeg,Datenvorschau,0.11966483294963837,"['Datenvorschau', 'Data Source', 'Composite Provider', 'Data Flow Object', 'Transformationen']","[0.11966483294963837, 0.08933863788843155, 0.08265554904937744, 0.07241687178611755, 0.07107766717672348]"
..\Data\Rest Ungelabelt\ab1aad4d3c34463d9d6bddf3c28f4577.jpeg,Composite Provider,0.10188201069831848,"['Composite Provider', 'Data Store Object', 'DTP', 'Datenvorschau', 'Transformationen']","[0.10188201069831848, 0.0813198909163475, 0.08103490620851517, 0.07913662493228912, 0.07819578051567078]"
..\Data\Rest Ungelabelt\ab1fccfa675d47fcb796a573989a990a.png,Data Store Object,0.10164342820644379,"['Data Store Object', 'Data Source', 'Query', 'Data Mart', 'Datenvorschau']","[0.10164342820644379, 0.09282270818948746, 0.07814784348011017, 0.07484359294176102, 0.07469521462917328]"
..\Data\Rest Ungelabelt\ab495f5fa31b4cbe986a4939de24f81f.png,Data Flow Object,0.1846708357334137,"['Data Flow Object', 'Composite Provider', 'Transformationen', 'ABAP Dictionary', 'BW4Cockpit (Stammdaten)']","[0.1846708357334137, 0.06794952601194382, 0.06794437021017075, 0.0679435282945633, 0.0679435282945633]"
..\Data\Rest Ungelabelt\ab4fdbcc120d477f8b1f72570891b217.png,Composite Provider,0.10327107459306717,"['Composite Provider', 'Data Store Object', 'Excel', 'Datenvorschau', 'Bewegungsdaten']","[0.10327107459306717, 0.08863651752471924, 0.08171666413545609, 0.08045496046543121, 0.07877171784639359]"
..\Data\Rest Ungelabelt\ab737d0d6a81495db2f4c36dcae77873.png,Query,0.1828261911869049,"['Query', 'Composite Provider', 'Data Flow Object', 'Datenvorschau', 'Data Store Object']","[0.1828261911869049, 0.06854461878538132, 0.06819511204957962, 0.06806249171495438, 0.06804916262626648]"
..\Data\Rest Ungelabelt\abb441e3a7574943961c6e2861f3f735.png,Data Store Object,0.14922863245010376,"['Data Store Object', 'Data Mart', 'Data Source', 'Datenvorschau', 'Query']","[0.14922863245010376, 0.07663197815418243, 0.07525284588336945, 0.0717867836356163, 0.07051867991685867]"
..\Data\Rest Ungelabelt\abce8371adda4102b957350f9db0acce.png,Data Source,0.1599825769662857,"['Data Source', 'Datenvorschau', 'DTP', 'Data Store Object', 'Bewegungsdaten']","[0.1599825769662857, 0.07924245297908783, 0.0702565461397171, 0.06917525082826614, 0.06905917823314667]"
..\Data\Rest Ungelabelt\abea37f83fae4bd6bc764d8d59419e0c.png,Transformationen,0.12905244529247284,"['Transformationen', 'Data Source', 'Query', 'Datenvorschau', 'Data Mart']","[0.12905244529247284, 0.0781945213675499, 0.07790376245975494, 0.07490793615579605, 0.07295794039964676]"
..\Data\Rest Ungelabelt\abf1af53f14a4b16adb58253c7e4857b.jpeg,Data Store Object,0.16028998792171478,"['Data Store Object', 'Composite Provider', 'Datenvorschau', 'DTP', 'ABAP Dictionary']","[0.16028998792171478, 0.07442575693130493, 0.07365845143795013, 0.06948133558034897, 0.06941575556993484]"
..\Data\Rest Ungelabelt\abf466a04e0c4c489ce82930551c3b47.png,Transformationen,0.1846587061882019,"['Transformationen', 'Composite Provider', 'Data Source', 'Datenvorschau', 'Excel']","[0.1846587061882019, 0.06795492023229599, 0.06794456392526627, 0.06794434785842896, 0.06794431805610657]"
..\Data\Rest Ungelabelt\ac1b87463ebd43c0ad70225631af23f5.png,BW4Cockpit (Stammdaten),0.18408900499343872,"['BW4Cockpit (Stammdaten)', 'Query', 'Excel', 'Data Store Object', 'Datenvorschau']","[0.18408900499343872, 0.06814981251955032, 0.06800125539302826, 0.06798835098743439, 0.06797914952039719]"
..\Data\Rest Ungelabelt\ac35261a3cf647058542b9f5c77fb4f3.png,Excel,0.18459798395633698,"['Excel', 'ABAP Dictionary', 'Transformationen', 'Data Flow Object', 'Bewegungsdaten']","[0.18459798395633698, 0.06796383112668991, 0.06795293092727661, 0.06795245409011841, 0.06795039772987366]"
..\Data\Rest Ungelabelt\ac8474d5f5d243a8b2ce2c230089fe7d.png,ABAP Dictionary,0.14821095764636993,"['ABAP Dictionary', 'Data Store Object', 'DTP', 'Query', 'BW4Cockpit (Stammdaten)']","[0.14821095764636993, 0.0797533169388771, 0.0730254203081131, 0.07121974229812622, 0.07098623365163803]"
..\Data\Rest Ungelabelt\ac97abc6385b4948b4f70db81b3712d7.jpeg,Query,0.14606530964374542,"['Query', 'Composite Provider', 'Data Store Object', 'Transformationen', 'Data Mart']","[0.14606530964374542, 0.08093869686126709, 0.07466274499893188, 0.0708199068903923, 0.07066706568002701]"
..\Data\Rest Ungelabelt\aca1d8b21b7a4bae8b4d54efc8fe40f9.png,DTP,0.16707119345664978,"['DTP', 'BW4Cockpit (Stammdaten)', 'ABAP Dictionary', 'Data Store Object', 'Bewegungsdaten']","[0.16707119345664978, 0.07308432459831238, 0.07080908119678497, 0.06962211430072784, 0.06913064420223236]"
..\Data\Rest Ungelabelt\acb40694c1bf4eaa9fe7ab96d9cfc2bd.png,Data Store Object,0.18420764803886414,"['Data Store Object', 'DTP', 'Data Source', 'BW4Cockpit (Stammdaten)', 'Data Mart']","[0.18420764803886414, 0.06805181503295898, 0.06799574941396713, 0.06799338757991791, 0.06798536330461502]"
..\Data\Rest Ungelabelt\accd05baaa79438a97bcff0a9a35bd40.png,Query,0.0995510071516037,"['Query', 'Composite Provider', 'Data Store Object', 'Data Source', 'DTP']","[0.0995510071516037, 0.0834604948759079, 0.08184918016195297, 0.08006696403026581, 0.07945545017719269]"
..\Data\Rest Ungelabelt\ad0014bb36804a78aeef002ddbca7389.jpeg,Composite Provider,0.10826454311609268,"['Composite Provider', 'Data Store Object', 'Data Flow Object', 'Datenvorschau', 'DTP']","[0.10826454311609268, 0.08900374919176102, 0.08196273446083069, 0.07945836335420609, 0.0731477439403534]"
..\Data\Rest Ungelabelt\ad1c203b467c4cffbde427573c5159dd.jpeg,Data Flow Object,0.12315931916236877,"['Data Flow Object', 'Datenvorschau', 'Data Store Object', 'Composite Provider', 'Bewegungsdaten']","[0.12315931916236877, 0.08994334191083908, 0.07620899379253387, 0.07494480162858963, 0.07208012044429779]"
..\Data\Rest Ungelabelt\ad241fd0350d4699b0990e2c875b634e.png,Data Store Object,0.14024266600608826,"['Data Store Object', 'Query', 'Data Source', 'Data Mart', 'Datenvorschau']","[0.14024266600608826, 0.08253039419651031, 0.07406999915838242, 0.07246619462966919, 0.07156552374362946]"
..\Data\Rest Ungelabelt\ad5f8687cb0e4871aecf53191e5b30f6.png,Data Source,0.10233290493488312,"['Data Source', 'Composite Provider', 'Transformationen', 'Datenvorschau', 'Data Mart']","[0.10233290493488312, 0.08546284586191177, 0.08424442261457443, 0.07579530775547028, 0.07384318858385086]"
..\Data\Rest Ungelabelt\adb414603e4f4d2b80de7d98749a80ec.jpeg,Data Store Object,0.16052547097206116,"['Data Store Object', 'Data Mart', 'Datenvorschau', 'Composite Provider', 'Query']","[0.16052547097206116, 0.07547799497842789, 0.0708494707942009, 0.07079454511404037, 0.06995991617441177]"
..\Data\Rest Ungelabelt\adbaac0f06bb4815ac4c14b138190c11.png,Data Store Object,0.12568609416484833,"['Data Store Object', 'Datenvorschau', 'Transformationen', 'Data Mart', 'Query']","[0.12568609416484833, 0.0803564265370369, 0.07610857486724854, 0.07530895620584488, 0.07269959151744843]"
..\Data\Rest Ungelabelt\adc793bbced040fa95556a61cb3c5487.png,BW4Cockpit (Stammdaten),0.18433044850826263,"['BW4Cockpit (Stammdaten)', 'Transformationen', 'Query', 'Excel', 'Data Store Object']","[0.18433044850826263, 0.068022221326828, 0.06800244003534317, 0.06798024475574493, 0.06797000020742416]"
..\Data\Rest Ungelabelt\adc7db7bb8dc453c854e51113894691d.jpeg,Composite Provider,0.12583759427070618,"['Composite Provider', 'Data Store Object', 'Datenvorschau', 'Query', 'Bewegungsdaten']","[0.12583759427070618, 0.0897424966096878, 0.07642332464456558, 0.07417021691799164, 0.0709318146109581]"
..\Data\Rest Ungelabelt\adf02db706c349dbaddaf7942167a09b.png,Datenvorschau,0.11786622554063797,"['Datenvorschau', 'Excel', 'Bewegungsdaten', 'Composite Provider', 'Data Store Object']","[0.11786622554063797, 0.09516662359237671, 0.07714807242155075, 0.07432597875595093, 0.07220001518726349]"
..\Data\Rest Ungelabelt\ae28713f13eb44a98e3d8b3a4e2744f0.png,Composite Provider,0.11655905842781067,"['Composite Provider', 'Transformationen', 'Data Flow Object', 'DTP', 'Datenvorschau']","[0.11655905842781067, 0.09433996677398682, 0.07507806271314621, 0.07344485074281693, 0.07307925820350647]"
..\Data\Rest Ungelabelt\ae379c0016d64800a88eec81c0d5237a.png,Transformationen,0.1844807267189026,"['Transformationen', 'ABAP Dictionary', 'Data Flow Object', 'Composite Provider', 'Datenvorschau']","[0.1844807267189026, 0.06800729036331177, 0.06796783208847046, 0.06796671450138092, 0.06795384734869003]"
..\Data\Rest Ungelabelt\ae3d8b97a85d4250b423b6f747c5e928.png,Data Store Object,0.1722286194562912,"['Data Store Object', 'Data Mart', 'Datenvorschau', 'Query', 'Data Source']","[0.1722286194562912, 0.07399015128612518, 0.06854863464832306, 0.06854138523340225, 0.0685286596417427]"
..\Data\Rest Ungelabelt\ae657ec2aba746b2b4e0adbf2ba0c178.png,Data Store Object,0.17869052290916443,"['Data Store Object', 'Transformationen', 'Query', 'DTP', 'Composite Provider']","[0.17869052290916443, 0.06925123929977417, 0.06863648444414139, 0.06862258911132812, 0.06849239021539688]"
..\Data\Rest Ungelabelt\ae995bd3615542eb8ff399b4fa6b91ca.png,Datenvorschau,0.1797921061515808,"['Datenvorschau', 'Data Store Object', 'Bewegungsdaten', 'Composite Provider', 'Data Source']","[0.1797921061515808, 0.06965916603803635, 0.06869366019964218, 0.06822662800550461, 0.06820549070835114]"
..\Data\Rest Ungelabelt\ae9b232b5dc84a268450cf2f34442895.png,Data Source,0.16889914870262146,"['Data Source', 'Bewegungsdaten', 'BW4Cockpit (Stammdaten)', 'Datenvorschau', 'Data Store Object']","[0.16889914870262146, 0.0704847201704979, 0.0698501318693161, 0.06974553316831589, 0.06967391073703766]"
..\Data\Rest Ungelabelt\aed9e8c266d249bf9dedf800b2a72d9f.png,Query,0.11927297711372375,"['Query', 'Data Source', 'Data Store Object', 'DTP', 'Composite Provider']","[0.11927297711372375, 0.08809076994657516, 0.08229445666074753, 0.07349933683872223, 0.07143759727478027]"
..\Data\Rest Ungelabelt\aeec043cd8e2492abe63f42e095fbe50.png,Bewegungsdaten,0.09628048539161682,"['Bewegungsdaten', 'Datenvorschau', 'Data Mart', 'Data Source', 'Transformationen']","[0.09628048539161682, 0.07821431010961533, 0.07797405123710632, 0.0771142989397049, 0.07625336199998856]"
..\Data\Rest Ungelabelt\aef2a36661b44fbca63af913b265777f.png,Excel,0.1826356202363968,"['Excel', 'ABAP Dictionary', 'Transformationen', 'Bewegungsdaten', 'Data Flow Object']","[0.1826356202363968, 0.06843175739049911, 0.068243108689785, 0.06820850819349289, 0.0681014135479927]"
..\Data\Rest Ungelabelt\af0906a1acfb46e7aa57127af05eed7e.jpeg,Data Store Object,0.13853015005588531,"['Data Store Object', 'Datenvorschau', 'Data Mart', 'Data Source', 'Composite Provider']","[0.13853015005588531, 0.08098378032445908, 0.07966797053813934, 0.07189429551362991, 0.07013276219367981]"
..\Data\Rest Ungelabelt\af2131ab151e4f9584cb4661b6541767.png,Data Store Object,0.14064262807369232,"['Data Store Object', 'Data Mart', 'Datenvorschau', 'Query', 'Composite Provider']","[0.14064262807369232, 0.08977213501930237, 0.07108700275421143, 0.07092379778623581, 0.06988747417926788]"
..\Data\Rest Ungelabelt\af74b9e817674339abc16ff82b74ff96.jpeg,Query,0.18464210629463196,"['Query', 'Data Flow Object', 'Composite Provider', 'Datenvorschau', 'BW4Cockpit (Stammdaten)']","[0.18464210629463196, 0.06795665621757507, 0.06794954836368561, 0.06794589012861252, 0.06794524937868118]"
..\Data\Rest Ungelabelt\af963f8e2220433885e9739244b5ac88.jpeg,Data Source,0.1363598108291626,"['Data Source', 'Data Mart', 'Query', 'Datenvorschau', 'Transformationen']","[0.1363598108291626, 0.07487229257822037, 0.07453372329473495, 0.07442034035921097, 0.07440246641635895]"
..\Data\Rest Ungelabelt\af97d002c2394ba99a419bd3fd208504.png,Transformationen,0.09260131418704987,"['Transformationen', 'Composite Provider', 'Datenvorschau', 'Query', 'DTP']","[0.09260131418704987, 0.08642832934856415, 0.08475257456302643, 0.08082473278045654, 0.07975684851408005]"
..\Data\Rest Ungelabelt\afa1a7ccaebc437eb0c0dd183561abdb.jpeg,Composite Provider,0.1615237295627594,"['Composite Provider', 'Transformationen', 'Data Store Object', 'Data Flow Object', 'Data Source']","[0.1615237295627594, 0.07422167807817459, 0.0730350911617279, 0.06989975273609161, 0.06911446899175644]"
..\Data\Rest Ungelabelt\afcab8350be04128985965ad1bf010cb.jpeg,Excel,0.18455208837985992,"['Excel', 'Bewegungsdaten', 'DTP', 'Transformationen', 'BW4Cockpit (Stammdaten)']","[0.18455208837985992, 0.06796776503324509, 0.06796249002218246, 0.06795770674943924, 0.06795487552881241]"
..\Data\Rest Ungelabelt\afcf2e88c9e140dea74fb26622f6e254.png,Transformationen,0.18435382843017578,"['Transformationen', 'Composite Provider', 'Excel', 'Data Flow Object', 'DTP']","[0.18435382843017578, 0.06808009743690491, 0.06797602027654648, 0.067959263920784, 0.06795912235975266]"
..\Data\Rest Ungelabelt\afd0bed47fd245dcb3b8d7027957002e.jpeg,Query,0.18468531966209412,"['Query', 'Data Store Object', 'BW4Cockpit (Stammdaten)', 'Data Mart', 'Composite Provider']","[0.18468531966209412, 0.06794332712888718, 0.0679430142045021, 0.06794293969869614, 0.06794285029172897]"
..\Data\Rest Ungelabelt\afd26940ca7e4f91a5dd973d836548bb.jpeg,Excel,0.1845809519290924,"['Excel', 'DTP', 'Bewegungsdaten', 'Data Flow Object', 'ABAP Dictionary']","[0.1845809519290924, 0.06796099245548248, 0.06796037405729294, 0.06795413047075272, 0.06795190274715424]"
..\Data\Rest Ungelabelt\afeb87d200f349d38fd94316b5dbab81.png,Data Store Object,0.16628767549991608,"['Data Store Object', 'Data Source', 'Query', 'Data Mart', 'DTP']","[0.16628767549991608, 0.07287752628326416, 0.07223637402057648, 0.06906833499670029, 0.068995401263237]"
..\Data\Rest Ungelabelt\b043b11412394e7286c95bc26842aa34.jpeg,Excel,0.1846691220998764,"['Excel', 'Bewegungsdaten', 'DTP', 'Composite Provider', 'Data Flow Object']","[0.1846691220998764, 0.06794597953557968, 0.06794512271881104, 0.06794470548629761, 0.06794442236423492]"
..\Data\Rest Ungelabelt\b04bfabcf2f1464cba88b71c188997e1.png,Query,0.18437014520168304,"['Query', 'Composite Provider', 'Transformationen', 'DTP', 'Data Store Object']","[0.18437014520168304, 0.06800995767116547, 0.0679866224527359, 0.06797027587890625, 0.06796998530626297]"
..\Data\Rest Ungelabelt\b058ed611e1a41e386841823fb59e9a2.png,Datenvorschau,0.11705648899078369,"['Datenvorschau', 'Data Store Object', 'Data Source', 'Data Mart', 'Composite Provider']","[0.11705648899078369, 0.1011146605014801, 0.07648211717605591, 0.07171517610549927, 0.07120735943317413]"
..\Data\Rest Ungelabelt\b05ae3aa47af4fe4862a8fa49fb0205f.jpeg,Bewegungsdaten,0.15643423795700073,"['Bewegungsdaten', 'ABAP Dictionary', 'DTP', 'BW4Cockpit (Stammdaten)', 'Datenvorschau']","[0.15643423795700073, 0.0754079818725586, 0.07288024574518204, 0.0707186907529831, 0.06974513083696365]"
..\Data\Rest Ungelabelt\b08e8bec4648437b8205da4c3494169c.png,Excel,0.18467311561107635,"['Excel', 'Bewegungsdaten', 'Datenvorschau', 'Composite Provider', 'Transformationen']","[0.18467311561107635, 0.06794888526201248, 0.06794357299804688, 0.06794346868991852, 0.06794346868991852]"
..\Data\Rest Ungelabelt\b09a1ccc4c9c4dbdac3bc4b93d2a2227.png,Data Source,0.18462112545967102,"['Data Source', 'Datenvorschau', 'Data Mart', 'Query', 'Data Store Object']","[0.18462112545967102, 0.06796921789646149, 0.06794770807027817, 0.0679473876953125, 0.06794647127389908]"
..\Data\Rest Ungelabelt\b0bfe8710d62445bbf9d7252c26eefe4.jpeg,Transformationen,0.1722569316625595,"['Transformationen', 'Excel', 'Composite Provider', 'ABAP Dictionary', 'Data Flow Object']","[0.1722569316625595, 0.0722404345870018, 0.06932242959737778, 0.0689813420176506, 0.06878910213708878]"
..\Data\Rest Ungelabelt\b0d7f67549d24bbb9b867a52351429f4.jpeg,Transformationen,0.08414121717214584,"['Transformationen', 'Bewegungsdaten', 'BW4Cockpit (Stammdaten)', 'Excel', 'Composite Provider']","[0.08414121717214584, 0.08293836563825607, 0.08102257549762726, 0.08004787564277649, 0.079350546002388]"
..\Data\Rest Ungelabelt\b0e48e3733504bc6bebd325acdd2138c.png,Data Source,0.1351395547389984,"['Data Source', 'Data Store Object', 'Query', 'Transformationen', 'BW4Cockpit (Stammdaten)']","[0.1351395547389984, 0.09231260418891907, 0.07156738638877869, 0.07049731910228729, 0.07035782933235168]"
..\Data\Rest Ungelabelt\b1011b12077f4926907f88965601c721.png,Query,0.18468733131885529,"['Query', 'BW4Cockpit (Stammdaten)', 'Composite Provider', 'Data Flow Object', 'Data Mart']","[0.18468733131885529, 0.06794272363185883, 0.06794272363185883, 0.06794272363185883, 0.06794272363185883]"
..\Data\Rest Ungelabelt\b13206e6c29a4676b2868d96f8bdc131.png,Data Store Object,0.1829848736524582,"['Data Store Object', 'Composite Provider', 'Data Source', 'Data Mart', 'Query']","[0.1829848736524582, 0.06856419146060944, 0.0681038424372673, 0.06805954873561859, 0.06805361807346344]"
..\Data\Rest Ungelabelt\b137554a7563418cb753375920e47d83.png,Data Store Object,0.15541914105415344,"['Data Store Object', 'BW4Cockpit (Stammdaten)', 'Data Source', 'Composite Provider', 'DTP']","[0.15541914105415344, 0.0740451067686081, 0.07263646274805069, 0.07059008628129959, 0.07054664939641953]"
..\Data\Rest Ungelabelt\b166c2648caf4bb796671d0d1d543a01.jpeg,Bewegungsdaten,0.17644070088863373,"['Bewegungsdaten', 'Datenvorschau', 'ABAP Dictionary', 'BW4Cockpit (Stammdaten)', 'Data Source']","[0.17644070088863373, 0.07025811076164246, 0.0692041888833046, 0.06859654188156128, 0.06846503913402557]"
..\Data\Rest Ungelabelt\b16e766947c04d6ca04293abf9a12b6e.png,ABAP Dictionary,0.18334396183490753,"['ABAP Dictionary', 'Bewegungsdaten', 'Datenvorschau', 'BW4Cockpit (Stammdaten)', 'DTP']","[0.18334396183490753, 0.06828481703996658, 0.06813850998878479, 0.06805502623319626, 0.06804511696100235]"
..\Data\Rest Ungelabelt\b179e6c36b8449cd9929a6b1970a5e8d.png,Data Store Object,0.11378807574510574,"['Data Store Object', 'Datenvorschau', 'Data Source', 'Composite Provider', 'ABAP Dictionary']","[0.11378807574510574, 0.08643338084220886, 0.07718177884817123, 0.07685425877571106, 0.07241266220808029]"
..\Data\Rest Ungelabelt\b1924c9ae1f74d07a4fb05bd2bc816fc.png,Composite Provider,0.1407218724489212,"['Composite Provider', 'Data Flow Object', 'Datenvorschau', 'Bewegungsdaten', 'DTP']","[0.1407218724489212, 0.09009802341461182, 0.07071982324123383, 0.07027319818735123, 0.07012947648763657]"
..\Data\Rest Ungelabelt\b1971ec7dae6436b9e4eef01bd01c0a0.png,Data Store Object,0.17422886192798615,"['Data Store Object', 'Query', 'Data Source', 'DTP', 'Data Mart']","[0.17422886192798615, 0.06984574347734451, 0.06944126635789871, 0.06885337084531784, 0.06883957237005234]"
..\Data\Rest Ungelabelt\b1c89e6dd2054eaebb6419ed65ccead1.png,Query,0.184470996260643,"['Query', 'DTP', 'Data Source', 'Composite Provider', 'Datenvorschau']","[0.184470996260643, 0.06796808540821075, 0.06796726584434509, 0.0679655373096466, 0.06796157360076904]"
..\Data\Rest Ungelabelt\b2021065775c46dab466f73fca58411d.png,Data Store Object,0.11399883776903152,"['Data Store Object', 'Datenvorschau', 'DTP', 'Composite Provider', 'Transformationen']","[0.11399883776903152, 0.10602767765522003, 0.07336416095495224, 0.07319623976945877, 0.07059361040592194]"
..\Data\Rest Ungelabelt\b27011c43d04417da4505cac99b60c34.jpeg,Bewegungsdaten,0.18338994681835175,"['Bewegungsdaten', 'ABAP Dictionary', 'Datenvorschau', 'Excel', 'BW4Cockpit (Stammdaten)']","[0.18338994681835175, 0.06833959370851517, 0.06815548241138458, 0.06803534179925919, 0.06801433116197586]"
..\Data\Rest Ungelabelt\b274e27b12114faa8756b909c10cc973.png,Data Store Object,0.15896837413311005,"['Data Store Object', 'Composite Provider', 'Transformationen', 'Datenvorschau', 'ABAP Dictionary']","[0.15896837413311005, 0.07597865909337997, 0.07078412175178528, 0.0699368491768837, 0.06973853707313538]"
..\Data\Rest Ungelabelt\b2a4c1438a48442086eba60c50b4a19a.jpeg,Transformationen,0.18316784501075745,"['Transformationen', 'Composite Provider', 'Data Source', 'Datenvorschau', 'Excel']","[0.18316784501075745, 0.06863954663276672, 0.06802479177713394, 0.06801953166723251, 0.06801797449588776]"
..\Data\Rest Ungelabelt\b2d07fa7bff447c49c2149c0c59db937.png,Data Store Object,0.184551402926445,"['Data Store Object', 'DTP', 'BW4Cockpit (Stammdaten)', 'Composite Provider', 'Data Mart']","[0.184551402926445, 0.06797026842832565, 0.06796792894601822, 0.06796133518218994, 0.06795153021812439]"
..\Data\Rest Ungelabelt\b2ecab3696a1494bbaddf075ede2d733.jpeg,ABAP Dictionary,0.09206283092498779,"['ABAP Dictionary', 'Excel', 'Bewegungsdaten', 'BW4Cockpit (Stammdaten)', 'DTP']","[0.09206283092498779, 0.08826883882284164, 0.08721081912517548, 0.08127498626708984, 0.07908296585083008]"
..\Data\Rest Ungelabelt\b30ed753e4724ddd8fe40b239755e091.png,Data Source,0.17801526188850403,"['Data Source', 'Query', 'Datenvorschau', 'Data Mart', 'Data Store Object']","[0.17801526188850403, 0.07061377912759781, 0.06851336359977722, 0.06834831833839417, 0.06831756234169006]"
..\Data\Rest Ungelabelt\b3119f0161434a49aae8e2e88405abab.png,Data Store Object,0.12786108255386353,"['Data Store Object', 'Composite Provider', 'Data Source', 'Query', 'DTP']","[0.12786108255386353, 0.082598477602005, 0.0778733342885971, 0.0747944563627243, 0.07430324703454971]"
..\Data\Rest Ungelabelt\b3501ac800504930a431703115d6db29.png,Transformationen,0.13994048535823822,"['Transformationen', 'Composite Provider', 'Query', 'Data Flow Object', 'Datenvorschau']","[0.13994048535823822, 0.08018230646848679, 0.0769265815615654, 0.07249052822589874, 0.07142433524131775]"
..\Data\Rest Ungelabelt\b36478c0f9ce463ca95b1127b290daf9.png,Query,0.1846264898777008,"['Query', 'Data Source', 'Data Store Object', 'Data Mart', 'BW4Cockpit (Stammdaten)']","[0.1846264898777008, 0.0679607167840004, 0.06794865429401398, 0.06794851273298264, 0.06794693320989609]"
..\Data\Rest Ungelabelt\b37106d4bfbb44e3bfa77b6f6a254e90.png,ABAP Dictionary,0.18466536700725555,"['ABAP Dictionary', 'DTP', 'Bewegungsdaten', 'Excel', 'BW4Cockpit (Stammdaten)']","[0.18466536700725555, 0.06795061379671097, 0.06794450432062149, 0.06794438511133194, 0.06794434040784836]"
..\Data\Rest Ungelabelt\b37341e570394f6b8b6c8db7cd657069.png,Bewegungsdaten,0.14897938072681427,"['Bewegungsdaten', 'ABAP Dictionary', 'DTP', 'BW4Cockpit (Stammdaten)', 'Data Store Object']","[0.14897938072681427, 0.0768461599946022, 0.0748581513762474, 0.07289984077215195, 0.0701429694890976]"
..\Data\Rest Ungelabelt\b3900b21eb0f47f987b76a0ddbb13541.jpeg,Data Flow Object,0.18391652405261993,"['Data Flow Object', 'Composite Provider', 'ABAP Dictionary', 'DTP', 'Data Store Object']","[0.18391652405261993, 0.06826373934745789, 0.06799335032701492, 0.0679876059293747, 0.06798534095287323]"
..\Data\Rest Ungelabelt\b3d960ed99834752bfae1e7faa0264e9.png,Excel,0.18463769555091858,"['Excel', 'Datenvorschau', 'Data Store Object', 'Bewegungsdaten', 'Data Source']","[0.18463769555091858, 0.06795869767665863, 0.06794781237840652, 0.06794624775648117, 0.06794615089893341]"
..\Data\Rest Ungelabelt\b3f12d1ee608479aaf7fa08dbf68117f.png,Data Store Object,0.18388772010803223,"['Data Store Object', 'DTP', 'Query', 'BW4Cockpit (Stammdaten)', 'Data Source']","[0.18388772010803223, 0.06811226904392242, 0.06804647296667099, 0.06803518533706665, 0.06801086664199829]"
..\Data\Rest Ungelabelt\b3f34ebdd85841f98cb54f266aefff0a.png,Query,0.1846216320991516,"['Query', 'Data Flow Object', 'Datenvorschau', 'Data Source', 'Composite Provider']","[0.1846216320991516, 0.06795269250869751, 0.06795211881399155, 0.06795122474431992, 0.06794966012239456]"
..\Data\Rest Ungelabelt\b3fb4740f7754c31baed365a1e99d252.png,Query,0.18468725681304932,"['Query', 'Data Flow Object', 'Composite Provider', 'ABAP Dictionary', 'BW4Cockpit (Stammdaten)']","[0.18468725681304932, 0.06794274598360062, 0.06794273853302002, 0.06794272363185883, 0.06794272363185883]"
..\Data\Rest Ungelabelt\b4142abb8af94687a77e286c7cb482fc.png,Data Store Object,0.1633133590221405,"['Data Store Object', 'Query', 'Data Source', 'BW4Cockpit (Stammdaten)', 'DTP']","[0.1633133590221405, 0.0749206617474556, 0.0717260092496872, 0.06969223916530609, 0.06897641718387604]"
..\Data\Rest Ungelabelt\b415558e97904f9aa4ce88177f5a1e23.png,Query,0.1846822202205658,"['Query', 'Data Store Object', 'Data Source', 'BW4Cockpit (Stammdaten)', 'Data Mart']","[0.1846822202205658, 0.06794437021017075, 0.06794328987598419, 0.06794320791959763, 0.06794306635856628]"
..\Data\Rest Ungelabelt\b418fb6bd0724db2a35a59bedd84a889.png,Excel,0.18440544605255127,"['Excel', 'Datenvorschau', 'Query', 'DTP', 'Data Store Object']","[0.18440544605255127, 0.06798237562179565, 0.06797363609075546, 0.06797324120998383, 0.06796983629465103]"
..\Data\Rest Ungelabelt\b423fb7311064db78115f9c322c91a8b.jpeg,ABAP Dictionary,0.12797623872756958,"['ABAP Dictionary', 'Data Store Object', 'Datenvorschau', 'DTP', 'Transformationen']","[0.12797623872756958, 0.08529902994632721, 0.08165102452039719, 0.07122887670993805, 0.07080598175525665]"
..\Data\Rest Ungelabelt\b469efaae6704fa8b4e0120a9c06001c.png,ABAP Dictionary,0.18445996940135956,"['ABAP Dictionary', 'Transformationen', 'DTP', 'Data Source', 'Composite Provider']","[0.18445996940135956, 0.06798812001943588, 0.0679851844906807, 0.06795979291200638, 0.0679592415690422]"
..\Data\Rest Ungelabelt\b46c6b6535bb4c0abfc7df6073d8daae.png,Query,0.18468618392944336,"['Query', 'Data Store Object', 'BW4Cockpit (Stammdaten)', 'Data Mart', 'Composite Provider']","[0.18468618392944336, 0.06794291734695435, 0.06794289499521255, 0.06794288009405136, 0.06794282793998718]"
..\Data\Rest Ungelabelt\b47a3e84f0cc4cb2a62b8f4ed6b11e25.png,Data Source,0.12451805174350739,"['Data Source', 'Transformationen', 'Datenvorschau', 'Query', 'Composite Provider']","[0.12451805174350739, 0.08782987296581268, 0.08341527730226517, 0.07152771204710007, 0.07049254328012466]"
..\Data\Rest Ungelabelt\b4836a5aae524459b55bc4bb8a88e82b.png,Data Flow Object,0.18457743525505066,"['Data Flow Object', 'ABAP Dictionary', 'Composite Provider', 'Datenvorschau', 'Data Source']","[0.18457743525505066, 0.06797082722187042, 0.06796845048666, 0.06794902682304382, 0.0679485872387886]"
..\Data\Rest Ungelabelt\b48acccb6701441cb98ad86446fbe154.png,Bewegungsdaten,0.0896182507276535,"['Bewegungsdaten', 'Excel', 'BW4Cockpit (Stammdaten)', 'Composite Provider', 'Data Flow Object']","[0.0896182507276535, 0.08101223409175873, 0.07847105711698532, 0.07712992280721664, 0.07702633738517761]"
..\Data\Rest Ungelabelt\b4bb4da6400642d69c9d03a11f02c194.png,Data Store Object,0.09408188611268997,"['Data Store Object', 'Data Source', 'Composite Provider', 'Data Mart', 'Datenvorschau']","[0.09408188611268997, 0.08893057703971863, 0.0881233811378479, 0.08044346421957016, 0.07457354664802551]"
..\Data\Rest Ungelabelt\b4db0545290a41f994842841df5048e0.png,Data Store Object,0.13370417058467865,"['Data Store Object', 'Datenvorschau', 'DTP', 'Composite Provider', 'Transformationen']","[0.13370417058467865, 0.07792770117521286, 0.07494394481182098, 0.07396102696657181, 0.07192239165306091]"
..\Data\Rest Ungelabelt\b4e6e5cf2bc7415aaed8b4a145e4f446.png,Data Store Object,0.10883519798517227,"['Data Store Object', 'Composite Provider', 'Data Source', 'Transformationen', 'DTP']","[0.10883519798517227, 0.08962412178516388, 0.08890718966722488, 0.07412055134773254, 0.07185598462820053]"
..\Data\Rest Ungelabelt\b4ee7ad3bb4c41af932d2fee5dc78486.jpeg,Data Store Object,0.18444843590259552,"['Data Store Object', 'DTP', 'BW4Cockpit (Stammdaten)', 'Composite Provider', 'Query']","[0.18444843590259552, 0.06799086928367615, 0.06798125058412552, 0.06797049939632416, 0.06796783953905106]"
..\Data\Rest Ungelabelt\b4ef03e027df40c4bc3337cb6ed79145.png,Data Store Object,0.12406778335571289,"['Data Store Object', 'Datenvorschau', 'Composite Provider', 'Query', 'Data Source']","[0.12406778335571289, 0.07946351170539856, 0.07705668359994888, 0.0750993937253952, 0.074270099401474]"
..\Data\Rest Ungelabelt\b4efab199a574fdcb354470a566c1a94.png,Query,0.18466614186763763,"['Query', 'Data Source', 'Data Store Object', 'BW4Cockpit (Stammdaten)', 'Data Mart']","[0.18466614186763763, 0.06794634461402893, 0.06794607639312744, 0.06794548779726028, 0.06794515252113342]"
..\Data\Rest Ungelabelt\b4f0c00a40c14e56b5f9a79c7f603119.png,Data Store Object,0.12758439779281616,"['Data Store Object', 'Data Mart', 'Query', 'Data Source', 'Datenvorschau']","[0.12758439779281616, 0.0839538499712944, 0.07896271347999573, 0.07509063929319382, 0.07257048040628433]"
..\Data\Rest Ungelabelt\b4fbf546fce94e7e9bd782c20dd1c64c.png,Data Store Object,0.17569416761398315,"['Data Store Object', 'Data Source', 'Datenvorschau', 'Data Mart', 'Bewegungsdaten']","[0.17569416761398315, 0.07086142152547836, 0.06897688657045364, 0.0685739740729332, 0.06855951994657516]"
..\Data\Rest Ungelabelt\b504dc21a12748798cc67ae6c4a244b8.png,Excel,0.18465229868888855,"['Excel', 'Bewegungsdaten', 'Composite Provider', 'Transformationen', 'Datenvorschau']","[0.18465229868888855, 0.06795409321784973, 0.06794711947441101, 0.06794507801532745, 0.06794494390487671]"
..\Data\Rest Ungelabelt\b51b130d8ea741b5bca92c88eae023ef.png,Datenvorschau,0.14965954422950745,"['Datenvorschau', 'Composite Provider', 'Data Source', 'Data Store Object', 'Data Mart']","[0.14965954422950745, 0.07468582689762115, 0.07354028522968292, 0.07241395860910416, 0.07207126915454865]"
..\Data\Rest Ungelabelt\b52440005ee8459eabb044d7dc505806.png,Data Store Object,0.16839011013507843,"['Data Store Object', 'Composite Provider', 'Data Source', 'DTP', 'Data Mart']","[0.16839011013507843, 0.07558979839086533, 0.0688832625746727, 0.06886199116706848, 0.06872507929801941]"
..\Data\Rest Ungelabelt\b52bd0062f8c43caab334940e694e2e9.png,Data Store Object,0.18352963030338287,"['Data Store Object', 'Composite Provider', 'DTP', 'BW4Cockpit (Stammdaten)', 'Data Mart']","[0.18352963030338287, 0.06833244115114212, 0.0680692121386528, 0.06806124001741409, 0.06800548732280731]"
..\Data\Rest Ungelabelt\b52d660d8e0c4cc3b6ff179618c96458.jpeg,BW4Cockpit (Stammdaten),0.18364524841308594,"['BW4Cockpit (Stammdaten)', 'Excel', 'Query', 'Datenvorschau', 'Data Store Object']","[0.18364524841308594, 0.06818551570177078, 0.06815976649522781, 0.06802389770746231, 0.06800713390111923]"
..\Data\Rest Ungelabelt\b5387d06dbad4d159d47ffc5e7cea16f.png,Bewegungsdaten,0.17591960728168488,"['Bewegungsdaten', 'ABAP Dictionary', 'BW4Cockpit (Stammdaten)', 'Data Store Object', 'DTP']","[0.17591960728168488, 0.0702567920088768, 0.06985576450824738, 0.06848795711994171, 0.06848315894603729]"
..\Data\Rest Ungelabelt\b53a23c2e8a64b0d811e97d3067c068c.png,Data Store Object,0.18035344779491425,"['Data Store Object', 'Data Source', 'BW4Cockpit (Stammdaten)', 'Composite Provider', 'DTP']","[0.18035344779491425, 0.06905527412891388, 0.068535715341568, 0.06841215491294861, 0.0683014988899231]"
..\Data\Rest Ungelabelt\b5925b644306465592c7f01b19a662e1.jpeg,BW4Cockpit (Stammdaten),0.1648845374584198,"['BW4Cockpit (Stammdaten)', 'Data Source', 'Query', 'Data Store Object', 'Transformationen']","[0.1648845374584198, 0.07226090133190155, 0.07138977199792862, 0.07089006900787354, 0.0691363736987114]"
..\Data\Rest Ungelabelt\b5c9302696d344a9af0e7d7492d8da80.png,Transformationen,0.12014827132225037,"['Transformationen', 'Composite Provider', 'Data Source', 'Datenvorschau', 'Excel']","[0.12014827132225037, 0.08603594452142715, 0.07769940793514252, 0.07587528228759766, 0.0747799500823021]"
..\Data\Rest Ungelabelt\b5e10bd843cb41068424ab232e2ec9eb.jpeg,Data Store Object,0.16578391194343567,"['Data Store Object', 'Query', 'BW4Cockpit (Stammdaten)', 'ABAP Dictionary', 'Data Source']","[0.16578391194343567, 0.07671645283699036, 0.069106325507164, 0.06893330067396164, 0.06890128552913666]"
..\Data\Rest Ungelabelt\b5f30010a48049cca17800b3eaafc8d9.png,Data Source,0.18226715922355652,"['Data Source', 'Datenvorschau', 'DTP', 'Query', 'Data Store Object']","[0.18226715922355652, 0.06879380345344543, 0.06832194328308105, 0.06807751953601837, 0.06806185841560364]"
..\Data\Rest Ungelabelt\b606b480b452424abbab7883b9651eb8.png,Data Flow Object,0.18446750938892365,"['Data Flow Object', 'Composite Provider', 'ABAP Dictionary', 'Datenvorschau', 'Excel']","[0.18446750938892365, 0.06798806041479111, 0.06797965615987778, 0.0679696798324585, 0.06796113401651382]"
..\Data\Rest Ungelabelt\b611c4eb649a43fc8ba52e1de2c99ef2.png,Data Store Object,0.09727329015731812,"['Data Store Object', 'BW4Cockpit (Stammdaten)', 'ABAP Dictionary', 'Transformationen', 'DTP']","[0.09727329015731812, 0.09411962330341339, 0.0872209221124649, 0.07719134539365768, 0.07513954490423203]"
..\Data\Rest Ungelabelt\b61943915d0641d484d309dea24d7eb2.png,Bewegungsdaten,0.18282213807106018,"['Bewegungsdaten', 'ABAP Dictionary', 'BW4Cockpit (Stammdaten)', 'DTP', 'Datenvorschau']","[0.18282213807106018, 0.06842818856239319, 0.06818298250436783, 0.06816057860851288, 0.06809286773204803]"
..\Data\Rest Ungelabelt\b62eb3bc165a4184932b2204c2bf5b06.jpeg,ABAP Dictionary,0.18464958667755127,"['ABAP Dictionary', 'DTP', 'BW4Cockpit (Stammdaten)', 'Bewegungsdaten', 'Data Store Object']","[0.18464958667755127, 0.06795606017112732, 0.06794765591621399, 0.06794507056474686, 0.0679449513554573]"
..\Data\Rest Ungelabelt\b63721963d9e44ceb1af1f03d4202136.png,Data Flow Object,0.1565152406692505,"['Data Flow Object', 'Composite Provider', 'Transformationen', 'Datenvorschau', 'Excel']","[0.1565152406692505, 0.0790812224149704, 0.07026790827512741, 0.07005046308040619, 0.06989113986492157]"
..\Data\Rest Ungelabelt\b6454f72bd0647dd9bfbc8c54b446c0d.png,Data Source,0.10493706166744232,"['Data Source', 'Data Store Object', 'Datenvorschau', 'Bewegungsdaten', 'BW4Cockpit (Stammdaten)']","[0.10493706166744232, 0.09666889160871506, 0.08043870329856873, 0.07373163104057312, 0.0733889639377594]"
..\Data\Rest Ungelabelt\b660372692154220b5e7fe5e3ef16f34.png,Data Store Object,0.15690641105175018,"['Data Store Object', 'Query', 'Data Source', 'Datenvorschau', 'Data Mart']","[0.15690641105175018, 0.07535900175571442, 0.07133302837610245, 0.07115110009908676, 0.07025782018899918]"
..\Data\Rest Ungelabelt\b66faf41730c4ae3b243d9b795d41b73.png,Data Source,0.18467076122760773,"['Data Source', 'Datenvorschau', 'Data Store Object', 'Data Mart', 'BW4Cockpit (Stammdaten)']","[0.18467076122760773, 0.06794968247413635, 0.0679442286491394, 0.06794358044862747, 0.0679435282945633]"
..\Data\Rest Ungelabelt\b66fe1bac2b04c4d9c503fee1de372db.jpeg,Bewegungsdaten,0.1617475301027298,"['Bewegungsdaten', 'ABAP Dictionary', 'Excel', 'Datenvorschau', 'BW4Cockpit (Stammdaten)']","[0.1617475301027298, 0.07407315075397491, 0.0720575600862503, 0.07016197592020035, 0.06932777911424637]"
..\Data\Rest Ungelabelt\b67923324d4c4f08879b0af7198b437b.png,Datenvorschau,0.17348898947238922,"['Datenvorschau', 'Composite Provider', 'Excel', 'Bewegungsdaten', 'Data Flow Object']","[0.17348898947238922, 0.06974751502275467, 0.06947363913059235, 0.06942744553089142, 0.06923165917396545]"
..\Data\Rest Ungelabelt\b67b3730235a4375ac096dcc0c8de7e6.jpeg,Data Source,0.13874278962612152,"['Data Source', 'Datenvorschau', 'Data Store Object', 'Data Mart', 'Query']","[0.13874278962612152, 0.07511929422616959, 0.07510610669851303, 0.07314097881317139, 0.07230683416128159]"
..\Data\Rest Ungelabelt\b67f57ef2c474bd49a5e85908e89ced7.jpeg,Composite Provider,0.13094186782836914,"['Composite Provider', 'Data Flow Object', 'Transformationen', 'DTP', 'Datenvorschau']","[0.13094186782836914, 0.1004730686545372, 0.07012004405260086, 0.06988801062107086, 0.06988447159528732]"
..\Data\Rest Ungelabelt\b68c9ddf5ec443d5aa26d8a977eaa381.png,Data Store Object,0.12283119559288025,"['Data Store Object', 'Composite Provider', 'Datenvorschau', 'Data Mart', 'Data Source']","[0.12283119559288025, 0.07780128717422485, 0.077153280377388, 0.07507779449224472, 0.0748564824461937]"
..\Data\Rest Ungelabelt\b69ea08b68b9483c91981f7e862b7434.png,Excel,0.1846713274717331,"['Excel', 'Bewegungsdaten', 'Composite Provider', 'Data Flow Object', 'DTP']","[0.1846713274717331, 0.06794937700033188, 0.06794381886720657, 0.06794364750385284, 0.06794361770153046]"
..\Data\Rest Ungelabelt\b6b13daeb4c14914bec39d36e98730ec.jpeg,Data Store Object,0.1110915094614029,"['Data Store Object', 'Composite Provider', 'Query', 'DTP', 'Transformationen']","[0.1110915094614029, 0.1048717349767685, 0.07469303905963898, 0.07167555391788483, 0.07155700027942657]"
..\Data\Rest Ungelabelt\b6f4fad97c064a6aabd1667b2b6d6564.png,Data Flow Object,0.18456792831420898,"['Data Flow Object', 'Composite Provider', 'Datenvorschau', 'DTP', 'Data Store Object']","[0.18456792831420898, 0.06799789518117905, 0.0679486021399498, 0.0679485872387886, 0.0679485872387886]"
..\Data\Rest Ungelabelt\b70bb5f973594e9c9fa13bba60eca4a4.png,Data Store Object,0.13172873854637146,"['Data Store Object', 'Query', 'Data Source', 'Composite Provider', 'Transformationen']","[0.13172873854637146, 0.0783311054110527, 0.07700108736753464, 0.07366456091403961, 0.07273337244987488]"
..\Data\Rest Ungelabelt\b70c23f896b24abbb03ae633faafbc85.jpeg,Data Store Object,0.11463822424411774,"['Data Store Object', 'Composite Provider', 'Data Source', 'Datenvorschau', 'Data Mart']","[0.11463822424411774, 0.10704883188009262, 0.07328663766384125, 0.07122720777988434, 0.07077953219413757]"
..\Data\Rest Ungelabelt\b70f7b2c54cc4b91be0dbeb4b920fd3f.png,Query,0.17450805008411407,"['Query', 'Composite Provider', 'Data Store Object', 'Transformationen', 'Data Mart']","[0.17450805008411407, 0.06964470446109772, 0.06947876513004303, 0.06891288608312607, 0.06886479258537292]"
..\Data\Rest Ungelabelt\b710be2e5119446d9eaebf0199e92123.png,Query,0.17019344866275787,"['Query', 'Data Store Object', 'Data Source', 'BW4Cockpit (Stammdaten)', 'Transformationen']","[0.17019344866275787, 0.07083015888929367, 0.06980399042367935, 0.06954634934663773, 0.06944955140352249]"
..\Data\Rest Ungelabelt\b7228a94e3354a82a51af37fd15c81b9.png,DTP,0.08979345858097076,"['DTP', 'Datenvorschau', 'Transformationen', 'Query', 'Composite Provider']","[0.08979345858097076, 0.08880327641963959, 0.08271189779043198, 0.08153586834669113, 0.076613649725914]"
..\Data\Rest Ungelabelt\b723568c972b4c6cb20d5e24e2b2d297.jpeg,Transformationen,0.18456770479679108,"['Transformationen', 'Excel', 'ABAP Dictionary', 'Data Store Object', 'Composite Provider']","[0.18456770479679108, 0.06796780973672867, 0.06796236336231232, 0.06795377284288406, 0.06795181334018707]"
..\Data\Rest Ungelabelt\b73ef8ca2b744794b6451e7c43da3df2.png,Data Flow Object,0.13559210300445557,"['Data Flow Object', 'Composite Provider', 'DTP', 'Datenvorschau', 'Query']","[0.13559210300445557, 0.09583919495344162, 0.07000918686389923, 0.06998162716627121, 0.0699571818113327]"
..\Data\Rest Ungelabelt\b764773eda744470b395ccbc5533970e.png,DTP,0.08906589448451996,"['DTP', 'Transformationen', 'Data Source', 'Composite Provider', 'Excel']","[0.08906589448451996, 0.08820107579231262, 0.08614862710237503, 0.07949861139059067, 0.07892602682113647]"
..\Data\Rest Ungelabelt\b764a6e40a464547bd6dded66b85e72a.jpeg,Data Store Object,0.10869110375642776,"['Data Store Object', 'DTP', 'Data Source', 'Query', 'Transformationen']","[0.10869110375642776, 0.08341874182224274, 0.08099423348903656, 0.07844153791666031, 0.07551296055316925]"
..\Data\Rest Ungelabelt\b778431f619b478cb947282d09b3e92d.jpeg,Data Source,0.16378740966320038,"['Data Source', 'Datenvorschau', 'Data Store Object', 'Transformationen', 'Data Mart']","[0.16378740966320038, 0.07318445295095444, 0.07252970337867737, 0.06985785812139511, 0.06914570182561874]"
..\Data\Rest Ungelabelt\b8111a54b9754311a9d424794a156b40.png,Query,0.18461120128631592,"['Query', 'Data Flow Object', 'Composite Provider', 'Data Store Object', 'Datenvorschau']","[0.18461120128631592, 0.06795342266559601, 0.06795305013656616, 0.0679524689912796, 0.06795165687799454]"
..\Data\Rest Ungelabelt\b811766458544661bb0ee8d52aeca77f.jpeg,DTP,0.12723053991794586,"['DTP', 'Transformationen', 'ABAP Dictionary', 'Datenvorschau', 'Composite Provider']","[0.12723053991794586, 0.08107379823923111, 0.07662689685821533, 0.07652673870325089, 0.07349716871976852]"
..\Data\Rest Ungelabelt\b856e59cb3154d51bda0c9cca7e0d0c0.png,Data Source,0.1547698676586151,"['Data Source', 'Datenvorschau', 'BW4Cockpit (Stammdaten)', 'ABAP Dictionary', 'Transformationen']","[0.1547698676586151, 0.07276281714439392, 0.0714900940656662, 0.07125882804393768, 0.07074369490146637]"
..\Data\Rest Ungelabelt\b85dcdabf87e4e90b82ab64cf8c61341.png,Query,0.1217731460928917,"['Query', 'Data Store Object', 'Data Source', 'Transformationen', 'DTP']","[0.1217731460928917, 0.08429645001888275, 0.08042316883802414, 0.07402195781469345, 0.071936696767807]"
..\Data\Rest Ungelabelt\b86310814b1542d2b85c0b46212a2cbf.jpeg,Query,0.1353793889284134,"['Query', 'Data Source', 'DTP', 'Transformationen', 'Composite Provider']","[0.1353793889284134, 0.09441348910331726, 0.07169145345687866, 0.06999342143535614, 0.06996987015008926]"
..\Data\Rest Ungelabelt\b8705ce646cd49f28ae2195d18ef4feb.png,Data Source,0.12250020354986191,"['Data Source', 'Query', 'Data Store Object', 'Data Mart', 'DTP']","[0.12250020354986191, 0.10232847929000854, 0.0734323188662529, 0.07047731429338455, 0.0703456699848175]"
..\Data\Rest Ungelabelt\b87f4e575ada47358370d640e5369754.jpeg,Data Source,0.13206462562084198,"['Data Source', 'Datenvorschau', 'Data Store Object', 'Data Mart', 'Bewegungsdaten']","[0.13206462562084198, 0.08961504697799683, 0.07529862225055695, 0.07158590853214264, 0.07035674154758453]"
..\Data\Rest Ungelabelt\b886035fc71a496c9f9409200675bea4.png,Data Store Object,0.16148509085178375,"['Data Store Object', 'Data Source', 'BW4Cockpit (Stammdaten)', 'DTP', 'Composite Provider']","[0.16148509085178375, 0.07400878518819809, 0.071986623108387, 0.06996992230415344, 0.06945277005434036]"
..\Data\Rest Ungelabelt\b88c7b7ac8704feb98420d5502a2d384.png,Query,0.1574646383523941,"['Query', 'Datenvorschau', 'Data Store Object', 'Data Source', 'Data Mart']","[0.1574646383523941, 0.0748198851943016, 0.07314347475767136, 0.07063033431768417, 0.06966950744390488]"
..\Data\Rest Ungelabelt\b89f5dc1c52744de8c17e7f86e017cf5.png,Query,0.12337551265954971,"['Query', 'Data Store Object', 'Data Source', 'Datenvorschau', 'DTP']","[0.12337551265954971, 0.09677565842866898, 0.07257349044084549, 0.07251928001642227, 0.07101495563983917]"
..\Data\Rest Ungelabelt\b8b5fc59b03a48e9951c051780ebaa0a.png,Data Store Object,0.1845872551202774,"['Data Store Object', 'BW4Cockpit (Stammdaten)', 'Composite Provider', 'DTP', 'Data Source']","[0.1845872551202774, 0.06796618551015854, 0.06795678287744522, 0.06795598566532135, 0.06794983148574829]"
..\Data\Rest Ungelabelt\b8ba5f792ae04fb69b0da8bdc24a9f60.png,Bewegungsdaten,0.15638957917690277,"['Bewegungsdaten', 'ABAP Dictionary', 'Excel', 'DTP', 'BW4Cockpit (Stammdaten)']","[0.15638957917690277, 0.08167830854654312, 0.06960412859916687, 0.06941250711679459, 0.0694071352481842]"
..\Data\Rest Ungelabelt\b8da221ce45642459e5f629952de5e19.png,ABAP Dictionary,0.17996098101139069,"['ABAP Dictionary', 'Datenvorschau', 'Transformationen', 'Bewegungsdaten', 'Composite Provider']","[0.17996098101139069, 0.06881000101566315, 0.06865003705024719, 0.06848293542861938, 0.06832534819841385]"
..\Data\Rest Ungelabelt\b8f7503acce74e108821a63fb8735191.jpeg,ABAP Dictionary,0.14714403450489044,"['ABAP Dictionary', 'Data Store Object', 'Data Flow Object', 'DTP', 'Composite Provider']","[0.14714403450489044, 0.07549571990966797, 0.07421993464231491, 0.07225484400987625, 0.0711580142378807]"
..\Data\Rest Ungelabelt\b8f8ddcf852a46a7a6ad2acbb3bf7150.png,Composite Provider,0.11590628325939178,"['Composite Provider', 'Datenvorschau', 'ABAP Dictionary', 'Data Source', 'Data Store Object']","[0.11590628325939178, 0.08611857891082764, 0.07831775397062302, 0.07598209381103516, 0.07545778900384903]"
..\Data\Rest Ungelabelt\b900d246f01d4d9da6aad3e557c64c57.jpeg,ABAP Dictionary,0.16975197196006775,"['ABAP Dictionary', 'Data Store Object', 'Data Source', 'Datenvorschau', 'Transformationen']","[0.16975197196006775, 0.07109589874744415, 0.06982304900884628, 0.06980600208044052, 0.06936892122030258]"
..\Data\Rest Ungelabelt\b9311d76389d41d7ac6cdc57aeba338b.png,Transformationen,0.18468347191810608,"['Transformationen', 'Composite Provider', 'Data Flow Object', 'Data Source', 'ABAP Dictionary']","[0.18468347191810608, 0.0679444894194603, 0.06794293224811554, 0.06794291734695435, 0.06794290989637375]"
..\Data\Rest Ungelabelt\b938cedcb29847bfb1d099496c1410ce.png,Query,0.13089443743228912,"['Query', 'DTP', 'ABAP Dictionary', 'Composite Provider', 'Data Store Object']","[0.13089443743228912, 0.08171675354242325, 0.07614003866910934, 0.07607753574848175, 0.07214482873678207]"
..\Data\Rest Ungelabelt\b94496c6a36040d180f60c06c7dd2e46.png,Transformationen,0.09098950028419495,"['Transformationen', 'Data Source', 'Query', 'Data Mart', 'Data Store Object']","[0.09098950028419495, 0.08427370339632034, 0.0821600928902626, 0.0801897943019867, 0.07740199565887451]"
..\Data\Rest Ungelabelt\b969edd9faa24357b8db2cde95507c95.png,ABAP Dictionary,0.14591264724731445,"['ABAP Dictionary', 'Data Store Object', 'Datenvorschau', 'Bewegungsdaten', 'DTP']","[0.14591264724731445, 0.07587788999080658, 0.07423026114702225, 0.0726785808801651, 0.07258103042840958]"
..\Data\Rest Ungelabelt\b970c5ccbf174fc181fd617be0c793a3.png,Transformationen,0.18460890650749207,"['Transformationen', 'Composite Provider', 'Data Source', 'Datenvorschau', 'Excel']","[0.18460890650749207, 0.06797230988740921, 0.0679517537355423, 0.06794767826795578, 0.06794679909944534]"
..\Data\Rest Ungelabelt\b975ec7d29bb4838b2105f633f497939.png,Composite Provider,0.10659957677125931,"['Composite Provider', 'Query', 'DTP', 'Datenvorschau', 'Data Flow Object']","[0.10659957677125931, 0.09473916888237, 0.07691816985607147, 0.07614158093929291, 0.07544172555208206]"
..\Data\Rest Ungelabelt\b9b0d8a1720343bfbeceb107b1218c3a.png,BW4Cockpit (Stammdaten),0.16777083277702332,"['BW4Cockpit (Stammdaten)', 'DTP', 'Data Store Object', 'ABAP Dictionary', 'Excel']","[0.16777083277702332, 0.07131405919790268, 0.07111278176307678, 0.07027304172515869, 0.06922685354948044]"
..\Data\Rest Ungelabelt\b9bbc5a79f2b4615b315623689622993.png,Query,0.09612387418746948,"['Query', 'Data Source', 'Transformationen', 'Composite Provider', 'Datenvorschau']","[0.09612387418746948, 0.08849400281906128, 0.07999834418296814, 0.07956825196743011, 0.07801878452301025]"
..\Data\Rest Ungelabelt\b9fde747b70b47c9b7f0d30892d60443.png,Data Store Object,0.17814111709594727,"['Data Store Object', 'Composite Provider', 'Data Source', 'DTP', 'Data Mart']","[0.17814111709594727, 0.06953088939189911, 0.06885172426700592, 0.06864938884973526, 0.06842415779829025]"
..\Data\Rest Ungelabelt\ba0b57d3bd834f2fb14f72d4a4e68a67.png,Data Store Object,0.18024061620235443,"['Data Store Object', 'Composite Provider', 'DTP', 'Data Mart', 'Query']","[0.18024061620235443, 0.06935111433267593, 0.068563312292099, 0.06830291450023651, 0.0682227686047554]"
..\Data\Rest Ungelabelt\ba0c4bf54af748d48a42c62d8e5febe8.jpeg,Data Source,0.14204458892345428,"['Data Source', 'Composite Provider', 'Data Flow Object', 'Datenvorschau', 'Transformationen']","[0.14204458892345428, 0.07469390332698822, 0.07398788630962372, 0.07333280891180038, 0.07305896282196045]"
..\Data\Rest Ungelabelt\ba1ce19f334a416bb9e515ed5eff0cb3.jpeg,DTP,0.10574094206094742,"['DTP', 'BW4Cockpit (Stammdaten)', 'ABAP Dictionary', 'Data Source', 'Bewegungsdaten']","[0.10574094206094742, 0.10103974491357803, 0.08013736456632614, 0.07401048392057419, 0.07306000590324402]"
..\Data\Rest Ungelabelt\ba4eafa99b6b4f72abb45b9c0ed75b9f.png,Data Store Object,0.15957416594028473,"['Data Store Object', 'Composite Provider', 'DTP', 'Data Mart', 'Transformationen']","[0.15957416594028473, 0.08053235709667206, 0.06923577189445496, 0.06917039304971695, 0.06911686807870865]"
..\Data\Rest Ungelabelt\ba5be0bd62a74218986e7aecf7a5e2e6.png,Query,0.18194296956062317,"['Query', 'Transformationen', 'Datenvorschau', 'Data Mart', 'Data Source']","[0.18194296956062317, 0.06867343932390213, 0.06820350140333176, 0.06819070875644684, 0.06817676872015]"
..\Data\Rest Ungelabelt\ba84e691969646bab462abe9825a6aca.png,Query,0.16508710384368896,"['Query', 'DTP', 'Data Source', 'Datenvorschau', 'BW4Cockpit (Stammdaten)']","[0.16508710384368896, 0.0738324373960495, 0.07021097093820572, 0.06943771988153458, 0.06916721165180206]"
..\Data\Rest Ungelabelt\ba9c477e585c4a8aa8d474305091c8e1.jpeg,Query,0.09854814410209656,"['Query', 'Data Source', 'Data Store Object', 'DTP', 'Transformationen']","[0.09854814410209656, 0.09603238850831985, 0.08922693133354187, 0.07341139018535614, 0.0727008804678917]"
..\Data\Rest Ungelabelt\ba9c9961f8d44ce7a53292b8a43d9d94.png,ABAP Dictionary,0.12323590368032455,"['ABAP Dictionary', 'Bewegungsdaten', 'DTP', 'BW4Cockpit (Stammdaten)', 'Datenvorschau']","[0.12323590368032455, 0.10350147634744644, 0.0713566392660141, 0.07084522396326065, 0.07032819092273712]"
..\Data\Rest Ungelabelt\bac05bde29bc434092ef3879d12dd090.png,Datenvorschau,0.1622859537601471,"['Datenvorschau', 'Data Source', 'Data Store Object', 'Query', 'BW4Cockpit (Stammdaten)']","[0.1622859537601471, 0.07948348671197891, 0.06896370649337769, 0.06895102560520172, 0.06892566382884979]"
..\Data\Rest Ungelabelt\bade51b3134747faaaae2f378b34fa97.jpeg,Data Flow Object,0.1846167892217636,"['Data Flow Object', 'Composite Provider', 'Excel', 'ABAP Dictionary', 'DTP']","[0.1846167892217636, 0.06797433644533157, 0.06794649362564087, 0.0679464340209961, 0.06794639676809311]"
..\Data\Rest Ungelabelt\bb2029988c524b91836628e8634fcdbf.png,Data Store Object,0.1771697998046875,"['Data Store Object', 'Data Source', 'Query', 'Data Mart', 'Datenvorschau']","[0.1771697998046875, 0.07037100940942764, 0.0688353180885315, 0.06873021274805069, 0.06845171004533768]"
..\Data\Rest Ungelabelt\bb2a1c0b09994d39810596fc90959b54.png,Query,0.1845502257347107,"['Query', 'Data Store Object', 'BW4Cockpit (Stammdaten)', 'Data Mart', 'Datenvorschau']","[0.1845502257347107, 0.06797931343317032, 0.06796026229858398, 0.06795728951692581, 0.06795211881399155]"
..\Data\Rest Ungelabelt\bb302104879044bc80bcc2ac7d33d863.jpeg,Data Source,0.17426697909832,"['Data Source', 'Transformationen', 'Datenvorschau', 'Composite Provider', 'DTP']","[0.17426697909832, 0.06983281672000885, 0.06946821510791779, 0.06907370686531067, 0.06891500949859619]"
..\Data\Rest Ungelabelt\bb41d4aab2c244009907652266c298c9.png,Excel,0.18467462062835693,"['Excel', 'Bewegungsdaten', 'Data Flow Object', 'Composite Provider', 'DTP']","[0.18467462062835693, 0.06794833391904831, 0.06794344633817673, 0.06794340908527374, 0.06794337928295135]"
..\Data\Rest Ungelabelt\bb6458cfb25a48b88e93effb880a353a.png,Query,0.18468257784843445,"['Query', 'BW4Cockpit (Stammdaten)', 'Data Source', 'Data Store Object', 'Data Mart']","[0.18468257784843445, 0.06794387847185135, 0.06794331967830658, 0.06794320046901703, 0.06794317811727524]"
..\Data\Rest Ungelabelt\bb8ae0e7c0d44967b95e094bb8905478.jpeg,Data Source,0.14804601669311523,"['Data Source', 'Query', 'Data Store Object', 'DTP', 'Datenvorschau']","[0.14804601669311523, 0.07785949856042862, 0.07650671154260635, 0.07063253968954086, 0.07004249095916748]"
..\Data\Rest Ungelabelt\bbace8fc6edb43cd87ce3c20335c46d8.jpeg,ABAP Dictionary,0.10895142704248428,"['ABAP Dictionary', 'BW4Cockpit (Stammdaten)', 'Data Flow Object', 'Bewegungsdaten', 'Composite Provider']","[0.10895142704248428, 0.08843840658664703, 0.08795904368162155, 0.0751308873295784, 0.0723533183336258]"
..\Data\Rest Ungelabelt\bbc3e843480641b9bf5f24654c6f938e.jpeg,Data Store Object,0.16304434835910797,"['Data Store Object', 'Query', 'BW4Cockpit (Stammdaten)', 'ABAP Dictionary', 'Data Source']","[0.16304434835910797, 0.077987901866436, 0.06933064758777618, 0.06914862990379333, 0.06902125477790833]"
..\Data\Rest Ungelabelt\bbe8604d558448e5ab043e552c4a9005.png,ABAP Dictionary,0.17598235607147217,"['ABAP Dictionary', 'Datenvorschau', 'BW4Cockpit (Stammdaten)', 'Composite Provider', 'Excel']","[0.17598235607147217, 0.06962163001298904, 0.06931007653474808, 0.0692053884267807, 0.06859935820102692]"
..\Data\Rest Ungelabelt\bbed84d06f83459480ffe22e79ae9e78.png,Excel,0.18467414379119873,"['Excel', 'Bewegungsdaten', 'Datenvorschau', 'DTP', 'Transformationen']","[0.18467414379119873, 0.06794621050357819, 0.06794480979442596, 0.06794379651546478, 0.06794364005327225]"
..\Data\Rest Ungelabelt\bbf256ddf62d489c970eaeb18ed5e9b7.png,Data Store Object,0.14396613836288452,"['Data Store Object', 'Data Source', 'Query', 'DTP', 'BW4Cockpit (Stammdaten)']","[0.14396613836288452, 0.08735856413841248, 0.07114380598068237, 0.07040061056613922, 0.06989998370409012]"
..\Data\Rest Ungelabelt\bbfd260235c042459d1368493dc9f2e3.png,Bewegungsdaten,0.18458561599254608,"['Bewegungsdaten', 'ABAP Dictionary', 'Datenvorschau', 'BW4Cockpit (Stammdaten)', 'Excel']","[0.18458561599254608, 0.06798344105482101, 0.06795131415128708, 0.06794971972703934, 0.06794802844524384]"
..\Data\Rest Ungelabelt\bc17d8a5b9904c8d86f38ee1c5c20124.png,Data Store Object,0.1402440071105957,"['Data Store Object', 'Query', 'Composite Provider', 'Transformationen', 'Data Source']","[0.1402440071105957, 0.07941219210624695, 0.0764617770910263, 0.07230625301599503, 0.071477010846138]"
..\Data\Rest Ungelabelt\bc453323d2214432a5cb4eeab4e5cf46.png,Query,0.14693841338157654,"['Query', 'Data Store Object', 'Data Mart', 'Datenvorschau', 'Data Source']","[0.14693841338157654, 0.08800990134477615, 0.07018140703439713, 0.0695388913154602, 0.069535031914711]"
..\Data\Rest Ungelabelt\bc5ed4984a954094a5eb6e5a4c4b00c7.png,Bewegungsdaten,0.1749064326286316,"['Bewegungsdaten', 'ABAP Dictionary', 'Datenvorschau', 'BW4Cockpit (Stammdaten)', 'Data Flow Object']","[0.1749064326286316, 0.07043403387069702, 0.06942068785429001, 0.0687565729022026, 0.06858524680137634]"
..\Data\Rest Ungelabelt\bc8bd3a6f8554d72a6950be5754ba1da.png,Composite Provider,0.14657792448997498,"['Composite Provider', 'Data Store Object', 'Query', 'Data Mart', 'Transformationen']","[0.14657792448997498, 0.08474565297365189, 0.07251686602830887, 0.06975346803665161, 0.06973502784967422]"
..\Data\Rest Ungelabelt\bca223084480405d86f72532b4f97dea.png,Data Store Object,0.16894257068634033,"['Data Store Object', 'Data Mart', 'Data Source', 'Datenvorschau', 'Query']","[0.16894257068634033, 0.07214182615280151, 0.07210038602352142, 0.0687296912074089, 0.06871611624956131]"
..\Data\Rest Ungelabelt\bcd633d6d95243b3b335ff34304af1b7.jpeg,Bewegungsdaten,0.16932231187820435,"['Bewegungsdaten', 'BW4Cockpit (Stammdaten)', 'ABAP Dictionary', 'Data Source', 'Datenvorschau']","[0.16932231187820435, 0.07101031392812729, 0.0700760930776596, 0.06984879076480865, 0.06970752775669098]"
..\Data\Rest Ungelabelt\bcda849c0f1f44409e41cf2e7204bf07.png,Query,0.18468569219112396,"['Query', 'Data Source', 'BW4Cockpit (Stammdaten)', 'Data Store Object', 'Data Mart']","[0.18468569219112396, 0.0679430440068245, 0.06794296950101852, 0.06794296205043793, 0.06794286519289017]"
..\Data\Rest Ungelabelt\bd1307c5777442d6ab106c4aa8ffe1ea.png,Transformationen,0.11979525536298752,"['Transformationen', 'Composite Provider', 'Data Source', 'Datenvorschau', 'Query']","[0.11979525536298752, 0.0860004648566246, 0.08215011656284332, 0.07283953577280045, 0.07248236984014511]"
..\Data\Rest Ungelabelt\bd18aa37e66544b29602875bef5e9ff8.png,Composite Provider,0.17397856712341309,"['Composite Provider', 'Query', 'Data Flow Object', 'Data Store Object', 'DTP']","[0.17397856712341309, 0.07099644094705582, 0.0694061741232872, 0.06883755326271057, 0.06879806518554688]"
..\Data\Rest Ungelabelt\bd2e08b12bc24e97a439a98cf5248ace.png,Data Source,0.1370537132024765,"['Data Source', 'Data Store Object', 'Datenvorschau', 'Data Mart', 'Query']","[0.1370537132024765, 0.08888888359069824, 0.07334493100643158, 0.0715261772274971, 0.07012516260147095]"
..\Data\Rest Ungelabelt\bd3405b7e0154942962ceb27db9f760d.png,Datenvorschau,0.1175307035446167,"['Datenvorschau', 'ABAP Dictionary', 'Transformationen', 'Data Store Object', 'Data Source']","[0.1175307035446167, 0.10924284905195236, 0.07086406648159027, 0.07074427604675293, 0.07072810083627701]"
..\Data\Rest Ungelabelt\bd3ec11e34e345e09885cdcd49bb3a3d.png,Data Flow Object,0.18456879258155823,"['Data Flow Object', 'Composite Provider', 'DTP', 'ABAP Dictionary', 'Transformationen']","[0.18456879258155823, 0.06797151267528534, 0.06795495003461838, 0.0679544135928154, 0.06795211881399155]"
..\Data\Rest Ungelabelt\bd464bd7250545729e31c09ce0a7ad0f.png,Data Flow Object,0.13113617897033691,"['Data Flow Object', 'Query', 'Composite Provider', 'Transformationen', 'Excel']","[0.13113617897033691, 0.08351286500692368, 0.07703816890716553, 0.07166226208209991, 0.0715179294347763]"
..\Data\Rest Ungelabelt\bd4c7cc89a8841e89f8acde28ed18815.png,Data Source,0.18421468138694763,"['Data Source', 'Datenvorschau', 'DTP', 'Data Store Object', 'Data Mart']","[0.18421468138694763, 0.06809572130441666, 0.06800857931375504, 0.06797205656766891, 0.06797174364328384]"
..\Data\Rest Ungelabelt\bd53bf0759bf49839a129579024b6ab9.png,Data Store Object,0.15183715522289276,"['Data Store Object', 'Query', 'Data Source', 'Data Mart', 'DTP']","[0.15183715522289276, 0.07401655614376068, 0.07367821037769318, 0.07222806662321091, 0.0706140547990799]"
..\Data\Rest Ungelabelt\bd7e26cf701341d19c684830a26644dd.png,Composite Provider,0.10042046010494232,"['Composite Provider', 'Data Source', 'Datenvorschau', 'Transformationen', 'Data Mart']","[0.10042046010494232, 0.09577075392007828, 0.08106928318738937, 0.07418312877416611, 0.07271979004144669]"
..\Data\Rest Ungelabelt\bd93ee0ee9004fdea25f92084aeda9e3.png,Datenvorschau,0.12285914272069931,"['Datenvorschau', 'Data Store Object', 'Data Source', 'Data Mart', 'Composite Provider']","[0.12285914272069931, 0.09860256314277649, 0.07505246251821518, 0.07133427262306213, 0.07081599533557892]"
..\Data\Rest Ungelabelt\bd968b39040849ad92ce23ace4eafd76.png,Data Store Object,0.13028369843959808,"['Data Store Object', 'Data Mart', 'Datenvorschau', 'Query', 'Composite Provider']","[0.13028369843959808, 0.07942790538072586, 0.0786188393831253, 0.07526499032974243, 0.07357721775770187]"
..\Data\Rest Ungelabelt\bdb124b254b047dfae4842e2dc5fb0ea.png,Transformationen,0.1719955950975418,"['Transformationen', 'Excel', 'Composite Provider', 'ABAP Dictionary', 'Data Flow Object']","[0.1719955950975418, 0.07414911687374115, 0.06855497509241104, 0.06854304671287537, 0.06854136288166046]"
..\Data\Rest Ungelabelt\bdc36972f1664a808ab480d4bbee5145.png,Data Store Object,0.1819816529750824,"['Data Store Object', 'BW4Cockpit (Stammdaten)', 'DTP', 'Composite Provider', 'Data Source']","[0.1819816529750824, 0.06858081370592117, 0.06845623254776001, 0.06816563755273819, 0.06812325119972229]"
..\Data\Rest Ungelabelt\bdc3af481df74a2a9ebacc71b99c56aa.png,Data Store Object,0.18461082875728607,"['Data Store Object', 'DTP', 'BW4Cockpit (Stammdaten)', 'Data Mart', 'Data Source']","[0.18461082875728607, 0.06796825677156448, 0.06795300543308258, 0.06794881075620651, 0.06794744729995728]"
..\Data\Rest Ungelabelt\bdd8a2b21e0945a3baa5f073ea46aa02.jpeg,Datenvorschau,0.14829233288764954,"['Datenvorschau', 'Data Source', 'Transformationen', 'Query', 'Data Store Object']","[0.14829233288764954, 0.08662345260381699, 0.06988982856273651, 0.06982076168060303, 0.06963613629341125]"
..\Data\Rest Ungelabelt\bdea5d55c0ed48b8bba6429855d3fa6f.png,Query,0.18465974926948547,"['Query', 'DTP', 'Data Store Object', 'Data Source', 'Data Mart']","[0.18465974926948547, 0.06795019656419754, 0.06794596463441849, 0.06794518232345581, 0.06794466078281403]"
..\Data\Rest Ungelabelt\be27d9bb38f04e25a1dc628cea5efeca.jpeg,Data Source,0.09128517657518387,"['Data Source', 'Bewegungsdaten', 'BW4Cockpit (Stammdaten)', 'Transformationen', 'Datenvorschau']","[0.09128517657518387, 0.08793389797210693, 0.0843641459941864, 0.07704456895589828, 0.07540015131235123]"
..\Data\Rest Ungelabelt\be3f18913d3147c8ad92122175bc11c0.png,Data Source,0.09823481738567352,"['Data Source', 'Query', 'Data Mart', 'Datenvorschau', 'Data Store Object']","[0.09823481738567352, 0.08653181046247482, 0.0837116688489914, 0.07909565418958664, 0.07759260386228561]"
..\Data\Rest Ungelabelt\be43dc3cbec442fa9131980f1917db60.png,Query,0.12141938507556915,"['Query', 'Data Store Object', 'Transformationen', 'Composite Provider', 'DTP']","[0.12141938507556915, 0.0978100374341011, 0.07319995760917664, 0.07154637575149536, 0.07124923914670944]"
..\Data\Rest Ungelabelt\be52978101c64f0ab706b40d407ad4a2.png,Data Source,0.14339233934879303,"['Data Source', 'Datenvorschau', 'Transformationen', 'DTP', 'Composite Provider']","[0.14339233934879303, 0.0820092260837555, 0.07185844331979752, 0.07178699970245361, 0.0709000751376152]"
..\Data\Rest Ungelabelt\be58da4455294289875c9963dda64bdf.png,Data Flow Object,0.18460117280483246,"['Data Flow Object', 'Composite Provider', 'Excel', 'Transformationen', 'Data Store Object']","[0.18460117280483246, 0.06797534972429276, 0.06794869154691696, 0.06794815510511398, 0.0679481104016304]"
..\Data\Rest Ungelabelt\be6309d1ef3446dda97af734d0d8b7f2.png,Data Store Object,0.18238110840320587,"['Data Store Object', 'Composite Provider', 'Data Source', 'Query', 'DTP']","[0.18238110840320587, 0.06866870820522308, 0.06816567480564117, 0.0681493803858757, 0.06812158226966858]"
..\Data\Rest Ungelabelt\be7162632b154eb5b25ce8344bfa4263.png,Data Store Object,0.18438932299613953,"['Data Store Object', 'DTP', 'BW4Cockpit (Stammdaten)', 'Query', 'Composite Provider']","[0.18438932299613953, 0.06801223009824753, 0.06797824054956436, 0.0679728239774704, 0.06796836853027344]"
..\Data\Rest Ungelabelt\be75fac4dc784ef3aabc59d1a8fc48ad.png,Bewegungsdaten,0.1835784912109375,"['Bewegungsdaten', 'ABAP Dictionary', 'Datenvorschau', 'BW4Cockpit (Stammdaten)', 'Excel']","[0.1835784912109375, 0.06823833286762238, 0.06811614334583282, 0.06804794818162918, 0.06802381575107574]"
..\Data\Rest Ungelabelt\be98c032c2c44457a1b2576d2f6cadb8.png,Query,0.18425457179546356,"['Query', 'Data Store Object', 'Data Source', 'DTP', 'Datenvorschau']","[0.18425457179546356, 0.0680120587348938, 0.06800994277000427, 0.06798838078975677, 0.06797943264245987]"
..\Data\Rest Ungelabelt\bea1572fec4744efaade8168ffd14342.png,Data Source,0.1800534427165985,"['Data Source', 'Datenvorschau', 'Data Store Object', 'Data Mart', 'Composite Provider']","[0.1800534427165985, 0.06935043632984161, 0.06881453096866608, 0.06825093179941177, 0.06817896664142609]"
..\Data\Rest Ungelabelt\bf16b39e16c24aa7a8a4af2c2017f65e.png,DTP,0.11657214164733887,"['DTP', 'Data Store Object', 'Composite Provider', 'Transformationen', 'Datenvorschau']","[0.11657214164733887, 0.0789874792098999, 0.0785089060664177, 0.0765782967209816, 0.07571110129356384]"
..\Data\Rest Ungelabelt\bf39f3722f434af3955fca56fa25b149.jpeg,Transformationen,0.09913770854473114,"['Transformationen', 'Data Source', 'Datenvorschau', 'Query', 'Composite Provider']","[0.09913770854473114, 0.09783243387937546, 0.08066873252391815, 0.07831248641014099, 0.07456854730844498]"
..\Data\Rest Ungelabelt\bf483bd89c0249fdbafac5f47f01b990.png,Data Flow Object,0.11737058311700821,"['Data Flow Object', 'Composite Provider', 'Data Store Object', 'Data Source', 'Datenvorschau']","[0.11737058311700821, 0.08861434459686279, 0.08791114389896393, 0.07102994620800018, 0.07100207358598709]"
..\Data\Rest Ungelabelt\bf676d494fca4cf8b709bc73bf9f22d1.png,Excel,0.18449999392032623,"['Excel', 'Composite Provider', 'Data Store Object', 'Data Flow Object', 'Bewegungsdaten']","[0.18449999392032623, 0.06797759234905243, 0.06796624511480331, 0.0679614320397377, 0.06796011328697205]"
..\Data\Rest Ungelabelt\bf6843b3df424472bd30dfeaac343641.png,Data Store Object,0.17488355934619904,"['Data Store Object', 'Query', 'Data Source', 'DTP', 'BW4Cockpit (Stammdaten)']","[0.17488355934619904, 0.07114263623952866, 0.06926675885915756, 0.06863974779844284, 0.06855498254299164]"
..\Data\Rest Ungelabelt\bf6bdc6c3e3a48208265f6e8221663a5.png,Query,0.1266845166683197,"['Query', 'Data Store Object', 'Transformationen', 'Composite Provider', 'Datenvorschau']","[0.1266845166683197, 0.08206140249967575, 0.07432222366333008, 0.07279752194881439, 0.0727725476026535]"
..\Data\Rest Ungelabelt\bf6c73b13d874ad0af1cefcec29ab667.jpeg,BW4Cockpit (Stammdaten),0.11379329860210419,"['BW4Cockpit (Stammdaten)', 'Data Source', 'Data Store Object', 'Composite Provider', 'ABAP Dictionary']","[0.11379329860210419, 0.08707872033119202, 0.08097152411937714, 0.07748938351869583, 0.07359304279088974]"
..\Data\Rest Ungelabelt\bf7bdc168f93419e8af3c0c02c05ffa8.png,Excel,0.1846437305212021,"['Excel', 'Bewegungsdaten', 'Datenvorschau', 'Data Flow Object', 'DTP']","[0.1846437305212021, 0.06795634329319, 0.06794711202383041, 0.06794620305299759, 0.06794613599777222]"
..\Data\Rest Ungelabelt\bfbfa0e9906b41d595d2b62eea67a6a8.jpeg,Query,0.10246805846691132,"['Query', 'Composite Provider', 'Data Store Object', 'Transformationen', 'Data Source']","[0.10246805846691132, 0.09655093401670456, 0.0905870720744133, 0.07195843011140823, 0.07176926732063293]"
..\Data\Rest Ungelabelt\bffde9f46e6148efbcfadfeb09789002.png,Query,0.14915883541107178,"['Query', 'ABAP Dictionary', 'Transformationen', 'Composite Provider', 'Data Source']","[0.14915883541107178, 0.07791455090045929, 0.07311639189720154, 0.07107102125883102, 0.07071186602115631]"
..\Data\Rest Ungelabelt\c00c27f0634b4dbd887238d599a95a88.png,ABAP Dictionary,0.13800308108329773,"['ABAP Dictionary', 'Bewegungsdaten', 'Datenvorschau', 'DTP', 'BW4Cockpit (Stammdaten)']","[0.13800308108329773, 0.09459718316793442, 0.07015404105186462, 0.06978854537010193, 0.06976823508739471]"
..\Data\Rest Ungelabelt\c0111967d4ae42f5aade1dff68376794.png,Data Source,0.08466479927301407,"['Data Source', 'ABAP Dictionary', 'BW4Cockpit (Stammdaten)', 'Datenvorschau', 'Transformationen']","[0.08466479927301407, 0.0815817192196846, 0.08094638586044312, 0.0793994665145874, 0.07920140027999878]"
..\Data\Rest Ungelabelt\c042b7e98f2441cc9277f759450eb305.png,Bewegungsdaten,0.1730785369873047,"['Bewegungsdaten', 'Datenvorschau', 'Excel', 'Composite Provider', 'BW4Cockpit (Stammdaten)']","[0.1730785369873047, 0.07192905992269516, 0.06896451115608215, 0.06878063827753067, 0.06874040514230728]"
..\Data\Rest Ungelabelt\c06a879838ad46509ca41965562939b3.jpeg,Transformationen,0.09620091319084167,"['Transformationen', 'Datenvorschau', 'Data Source', 'Query', 'BW4Cockpit (Stammdaten)']","[0.09620091319084167, 0.08725655823945999, 0.08196485787630081, 0.07947733253240585, 0.07523445785045624]"
..\Data\Rest Ungelabelt\c07198c3e84841318ad702f0f469b30c.jpeg,Data Store Object,0.09506704658269882,"['Data Store Object', 'Bewegungsdaten', 'Composite Provider', 'Datenvorschau', 'DTP']","[0.09506704658269882, 0.08861574530601501, 0.08599060028791428, 0.08042840659618378, 0.07967642694711685]"
..\Data\Rest Ungelabelt\c077d7b16a16437f888adf5d1ed40d42.jpeg,Query,0.1843540072441101,"['Query', 'Data Flow Object', 'Composite Provider', 'Data Store Object', 'Datenvorschau']","[0.1843540072441101, 0.06801200658082962, 0.06799819320440292, 0.06797419488430023, 0.06797119975090027]"
..\Data\Rest Ungelabelt\c07bfec35f9d4290bfd826bbaa664478.jpeg,ABAP Dictionary,0.11834626644849777,"['ABAP Dictionary', 'Composite Provider', 'Data Flow Object', 'Transformationen', 'Data Source']","[0.11834626644849777, 0.08823502063751221, 0.08513876795768738, 0.07393234968185425, 0.07094172388315201]"
..\Data\Rest Ungelabelt\c0975c59a6b14056a6268d71f75c90d7.jpeg,DTP,0.1298750340938568,"['DTP', 'Query', 'Transformationen', 'Datenvorschau', 'Data Mart']","[0.1298750340938568, 0.08126974105834961, 0.0744243785738945, 0.07382358610630035, 0.07331527769565582]"
..\Data\Rest Ungelabelt\c0d002f6bf7b4c219d5437196ed03bc5.jpeg,Bewegungsdaten,0.08446850627660751,"['Bewegungsdaten', 'BW4Cockpit (Stammdaten)', 'Data Flow Object', 'Excel', 'Composite Provider']","[0.08446850627660751, 0.08427158743143082, 0.08159355074167252, 0.07740612328052521, 0.07707662135362625]"
..\Data\Rest Ungelabelt\c0dc7142823142daaa0007a7a7422b12.jpeg,Data Store Object,0.17702190577983856,"['Data Store Object', 'DTP', 'Data Mart', 'Composite Provider', 'Datenvorschau']","[0.17702190577983856, 0.0693068653345108, 0.0692392885684967, 0.06867140531539917, 0.06858639419078827]"
..\Data\Rest Ungelabelt\c0fbd27a627c43288786b3c838ea91a6.png,DTP,0.182820126414299,"['DTP', 'Excel', 'Bewegungsdaten', 'ABAP Dictionary', 'BW4Cockpit (Stammdaten)']","[0.182820126414299, 0.0684867724776268, 0.06826293468475342, 0.06806468218564987, 0.06805575639009476]"
..\Data\Rest Ungelabelt\c125c4ef2a1045028b556b8c5d4bd5f5.png,Excel,0.18460088968276978,"['Excel', 'BW4Cockpit (Stammdaten)', 'Bewegungsdaten', 'Composite Provider', 'Transformationen']","[0.18460088968276978, 0.06796064227819443, 0.0679531842470169, 0.06795217096805573, 0.06795080751180649]"
..\Data\Rest Ungelabelt\c1589924422240868fa705b9f1c9421c.png,BW4Cockpit (Stammdaten),0.1846775859594345,"['BW4Cockpit (Stammdaten)', 'Query', 'Data Store Object', 'DTP', 'Excel']","[0.1846775859594345, 0.0679447278380394, 0.0679442435503006, 0.06794388592243195, 0.06794353574514389]"
..\Data\Rest Ungelabelt\c162c747732448218e1f0eec6de284f8.png,Data Store Object,0.16308020055294037,"['Data Store Object', 'Composite Provider', 'DTP', 'Query', 'Data Mart']","[0.16308020055294037, 0.07540219277143478, 0.07128328084945679, 0.06929542869329453, 0.06905709952116013]"
..\Data\Rest Ungelabelt\c172d09e657a4be29c09d94ac3cc197f.jpeg,ABAP Dictionary,0.18414488434791565,"['ABAP Dictionary', 'DTP', 'Bewegungsdaten', 'Datenvorschau', 'Data Source']","[0.18414488434791565, 0.06806404888629913, 0.06805503368377686, 0.06799265742301941, 0.06797709316015244]"
..\Data\Rest Ungelabelt\c189fb8a42774892ade4bab7d5a01923.png,Query,0.18452218174934387,"['Query', 'Data Source', 'Data Store Object', 'Data Mart', 'Datenvorschau']","[0.18452218174934387, 0.06801231950521469, 0.0679531916975975, 0.06795252114534378, 0.06795185059309006]"
..\Data\Rest Ungelabelt\c18dd46de50545af8e9fc81c3a219287.png,Data Store Object,0.1772337555885315,"['Data Store Object', 'Data Mart', 'Data Source', 'Query', 'Datenvorschau']","[0.1772337555885315, 0.06998389214277267, 0.06906676292419434, 0.06872681528329849, 0.06846927106380463]"
..\Data\Rest Ungelabelt\c1dfd4fcdfe344cd870e4ecd08ddde58.jpeg,Composite Provider,0.1288716048002243,"['Composite Provider', 'Data Store Object', 'Datenvorschau', 'DTP', 'Data Source']","[0.1288716048002243, 0.08163782209157944, 0.07729916274547577, 0.07678660750389099, 0.07160691171884537]"
..\Data\Rest Ungelabelt\c1f4aaba59e44bca9a59b69524a61e36.png,Query,0.18468590080738068,"['Query', 'Data Source', 'Data Store Object', 'BW4Cockpit (Stammdaten)', 'Data Mart']","[0.18468590080738068, 0.0679430365562439, 0.06794293224811554, 0.06794285774230957, 0.06794285029172897]"
..\Data\Rest Ungelabelt\c201e0b2ae1b4b519af9aa836291d858.png,Data Source,0.18345089256763458,"['Data Source', 'Datenvorschau', 'DTP', 'Data Store Object', 'Query']","[0.18345089256763458, 0.06836681813001633, 0.06810345500707626, 0.06803322583436966, 0.06801756471395493]"
..\Data\Rest Ungelabelt\c21e611a51834169a1096b2ff7915b7f.png,Transformationen,0.1844826638698578,"['Transformationen', 'Composite Provider', 'Data Source', 'Data Store Object', 'Datenvorschau']","[0.1844826638698578, 0.0680379644036293, 0.0679527223110199, 0.06795267760753632, 0.06795267760753632]"
..\Data\Rest Ungelabelt\c264e6068d2d40d58dbb1fd399318f96.png,BW4Cockpit (Stammdaten),0.13654989004135132,"['BW4Cockpit (Stammdaten)', 'ABAP Dictionary', 'DTP', 'Data Store Object', 'Data Flow Object']","[0.13654989004135132, 0.08440697938203812, 0.07282163947820663, 0.07233835756778717, 0.07169845700263977]"
..\Data\Rest Ungelabelt\c27f24ab9f94426a8cd16eb2338d3d8f.png,Data Flow Object,0.17336653172969818,"['Data Flow Object', 'Composite Provider', 'Excel', 'Transformationen', 'ABAP Dictionary']","[0.17336653172969818, 0.073370561003685, 0.06855040043592453, 0.06849977374076843, 0.06847036629915237]"
..\Data\Rest Ungelabelt\c2da529c9d3a4687b91fad046b14845e.png,Composite Provider,0.09881458431482315,"['Composite Provider', 'Query', 'Datenvorschau', 'Data Store Object', 'Excel']","[0.09881458431482315, 0.09836733341217041, 0.07818906754255295, 0.07569193094968796, 0.07518328726291656]"
..\Data\Rest Ungelabelt\c2dd7879598f4d23a5a0ee17af72d071.jpeg,Composite Provider,0.13469678163528442,"['Composite Provider', 'Data Flow Object', 'Transformationen', 'Data Store Object', 'DTP']","[0.13469678163528442, 0.09693367779254913, 0.06999395042657852, 0.06994499266147614, 0.06991168111562729]"
..\Data\Rest Ungelabelt\c2e0e11c7db14aa2a63ab56c5ad3c4fc.jpeg,Query,0.16673386096954346,"['Query', 'Composite Provider', 'Data Store Object', 'Transformationen', 'Data Source']","[0.16673386096954346, 0.07235859334468842, 0.07139147073030472, 0.06944219768047333, 0.06929706782102585]"
..\Data\Rest Ungelabelt\c2f875bb88fe4352b9071bdd5507b9e0.jpeg,Datenvorschau,0.09679099917411804,"['Datenvorschau', 'Composite Provider', 'Data Store Object', 'Transformationen', 'DTP']","[0.09679099917411804, 0.090236134827137, 0.08363060653209686, 0.07862784713506699, 0.07574483007192612]"
..\Data\Rest Ungelabelt\c300634170414454b4a6e47c14e56e6e.png,Excel,0.18466998636722565,"['Excel', 'Datenvorschau', 'Composite Provider', 'Bewegungsdaten', 'Data Store Object']","[0.18466998636722565, 0.06794707477092743, 0.06794498860836029, 0.06794465333223343, 0.06794414669275284]"
..\Data\Rest Ungelabelt\c312e94f6b7c4593b58ff064a75c48f5.png,Data Store Object,0.1478894203901291,"['Data Store Object', 'Datenvorschau', 'Composite Provider', 'Data Mart', 'Transformationen']","[0.1478894203901291, 0.07592801749706268, 0.07274408638477325, 0.07202525436878204, 0.07190528512001038]"
..\Data\Rest Ungelabelt\c33c1ea27dc24629923268407a4d4936.png,Data Flow Object,0.1808730959892273,"['Data Flow Object', 'Composite Provider', 'DTP', 'ABAP Dictionary', 'Data Store Object']","[0.1808730959892273, 0.06888259947299957, 0.06838827580213547, 0.06829329580068588, 0.06825915724039078]"
..\Data\Rest Ungelabelt\c35631737fca47f39c5fdcc1939c7145.jpeg,Datenvorschau,0.09307702630758286,"['Datenvorschau', 'Data Store Object', 'Composite Provider', 'Data Flow Object', 'Transformationen']","[0.09307702630758286, 0.08529291301965714, 0.08512526750564575, 0.08082901686429977, 0.08029434084892273]"
..\Data\Rest Ungelabelt\c39c1ba9a8284340a76fd6dee2b36cc7.png,Bewegungsdaten,0.0896182507276535,"['Bewegungsdaten', 'Excel', 'BW4Cockpit (Stammdaten)', 'Composite Provider', 'Data Flow Object']","[0.0896182507276535, 0.08101223409175873, 0.07847105711698532, 0.07712992280721664, 0.07702633738517761]"
..\Data\Rest Ungelabelt\c3ab298af093497abbaa83d137427517.jpeg,ABAP Dictionary,0.1595856249332428,"['ABAP Dictionary', 'Bewegungsdaten', 'BW4Cockpit (Stammdaten)', 'Datenvorschau', 'Data Source']","[0.1595856249332428, 0.07897722721099854, 0.0700898990035057, 0.06953289359807968, 0.06921444833278656]"
..\Data\Rest Ungelabelt\c3b84d26b1d34b5b93575db0e177b20c.png,Transformationen,0.12186891585588455,"['Transformationen', 'Query', 'Data Store Object', 'Data Source', 'Composite Provider']","[0.12186891585588455, 0.08557337522506714, 0.0769089087843895, 0.07578422874212265, 0.07287508249282837]"
..\Data\Rest Ungelabelt\c3c5016345c1403f9c1eabf5c8b60f61.png,Transformationen,0.11215083301067352,"['Transformationen', 'Query', 'Data Source', 'Data Store Object', 'Composite Provider']","[0.11215083301067352, 0.08900228142738342, 0.07992026954889297, 0.07824096083641052, 0.0729602500796318]"
..\Data\Rest Ungelabelt\c3c563c0437e454d970ae52b05935eca.jpeg,Data Flow Object,0.17739097774028778,"['Data Flow Object', 'Composite Provider', 'DTP', 'Transformationen', 'Excel']","[0.17739097774028778, 0.0714549571275711, 0.06828689575195312, 0.06828681379556656, 0.06828673183917999]"
..\Data\Rest Ungelabelt\c3ccd37335814d9eb7f5fe861f822157.jpeg,DTP,0.18384861946105957,"['DTP', 'Bewegungsdaten', 'BW4Cockpit (Stammdaten)', 'ABAP Dictionary', 'Data Store Object']","[0.18384861946105957, 0.06821439415216446, 0.06801991164684296, 0.06801603734493256, 0.06799989193677902]"
..\Data\Rest Ungelabelt\c3d04a5b9bdf437f8c1809f4b23d5654.jpeg,Query,0.10845780372619629,"['Query', 'Data Source', 'Data Mart', 'Datenvorschau', 'Data Store Object']","[0.10845780372619629, 0.10294412076473236, 0.07501060515642166, 0.07323896139860153, 0.07278236746788025]"
..\Data\Rest Ungelabelt\c414dfc931ee4f578662c7545b4e23ff.png,Query,0.18457026779651642,"['Query', 'Data Flow Object', 'Composite Provider', 'Datenvorschau', 'Data Mart']","[0.18457026779651642, 0.06796597689390182, 0.06795596331357956, 0.0679558590054512, 0.06795269250869751]"
..\Data\Rest Ungelabelt\c417aa3bbcc643c2b8d2253bc4083fb1.png,Data Store Object,0.15160340070724487,"['Data Store Object', 'Query', 'Composite Provider', 'Data Source', 'Data Mart']","[0.15160340070724487, 0.07526776939630508, 0.0739583671092987, 0.07108886539936066, 0.070860356092453]"
..\Data\Rest Ungelabelt\c42b1aa166eb4ec4b6352654412d2b27.jpeg,Transformationen,0.1775217056274414,"['Transformationen', 'Composite Provider', 'Excel', 'Data Flow Object', 'Datenvorschau']","[0.1775217056274414, 0.07136416435241699, 0.06828910112380981, 0.06828667968511581, 0.06828656792640686]"
..\Data\Rest Ungelabelt\c45ac6ad07e34da4a2305dd105d600f5.png,Composite Provider,0.1265827715396881,"['Composite Provider', 'Data Store Object', 'Query', 'Data Mart', 'Datenvorschau']","[0.1265827715396881, 0.10182853788137436, 0.07096096873283386, 0.07084078341722488, 0.07009116560220718]"
..\Data\Rest Ungelabelt\c46d172a89cb404291b668263ce861ec.png,Datenvorschau,0.12236575037240982,"['Datenvorschau', 'Data Source', 'Data Store Object', 'Query', 'Data Mart']","[0.12236575037240982, 0.09628156572580338, 0.07605906575918198, 0.07250460237264633, 0.07075124233961105]"
..\Data\Rest Ungelabelt\c4803bc1c95340fd8768515c7110cb2a.png,Query,0.1295284628868103,"['Query', 'Data Source', 'Datenvorschau', 'Data Store Object', 'BW4Cockpit (Stammdaten)']","[0.1295284628868103, 0.09102065116167068, 0.07354128360748291, 0.0724363774061203, 0.07105796784162521]"
..\Data\Rest Ungelabelt\c484c720873a4d9ab9076c0df1645725.jpeg,Data Source,0.11130937933921814,"['Data Source', 'Datenvorschau', 'Data Store Object', 'Data Mart', 'Transformationen']","[0.11130937933921814, 0.1026916429400444, 0.07508579641580582, 0.0731307715177536, 0.0718654915690422]"
..\Data\Rest Ungelabelt\c4850f268e644ca9a6b04e7d5d173588.jpeg,Bewegungsdaten,0.09497635811567307,"['Bewegungsdaten', 'Datenvorschau', 'Data Store Object', 'Data Source', 'Data Flow Object']","[0.09497635811567307, 0.09430810809135437, 0.08237450569868088, 0.0767674371600151, 0.073912613093853]"
..\Data\Rest Ungelabelt\c49b4f5d9c634dd6a942d3cfa12d86bc.png,Data Source,0.11882045120000839,"['Data Source', 'Data Store Object', 'Datenvorschau', 'BW4Cockpit (Stammdaten)', 'Bewegungsdaten']","[0.11882045120000839, 0.08609724044799805, 0.0771249458193779, 0.07555543631315231, 0.0738207995891571]"
..\Data\Rest Ungelabelt\c4ba3dbf6b4c4de0a7e55af37959303d.jpeg,Data Store Object,0.18098826706409454,"['Data Store Object', 'Data Mart', 'Query', 'DTP', 'Data Source']","[0.18098826706409454, 0.06868638098239899, 0.0683959573507309, 0.06833548098802567, 0.06828310340642929]"
..\Data\Rest Ungelabelt\c4edd625396d4b2f965dd819fc252b4e.png,Query,0.12874414026737213,"['Query', 'DTP', 'Data Source', 'Data Store Object', 'Composite Provider']","[0.12874414026737213, 0.08374343067407608, 0.07547606527805328, 0.07498209923505783, 0.07289385795593262]"
..\Data\Rest Ungelabelt\c5181e29c3244621bb848cc6dc40bf8f.png,Query,0.18468020856380463,"['Query', 'Data Store Object', 'Data Mart', 'BW4Cockpit (Stammdaten)', 'Composite Provider']","[0.18468020856380463, 0.06794548034667969, 0.06794328987598419, 0.0679432675242424, 0.06794311851263046]"
..\Data\Rest Ungelabelt\c55c758032744b218f0c55989ef18f65.jpeg,Data Source,0.11791571974754333,"['Data Source', 'Data Flow Object', 'Composite Provider', 'Datenvorschau', 'Data Store Object']","[0.11791571974754333, 0.08152993768453598, 0.08000759035348892, 0.07956346869468689, 0.07440675795078278]"
..\Data\Rest Ungelabelt\c591dd179ff749d6be882777c81b09c8.png,Transformationen,0.18095563352108002,"['Transformationen', 'Excel', 'Composite Provider', 'Data Flow Object', 'DTP']","[0.18095563352108002, 0.06888923794031143, 0.06885823607444763, 0.06815213710069656, 0.0681413784623146]"
..\Data\Rest Ungelabelt\c5ad4bceaf7849e481b28c4f69962341.png,Data Flow Object,0.1846693903207779,"['Data Flow Object', 'Composite Provider', 'ABAP Dictionary', 'DTP', 'Data Source']","[0.1846693903207779, 0.06795104593038559, 0.06794361770153046, 0.06794359534978867, 0.06794359534978867]"
..\Data\Rest Ungelabelt\c5b40beb5be44f879660cc0307366779.jpeg,Data Store Object,0.1594797968864441,"['Data Store Object', 'Datenvorschau', 'Data Mart', 'Composite Provider', 'Data Source']","[0.1594797968864441, 0.07437584549188614, 0.07190262526273727, 0.07186072319746017, 0.06949703395366669]"
..\Data\Rest Ungelabelt\c5d06b9e40c54c28a5621830204851e3.png,Data Store Object,0.17736777663230896,"['Data Store Object', 'Data Mart', 'Data Source', 'Datenvorschau', 'Composite Provider']","[0.17736777663230896, 0.06968468427658081, 0.06957518309354782, 0.0686035081744194, 0.06835340708494186]"
..\Data\Rest Ungelabelt\c5e9a142417f4936905ec997a9517947.jpeg,Transformationen,0.10467024892568588,"['Transformationen', 'Composite Provider', 'Datenvorschau', 'Bewegungsdaten', 'Data Source']","[0.10467024892568588, 0.08788620680570602, 0.0831088200211525, 0.0797308012843132, 0.07353316992521286]"
..\Data\Rest Ungelabelt\c5fd401847e747d2bb2566da1ba3e596.png,Bewegungsdaten,0.0896182507276535,"['Bewegungsdaten', 'Excel', 'BW4Cockpit (Stammdaten)', 'Composite Provider', 'Data Flow Object']","[0.0896182507276535, 0.08101223409175873, 0.07847105711698532, 0.07712992280721664, 0.07702633738517761]"
..\Data\Rest Ungelabelt\c6267cd9f3c24a15b168d71cf608c16e.png,Bewegungsdaten,0.13682058453559875,"['Bewegungsdaten', 'ABAP Dictionary', 'Data Source', 'Datenvorschau', 'BW4Cockpit (Stammdaten)']","[0.13682058453559875, 0.08034531027078629, 0.0737157016992569, 0.07322724908590317, 0.07223372161388397]"
..\Data\Rest Ungelabelt\c6267d9f181c48b7a97e86f6c94303fb.png,Composite Provider,0.11005830764770508,"['Composite Provider', 'Data Flow Object', 'Bewegungsdaten', 'DTP', 'ABAP Dictionary']","[0.11005830764770508, 0.10540179908275604, 0.07755149155855179, 0.07154608517885208, 0.07120966166257858]"
..\Data\Rest Ungelabelt\c62efc3404b34179aafaf0603ce176e1.png,Datenvorschau,0.09673593938350677,"['Datenvorschau', 'Data Store Object', 'Composite Provider', 'DTP', 'Query']","[0.09673593938350677, 0.09495240449905396, 0.08305294811725616, 0.07560565322637558, 0.07468826323747635]"
..\Data\Rest Ungelabelt\c633eb0257ed412e8c2ff14368be9b10.png,Datenvorschau,0.13265450298786163,"['Datenvorschau', 'DTP', 'Data Store Object', 'Composite Provider', 'Data Source']","[0.13265450298786163, 0.07673320174217224, 0.07659230381250381, 0.07594412565231323, 0.07250194251537323]"
..\Data\Rest Ungelabelt\c636972f7aec4d069ed7fbf6d691ee40.png,Query,0.18445099890232086,"['Query', 'BW4Cockpit (Stammdaten)', 'Data Store Object', 'Data Source', 'Datenvorschau']","[0.18445099890232086, 0.06799078732728958, 0.06798261404037476, 0.06796446442604065, 0.06796105951070786]"
..\Data\Rest Ungelabelt\c652f35b3ca84a03889387eca74240e6.png,Data Store Object,0.11218563467264175,"['Data Store Object', 'ABAP Dictionary', 'Datenvorschau', 'Composite Provider', 'DTP']","[0.11218563467264175, 0.08839757740497589, 0.08123670518398285, 0.07642968744039536, 0.07245980203151703]"
..\Data\Rest Ungelabelt\c666c924690f4a86a7ed0d901429ff26.jpeg,ABAP Dictionary,0.09775713831186295,"['ABAP Dictionary', 'Transformationen', 'DTP', 'Data Source', 'Composite Provider']","[0.09775713831186295, 0.09485365450382233, 0.08271865546703339, 0.07565289735794067, 0.0738711953163147]"
..\Data\Rest Ungelabelt\c66ff3733a17460694468f774fded023.png,Datenvorschau,0.1728876382112503,"['Datenvorschau', 'DTP', 'Composite Provider', 'Excel', 'Bewegungsdaten']","[0.1728876382112503, 0.07140936702489853, 0.06981319934129715, 0.0687946006655693, 0.06864507496356964]"
..\Data\Rest Ungelabelt\c67923107bc44c699d9429d55da92220.png,Data Store Object,0.13676314055919647,"['Data Store Object', 'Data Mart', 'Data Source', 'Datenvorschau', 'DTP']","[0.13676314055919647, 0.08713655918836594, 0.07639051228761673, 0.07057687640190125, 0.0700230821967125]"
..\Data\Rest Ungelabelt\c685a9c525474b54ba1456cdbb1cae04.png,Bewegungsdaten,0.18468622863292694,"['Bewegungsdaten', 'ABAP Dictionary', 'Datenvorschau', 'Excel', 'BW4Cockpit (Stammdaten)']","[0.18468622863292694, 0.06794310361146927, 0.06794288754463196, 0.06794282048940659, 0.0679427981376648]"
..\Data\Rest Ungelabelt\c6866c25ef7f422581038a456c0d14e5.jpeg,Data Store Object,0.18012726306915283,"['Data Store Object', 'DTP', 'BW4Cockpit (Stammdaten)', 'Composite Provider', 'Query']","[0.18012726306915283, 0.0691828653216362, 0.06860590726137161, 0.06849022209644318, 0.06822904944419861]"
..\Data\Rest Ungelabelt\c6aa03502aff47148785142336f5df4b.png,Data Store Object,0.12201009690761566,"['Data Store Object', 'Data Source', 'Data Mart', 'Query', 'Datenvorschau']","[0.12201009690761566, 0.09488232433795929, 0.07546141743659973, 0.07436957210302353, 0.07108450680971146]"
..\Data\Rest Ungelabelt\c6ab6dc1a183423ba7c06a193ed15e8d.png,BW4Cockpit (Stammdaten),0.18130680918693542,"['BW4Cockpit (Stammdaten)', 'Query', 'Excel', 'Datenvorschau', 'Data Store Object']","[0.18130680918693542, 0.06907181441783905, 0.06822987645864487, 0.06818331778049469, 0.06817282736301422]"
..\Data\Rest Ungelabelt\c6ae85d939984a5b80752482157eb6f3.png,DTP,0.17807278037071228,"['DTP', 'ABAP Dictionary', 'BW4Cockpit (Stammdaten)', 'Bewegungsdaten', 'Data Store Object']","[0.17807278037071228, 0.06941886991262436, 0.06934266537427902, 0.06855107098817825, 0.06846195459365845]"
..\Data\Rest Ungelabelt\c6efdd8d16f94a82a03ef41a67e02e5d.png,Data Source,0.12016290426254272,"['Data Source', 'Datenvorschau', 'Data Store Object', 'Query', 'Data Mart']","[0.12016290426254272, 0.08414711058139801, 0.0793531984090805, 0.07677080482244492, 0.07328303158283234]"
..\Data\Rest Ungelabelt\c6fd78b15cba4f1ea642e1efcee53075.jpeg,Data Store Object,0.09156724810600281,"['Data Store Object', 'Datenvorschau', 'Excel', 'Composite Provider', 'Query']","[0.09156724810600281, 0.08782601356506348, 0.08185213059186935, 0.07862143963575363, 0.07651937752962112]"
..\Data\Rest Ungelabelt\c72f6ee5ff0b4e99a4c0d7cee4901173.png,Data Source,0.11558428406715393,"['Data Source', 'Transformationen', 'Query', 'Datenvorschau', 'Data Store Object']","[0.11558428406715393, 0.07904235273599625, 0.07866734266281128, 0.07645415514707565, 0.07610292732715607]"
..\Data\Rest Ungelabelt\c741abd74e534621803e0a1a85680518.png,Data Store Object,0.10924080014228821,"['Data Store Object', 'Data Mart', 'Data Source', 'Query', 'Datenvorschau']","[0.10924080014228821, 0.08554844558238983, 0.08082959800958633, 0.07809380441904068, 0.07775579392910004]"
..\Data\Rest Ungelabelt\c743ef7f0b6a423a8b68f4493576883e.png,Composite Provider,0.15308107435703278,"['Composite Provider', 'Data Store Object', 'DTP', 'Query', 'Data Source']","[0.15308107435703278, 0.0777691900730133, 0.07253126800060272, 0.07101447880268097, 0.07001817971467972]"
..\Data\Rest Ungelabelt\c788840a82ff4b3397b0b2ca35c54a25.png,Data Store Object,0.14353711903095245,"['Data Store Object', 'Data Source', 'Datenvorschau', 'Data Mart', 'Query']","[0.14353711903095245, 0.08740736544132233, 0.07077054679393768, 0.07054687291383743, 0.07028603553771973]"
..\Data\Rest Ungelabelt\c78ccc754c0846ff969419c7ebe166b1.png,Data Store Object,0.17422640323638916,"['Data Store Object', 'Composite Provider', 'ABAP Dictionary', 'DTP', 'Data Mart']","[0.17422640323638916, 0.07004161924123764, 0.06904297322034836, 0.06891924887895584, 0.06883639097213745]"
..\Data\Rest Ungelabelt\c7a70882c65e416da21bdbe8c471dddf.png,Transformationen,0.10154817253351212,"['Transformationen', 'Query', 'Data Mart', 'Data Store Object', 'DTP']","[0.10154817253351212, 0.08619475364685059, 0.08303218334913254, 0.07720817625522614, 0.07540298998355865]"
..\Data\Rest Ungelabelt\c7fed9b9c75349dbbf9d3ba9dd0ed81a.png,Excel,0.1843189150094986,"['Excel', 'DTP', 'Composite Provider', 'ABAP Dictionary', 'Bewegungsdaten']","[0.1843189150094986, 0.06798645108938217, 0.0679846704006195, 0.06798399984836578, 0.06797955185174942]"
..\Data\Rest Ungelabelt\c80863fe3ea4432f9bb0b444408d0b07.jpeg,Query,0.10772659629583359,"['Query', 'Data Store Object', 'Composite Provider', 'BW4Cockpit (Stammdaten)', 'Data Mart']","[0.10772659629583359, 0.09489021450281143, 0.08540146797895432, 0.07278550416231155, 0.07201244682073593]"
..\Data\Rest Ungelabelt\c80b3b3065a24844a26daa637fb4fbe4.png,Query,0.1840427666902542,"['Query', 'Data Source', 'Data Store Object', 'BW4Cockpit (Stammdaten)', 'Data Mart']","[0.1840427666902542, 0.06804031878709793, 0.06803002953529358, 0.06800289452075958, 0.06800075620412827]"
..\Data\Rest Ungelabelt\c8130ee862794edaa45756d9020bbe14.png,Excel,0.14525900781154633,"['Excel', 'Datenvorschau', 'Composite Provider', 'Data Store Object', 'Bewegungsdaten']","[0.14525900781154633, 0.07814956456422806, 0.07523459196090698, 0.0723620057106018, 0.07084251940250397]"
..\Data\Rest Ungelabelt\c867c80dea9242d785234433540215d4.png,Query,0.11519334465265274,"['Query', 'Data Source', 'Data Store Object', 'Datenvorschau', 'Data Mart']","[0.11519334465265274, 0.11280648410320282, 0.07127248495817184, 0.07024240493774414, 0.07019338756799698]"
..\Data\Rest Ungelabelt\c86d84972bb44c76929c8d3eb984dbb4.png,Data Source,0.16715794801712036,"['Data Source', 'Datenvorschau', 'Data Mart', 'Query', 'Data Store Object']","[0.16715794801712036, 0.07409816235303879, 0.06980521976947784, 0.06928912550210953, 0.06922454386949539]"
..\Data\Rest Ungelabelt\c86fdc83196b411b9fa771a17784f810.png,Data Store Object,0.1846671849489212,"['Data Store Object', 'DTP', 'BW4Cockpit (Stammdaten)', 'Data Mart', 'Composite Provider']","[0.1846671849489212, 0.06794863939285278, 0.06794622540473938, 0.06794416159391403, 0.06794385612010956]"
..\Data\Rest Ungelabelt\c8715f04748641f1b72cda24047f0d25.jpeg,Data Store Object,0.11444883793592453,"['Data Store Object', 'Query', 'Data Source', 'ABAP Dictionary', 'Data Mart']","[0.11444883793592453, 0.10963622480630875, 0.07289177179336548, 0.07066582143306732, 0.07052644342184067]"
..\Data\Rest Ungelabelt\c87f0ad0b842468fac6ac9c664d3ab91.jpeg,Bewegungsdaten,0.1846589744091034,"['Bewegungsdaten', 'ABAP Dictionary', 'Datenvorschau', 'BW4Cockpit (Stammdaten)', 'Excel']","[0.1846589744091034, 0.06795288622379303, 0.06794536858797073, 0.06794501841068268, 0.06794476509094238]"
..\Data\Rest Ungelabelt\c881cddbabf64f8b85a86fc411a84a79.jpeg,Data Source,0.12681014835834503,"['Data Source', 'Query', 'Data Mart', 'Data Store Object', 'Composite Provider']","[0.12681014835834503, 0.08098840713500977, 0.07627377659082413, 0.07616618275642395, 0.07305216789245605]"
..\Data\Rest Ungelabelt\c89820c940b04e169386c500a127303f.png,Composite Provider,0.09994202107191086,"['Composite Provider', 'Data Source', 'Data Flow Object', 'Datenvorschau', 'Transformationen']","[0.09994202107191086, 0.0952630266547203, 0.08322169631719589, 0.0762922540307045, 0.07457128167152405]"
..\Data\Rest Ungelabelt\c8a0279526df4137a7b2eb2a3438a494.png,Data Store Object,0.18466819822788239,"['Data Store Object', 'DTP', 'Data Mart', 'BW4Cockpit (Stammdaten)', 'Composite Provider']","[0.18466819822788239, 0.06794675439596176, 0.06794647127389908, 0.06794486939907074, 0.06794394552707672]"
..\Data\Rest Ungelabelt\c8bf9d07e5d0444e95603104819889a1.png,Transformationen,0.1076299399137497,"['Transformationen', 'DTP', 'Composite Provider', 'ABAP Dictionary', 'Data Flow Object']","[0.1076299399137497, 0.10718639940023422, 0.07580704241991043, 0.07224623113870621, 0.07202772796154022]"
..\Data\Rest Ungelabelt\c8c604ff93c14cdbab8a642eda98ddfc.png,Bewegungsdaten,0.0896182507276535,"['Bewegungsdaten', 'Excel', 'BW4Cockpit (Stammdaten)', 'Composite Provider', 'Data Flow Object']","[0.0896182507276535, 0.08101223409175873, 0.07847105711698532, 0.07712992280721664, 0.07702633738517761]"
..\Data\Rest Ungelabelt\c8dde8d5846742f5b69468819a640b98.png,Data Store Object,0.16463136672973633,"['Data Store Object', 'Data Source', 'Query', 'Data Mart', 'Datenvorschau']","[0.16463136672973633, 0.07257029414176941, 0.07189210504293442, 0.07018810510635376, 0.06963258236646652]"
..\Data\Rest Ungelabelt\c8df6c26d3c34772ae33bad25f1404bd.png,Data Store Object,0.1579962968826294,"['Data Store Object', 'Data Mart', 'Data Source', 'Datenvorschau', 'Query']","[0.1579962968826294, 0.075204037129879, 0.07252831012010574, 0.07042306661605835, 0.06978789716959]"
..\Data\Rest Ungelabelt\c8e1b05142da454fa81a32fa12897dd5.png,Transformationen,0.11867322772741318,"['Transformationen', 'Query', 'Data Source', 'Data Store Object', 'Composite Provider']","[0.11867322772741318, 0.08835230022668839, 0.07907740771770477, 0.0757313147187233, 0.07227879762649536]"
..\Data\Rest Ungelabelt\c8ea9cfdebad4c5bbc7566804dcbed6f.png,BW4Cockpit (Stammdaten),0.09662191569805145,"['BW4Cockpit (Stammdaten)', 'ABAP Dictionary', 'Bewegungsdaten', 'DTP', 'Data Store Object']","[0.09662191569805145, 0.0954168513417244, 0.0914136990904808, 0.0754176452755928, 0.07437604665756226]"
..\Data\Rest Ungelabelt\c922bffb82e149c8913ca5ab3da35703.png,Transformationen,0.14476145803928375,"['Transformationen', 'Excel', 'ABAP Dictionary', 'Composite Provider', 'Data Flow Object']","[0.14476145803928375, 0.09047494828701019, 0.06959584355354309, 0.0695548802614212, 0.06954734772443771]"
..\Data\Rest Ungelabelt\c92e1e6fa1014977a831d53b2eefcd95.png,Data Store Object,0.14801451563835144,"['Data Store Object', 'ABAP Dictionary', 'Data Source', 'DTP', 'BW4Cockpit (Stammdaten)']","[0.14801451563835144, 0.07775501161813736, 0.07269292324781418, 0.0714850202202797, 0.07104440778493881]"
..\Data\Rest Ungelabelt\c93448a59203424ba6ab0fb116e16e0c.jpeg,Datenvorschau,0.14231990277767181,"['Datenvorschau', 'Excel', 'Data Store Object', 'Query', 'DTP']","[0.14231990277767181, 0.08813121169805527, 0.07040368020534515, 0.07027105987071991, 0.07019580155611038]"
..\Data\Rest Ungelabelt\c95e31fa1a984f11a4b0ad4c7fb3d3f0.png,Data Flow Object,0.18372876942157745,"['Data Flow Object', 'Composite Provider', 'Datenvorschau', 'Transformationen', 'DTP']","[0.18372876942157745, 0.06837979704141617, 0.06799585372209549, 0.06799139082431793, 0.06798981130123138]"
..\Data\Rest Ungelabelt\c970bf0603b841f79fbe0910c6691ec4.jpeg,Data Flow Object,0.13116446137428284,"['Data Flow Object', 'Composite Provider', 'Transformationen', 'ABAP Dictionary', 'Datenvorschau']","[0.13116446137428284, 0.08944716304540634, 0.07524395734071732, 0.07100069522857666, 0.07090394198894501]"
..\Data\Rest Ungelabelt\c98d5134cbed48aba1e95dd63f8cf015.png,Data Source,0.15224988758563995,"['Data Source', 'Data Store Object', 'Data Mart', 'Datenvorschau', 'Query']","[0.15224988758563995, 0.08045238256454468, 0.07195597887039185, 0.070872001349926, 0.0695396214723587]"
..\Data\Rest Ungelabelt\c9a0dbc3b273484daebaab74cd720f50.png,BW4Cockpit (Stammdaten),0.18169540166854858,"['BW4Cockpit (Stammdaten)', 'Query', 'Excel', 'Data Store Object', 'Datenvorschau']","[0.18169540166854858, 0.06900256127119064, 0.06820864975452423, 0.06817080825567245, 0.06811768561601639]"
..\Data\Rest Ungelabelt\c9aa2b5d581842949fb16ef8d2f8f5d3.png,BW4Cockpit (Stammdaten),0.18459878861904144,"['BW4Cockpit (Stammdaten)', 'Data Store Object', 'DTP', 'Excel', 'Query']","[0.18459878861904144, 0.06796979159116745, 0.0679580345749855, 0.06794838607311249, 0.06794794648885727]"
..\Data\Rest Ungelabelt\c9c1897186a24a568159664060954756.png,Data Flow Object,0.18468107283115387,"['Data Flow Object', 'Composite Provider', 'ABAP Dictionary', 'DTP', 'Data Store Object']","[0.18468107283115387, 0.06794565916061401, 0.0679430440068245, 0.0679430440068245, 0.0679430440068245]"
..\Data\Rest Ungelabelt\c9c30ca019fb4d5dbdf81a851abaa51a.png,Data Store Object,0.10003612190485,"['Data Store Object', 'Datenvorschau', 'Data Source', 'Composite Provider', 'Data Mart']","[0.10003612190485, 0.08832162618637085, 0.08483823388814926, 0.07811296731233597, 0.07642105221748352]"
..\Data\Rest Ungelabelt\c9d1128ed7db4c62ab8047b3d966e4c7.png,Datenvorschau,0.18456877768039703,"['Datenvorschau', 'Bewegungsdaten', 'Data Source', 'Data Store Object', 'Composite Provider']","[0.18456877768039703, 0.06798096001148224, 0.06795945018529892, 0.06795214116573334, 0.06794974952936172]"
..\Data\Rest Ungelabelt\ca02bdc1ba4d4ee3a871928008c283fa.png,Transformationen,0.18465526401996613,"['Transformationen', 'Composite Provider', 'Data Source', 'Datenvorschau', 'Data Flow Object']","[0.18465526401996613, 0.06795306503772736, 0.06794662773609161, 0.0679459348320961, 0.0679444894194603]"
..\Data\Rest Ungelabelt\ca16a85f84a4477db7853045365a7f72.jpeg,Composite Provider,0.1084047183394432,"['Composite Provider', 'Excel', 'Transformationen', 'BW4Cockpit (Stammdaten)', 'Bewegungsdaten']","[0.1084047183394432, 0.0970885381102562, 0.07687127590179443, 0.07371721416711807, 0.07263024896383286]"
..\Data\Rest Ungelabelt\ca4aef1a538f4b2fab4a9157044d6ae5.png,Transformationen,0.11901653558015823,"['Transformationen', 'Datenvorschau', 'Data Store Object', 'Composite Provider', 'Data Source']","[0.11901653558015823, 0.08080611377954483, 0.0766243115067482, 0.07539165019989014, 0.07454570382833481]"
..\Data\Rest Ungelabelt\ca56399c01e44b16b33534080a192ccb.png,Composite Provider,0.16456574201583862,"['Composite Provider', 'Data Flow Object', 'Transformationen', 'DTP', 'Query']","[0.16456574201583862, 0.07440269738435745, 0.07012313604354858, 0.06974188983440399, 0.06953509896993637]"
..\Data\Rest Ungelabelt\ca5edef8e2be482db6cf2e6bf57abb33.jpeg,Data Store Object,0.13495264947414398,"['Data Store Object', 'Query', 'Data Mart', 'Composite Provider', 'Datenvorschau']","[0.13495264947414398, 0.08695469051599503, 0.07218869030475616, 0.07212040573358536, 0.0714278295636177]"
..\Data\Rest Ungelabelt\ca7b00e942474c93b516ae075b90d3d1.png,BW4Cockpit (Stammdaten),0.14065761864185333,"['BW4Cockpit (Stammdaten)', 'DTP', 'Data Store Object', 'ABAP Dictionary', 'Data Flow Object']","[0.14065761864185333, 0.08443040400743484, 0.0738098993897438, 0.07159221917390823, 0.0713181421160698]"
..\Data\Rest Ungelabelt\ca83e1f71db448c5b3cca35b01564a9b.png,Data Store Object,0.1090516522526741,"['Data Store Object', 'Datenvorschau', 'Composite Provider', 'Data Mart', 'Bewegungsdaten']","[0.1090516522526741, 0.09550176560878754, 0.08215095102787018, 0.07383809238672256, 0.07328413426876068]"
..\Data\Rest Ungelabelt\ca8994b878634f0cbdd3351088f55499.png,Query,0.1841123253107071,"['Query', 'Data Mart', 'Data Store Object', 'Composite Provider', 'BW4Cockpit (Stammdaten)']","[0.1841123253107071, 0.06803065538406372, 0.06802967935800552, 0.06800676882266998, 0.06800143420696259]"
..\Data\Rest Ungelabelt\ca90c15718e44e85954e28d70f9e56f6.png,Composite Provider,0.09244222939014435,"['Composite Provider', 'Query', 'DTP', 'Transformationen', 'Data Flow Object']","[0.09244222939014435, 0.09092678874731064, 0.08243248611688614, 0.07997657358646393, 0.07820247113704681]"
..\Data\Rest Ungelabelt\cabf321e692d4149838af77d66e03e10.jpeg,Composite Provider,0.12118101119995117,"['Composite Provider', 'Data Flow Object', 'Transformationen', 'Data Store Object', 'ABAP Dictionary']","[0.12118101119995117, 0.1089649498462677, 0.07008921355009079, 0.0700388103723526, 0.07001199573278427]"
..\Data\Rest Ungelabelt\cac20cfcbc7c4887a1072940d96daeab.png,DTP,0.18464671075344086,"['DTP', 'ABAP Dictionary', 'BW4Cockpit (Stammdaten)', 'Transformationen', 'Data Source']","[0.18464671075344086, 0.06795673817396164, 0.06794851273298264, 0.0679454579949379, 0.06794476509094238]"
..\Data\Rest Ungelabelt\cae639789ddb48d28cd4ceb6228e1d69.jpeg,Data Store Object,0.16708891093730927,"['Data Store Object', 'Data Source', 'Query', 'Data Mart', 'Datenvorschau']","[0.16708891093730927, 0.07312101125717163, 0.07182192802429199, 0.06897664070129395, 0.06888026744127274]"
..\Data\Rest Ungelabelt\cb045dea30ae48b789adca116bfade32.png,Query,0.169230118393898,"['Query', 'Composite Provider', 'Transformationen', 'Data Flow Object', 'DTP']","[0.169230118393898, 0.07328402996063232, 0.0703306496143341, 0.06892779469490051, 0.06871677935123444]"
..\Data\Rest Ungelabelt\cb364d4520204b5f83f9811432599b79.png,Query,0.15220317244529724,"['Query', 'Data Store Object', 'Transformationen', 'Data Source', 'BW4Cockpit (Stammdaten)']","[0.15220317244529724, 0.07570157200098038, 0.0730397179722786, 0.07149608433246613, 0.0701499953866005]"
..\Data\Rest Ungelabelt\cb5817b1c0234a4da23a26c2615ff33b.png,Data Store Object,0.1782187670469284,"['Data Store Object', 'Query', 'Data Source', 'Data Mart', 'Datenvorschau']","[0.1782187670469284, 0.06968000531196594, 0.06902298331260681, 0.06859647482633591, 0.06840112805366516]"
..\Data\Rest Ungelabelt\cb5dc34577fa466cb5f18562c4bf05c4.jpeg,Data Flow Object,0.18362963199615479,"['Data Flow Object', 'Composite Provider', 'DTP', 'Transformationen', 'Excel']","[0.18362963199615479, 0.06843479722738266, 0.06799477338790894, 0.06799472123384476, 0.06799423694610596]"
..\Data\Rest Ungelabelt\cb77d68a840c40fdba5c848e13b612bc.png,Data Store Object,0.11742590367794037,"['Data Store Object', 'Datenvorschau', 'Data Source', 'Data Mart', 'DTP']","[0.11742590367794037, 0.10860110074281693, 0.07185254991054535, 0.07074003666639328, 0.0705871731042862]"
..\Data\Rest Ungelabelt\cb897f4291c441b9ae27527bb2c26115.png,Data Source,0.18468134105205536,"['Data Source', 'Datenvorschau', 'Query', 'Data Mart', 'DTP']","[0.18468134105205536, 0.06794434785842896, 0.06794365495443344, 0.06794319301843643, 0.06794311106204987]"
..\Data\Rest Ungelabelt\cb91ab3f744448d4a14e5c8bfb508e21.png,Transformationen,0.1267596036195755,"['Transformationen', 'Composite Provider', 'Data Store Object', 'Datenvorschau', 'Data Source']","[0.1267596036195755, 0.09043566882610321, 0.07492002099752426, 0.07383859902620316, 0.0721406638622284]"
..\Data\Rest Ungelabelt\cb94a83b84b448d5b7b99322b5d20b78.jpeg,Data Store Object,0.1164640560746193,"['Data Store Object', 'Composite Provider', 'Data Flow Object', 'Bewegungsdaten', 'Data Source']","[0.1164640560746193, 0.10055588185787201, 0.07246607542037964, 0.07237855345010757, 0.07208743691444397]"
..\Data\Rest Ungelabelt\cbba210cf3b144bf828ba7a3365b32d8.png,Query,0.15103809535503387,"['Query', 'Data Store Object', 'Transformationen', 'Data Source', 'BW4Cockpit (Stammdaten)']","[0.15103809535503387, 0.07606483995914459, 0.07327305525541306, 0.07197828590869904, 0.07003467530012131]"
..\Data\Rest Ungelabelt\cc2400d7bab84b7d99445b3f64896ef8.jpeg,Transformationen,0.18141140043735504,"['Transformationen', 'Composite Provider', 'Data Source', 'Excel', 'Data Flow Object']","[0.18141140043735504, 0.06948240846395493, 0.06810344755649567, 0.06810137629508972, 0.06810127943754196]"
..\Data\Rest Ungelabelt\cc323b69d4b5494bb326690e85fbd807.png,Data Source,0.11402931809425354,"['Data Source', 'Datenvorschau', 'Query', 'Data Store Object', 'Data Mart']","[0.11402931809425354, 0.0886356309056282, 0.08014041930437088, 0.07686860859394073, 0.07413442432880402]"
..\Data\Rest Ungelabelt\cc39797280194aec9abc68a835b7e745.jpeg,Data Store Object,0.18464656174182892,"['Data Store Object', 'DTP', 'BW4Cockpit (Stammdaten)', 'Composite Provider', 'Query']","[0.18464656174182892, 0.06795428693294525, 0.06794922053813934, 0.067945696413517, 0.06794564425945282]"
..\Data\Rest Ungelabelt\cc4304bfee534f09aa20af13d5c75600.png,Data Flow Object,0.18385134637355804,"['Data Flow Object', 'Composite Provider', 'Excel', 'Datenvorschau', 'ABAP Dictionary']","[0.18385134637355804, 0.06827811896800995, 0.0679965391755104, 0.06799355894327164, 0.0679926723241806]"
..\Data\Rest Ungelabelt\cc58d203b0db444e943fb8d185626c76.png,Data Source,0.18463167548179626,"['Data Source', 'Query', 'Datenvorschau', 'Data Store Object', 'DTP']","[0.18463167548179626, 0.06795578449964523, 0.06795097887516022, 0.06794900447130203, 0.0679471343755722]"
..\Data\Rest Ungelabelt\cc6c0866b40b4973a78439047832ab7e.png,Query,0.13096748292446136,"['Query', 'Data Source', 'Data Mart', 'Transformationen', 'Datenvorschau']","[0.13096748292446136, 0.09724707901477814, 0.07161565870046616, 0.07058241963386536, 0.07013069093227386]"
..\Data\Rest Ungelabelt\cc7393dbdcc54beaaa7422dfe7a59d43.png,Data Source,0.10031867772340775,"['Data Source', 'Data Store Object', 'Query', 'DTP', 'Data Mart']","[0.10031867772340775, 0.09061338752508163, 0.08137255907058716, 0.07752466946840286, 0.07484406232833862]"
..\Data\Rest Ungelabelt\cc7b8c16fce3482692e4304194982171.jpeg,Query,0.18468737602233887,"['Query', 'Data Flow Object', 'ABAP Dictionary', 'BW4Cockpit (Stammdaten)', 'Bewegungsdaten']","[0.18468737602233887, 0.06794273853302002, 0.06794272363185883, 0.06794272363185883, 0.06794272363185883]"
..\Data\Rest Ungelabelt\cc8d9a27249a42fb80fd69ba4232bac6.png,Excel,0.18428802490234375,"['Excel', 'Bewegungsdaten', 'Transformationen', 'ABAP Dictionary', 'Data Flow Object']","[0.18428802490234375, 0.06803350895643234, 0.06799180805683136, 0.06798174977302551, 0.0679745003581047]"
..\Data\Rest Ungelabelt\ccb3c7d7a337467485dd0d1df8d96670.png,Query,0.18454265594482422,"['Query', 'Data Store Object', 'Composite Provider', 'Data Mart', 'BW4Cockpit (Stammdaten)']","[0.18454265594482422, 0.06797856837511063, 0.0679616630077362, 0.067959725856781, 0.06795191019773483]"
..\Data\Rest Ungelabelt\ccc5b2c69b1d4df1bf7e599f5c131de1.jpeg,DTP,0.16077913343906403,"['DTP', 'ABAP Dictionary', 'Data Source', 'Datenvorschau', 'Bewegungsdaten']","[0.16077913343906403, 0.0750909224152565, 0.07376884669065475, 0.0691930428147316, 0.069022998213768]"
..\Data\Rest Ungelabelt\ccccba06f78046a48e0b568519556d69.png,Excel,0.18460941314697266,"['Excel', 'BW4Cockpit (Stammdaten)', 'Data Store Object', 'Bewegungsdaten', 'Transformationen']","[0.18460941314697266, 0.06795667111873627, 0.06795133650302887, 0.0679507628083229, 0.06794998049736023]"
..\Data\Rest Ungelabelt\ccd77606b0ca4d41912b835c2fbeeff4.png,Excel,0.17802280187606812,"['Excel', 'Bewegungsdaten', 'ABAP Dictionary', 'Data Flow Object', 'Transformationen']","[0.17802280187606812, 0.07090581953525543, 0.06838957220315933, 0.06830590963363647, 0.06828952580690384]"
..\Data\Rest Ungelabelt\cd039e4c487e40cab24fee0253d1f418.png,Data Source,0.1846388429403305,"['Data Source', 'Data Store Object', 'Datenvorschau', 'Data Mart', 'BW4Cockpit (Stammdaten)']","[0.1846388429403305, 0.06795582175254822, 0.06795340031385422, 0.06794564425945282, 0.06794523447751999]"
..\Data\Rest Ungelabelt\cd0b00353f7140a5bb0b7b9f84b06a47.png,Datenvorschau,0.1283453106880188,"['Datenvorschau', 'Composite Provider', 'DTP', 'Data Source', 'Data Flow Object']","[0.1283453106880188, 0.07760975509881973, 0.07554881274700165, 0.07400937378406525, 0.07388322800397873]"
..\Data\Rest Ungelabelt\cd53a2cac53246f2810d00fc83ee3f21.png,Query,0.18403446674346924,"['Query', 'BW4Cockpit (Stammdaten)', 'Data Source', 'Data Mart', 'Data Store Object']","[0.18403446674346924, 0.06811245530843735, 0.06804968416690826, 0.06800207495689392, 0.0679839551448822]"
..\Data\Rest Ungelabelt\cd742cbf8ddb4c8d9e18e25b8276d4a2.png,DTP,0.18450048565864563,"['DTP', 'ABAP Dictionary', 'Bewegungsdaten', 'BW4Cockpit (Stammdaten)', 'Query']","[0.18450048565864563, 0.06800778955221176, 0.06796383112668991, 0.06795597076416016, 0.06795386224985123]"
..\Data\Rest Ungelabelt\cd822c2753d14e7b986d3326cf725261.png,Query,0.11416337639093399,"['Query', 'Data Mart', 'Data Source', 'Transformationen', 'Datenvorschau']","[0.11416337639093399, 0.07815267145633698, 0.07754256576299667, 0.0761580616235733, 0.07604614645242691]"
..\Data\Rest Ungelabelt\cd89ca1d386a47288169ef09d772e4a6.png,Data Store Object,0.18369723856449127,"['Data Store Object', 'BW4Cockpit (Stammdaten)', 'Query', 'DTP', 'Data Source']","[0.18369723856449127, 0.06819930672645569, 0.06813465058803558, 0.06801656633615494, 0.06800522655248642]"
..\Data\Rest Ungelabelt\cd8cc14b0b3947879c4d1fdbb9093afd.png,Excel,0.18467658758163452,"['Excel', 'Bewegungsdaten', 'Data Flow Object', 'Composite Provider', 'DTP']","[0.18467658758163452, 0.06794758886098862, 0.06794331222772598, 0.0679432824254036, 0.0679432600736618]"
..\Data\Rest Ungelabelt\cd903b83ffab4a65a37d2e061df38baf.png,Data Flow Object,0.17575034499168396,"['Data Flow Object', 'Composite Provider', 'DTP', 'Datenvorschau', 'Data Store Object']","[0.17575034499168396, 0.07081316411495209, 0.06880781799554825, 0.06871352344751358, 0.06866323947906494]"
..\Data\Rest Ungelabelt\cd98efc951714735b18dc1e183036967.jpeg,Composite Provider,0.14774590730667114,"['Composite Provider', 'Data Source', 'Datenvorschau', 'Data Store Object', 'Data Flow Object']","[0.14774590730667114, 0.0774768814444542, 0.07530117779970169, 0.07236839830875397, 0.07000436633825302]"
..\Data\Rest Ungelabelt\cda8f2610b234b11b5e5aec0ce38dc1a.png,Query,0.14289678633213043,"['Query', 'Data Source', 'Data Store Object', 'Transformationen', 'Data Mart']","[0.14289678633213043, 0.07774915546178818, 0.07614126056432724, 0.07151256501674652, 0.0712684914469719]"
..\Data\Rest Ungelabelt\cdadd77a3da748289f84ea23c8c54d87.png,Data Store Object,0.18424580991268158,"['Data Store Object', 'DTP', 'Query', 'BW4Cockpit (Stammdaten)', 'Data Source']","[0.18424580991268158, 0.06804051995277405, 0.06800324469804764, 0.06799644231796265, 0.0679783895611763]"
..\Data\Rest Ungelabelt\cdea39b803d249f48696378cec03ade8.jpeg,ABAP Dictionary,0.11861779540777206,"['ABAP Dictionary', 'Composite Provider', 'Datenvorschau', 'Data Source', 'Data Flow Object']","[0.11861779540777206, 0.09172198921442032, 0.07517101615667343, 0.07484745234251022, 0.07286978513002396]"
..\Data\Rest Ungelabelt\cdef731091814287b01ff8e7610d3bf7.jpeg,DTP,0.1846104860305786,"['DTP', 'Excel', 'Bewegungsdaten', 'Composite Provider', 'Datenvorschau']","[0.1846104860305786, 0.06796535849571228, 0.06795400381088257, 0.0679478794336319, 0.06794752925634384]"
..\Data\Rest Ungelabelt\ce239997edb240a9a47b1971c18a6f58.png,Transformationen,0.09677033126354218,"['Transformationen', 'DTP', 'Data Source', 'Query', 'BW4Cockpit (Stammdaten)']","[0.09677033126354218, 0.0881098136305809, 0.0776442289352417, 0.07638100534677505, 0.07486718147993088]"
..\Data\Rest Ungelabelt\ce3b900967514a85b50b3ce574fabd0b.jpeg,ABAP Dictionary,0.10539250820875168,"['ABAP Dictionary', 'Bewegungsdaten', 'Datenvorschau', 'Data Store Object', 'BW4Cockpit (Stammdaten)']","[0.10539250820875168, 0.09806277602910995, 0.08267319947481155, 0.07291091233491898, 0.0720561295747757]"
..\Data\Rest Ungelabelt\ce3d7c0537d545d79ba88340a7e7acce.jpeg,Composite Provider,0.11272373050451279,"['Composite Provider', 'Datenvorschau', 'Data Store Object', 'Query', 'DTP']","[0.11272373050451279, 0.0986807569861412, 0.08178533613681793, 0.07250355184078217, 0.07074736058712006]"
..\Data\Rest Ungelabelt\ce431785cce147a19835f7054891ecb3.png,Datenvorschau,0.16317182779312134,"['Datenvorschau', 'Data Source', 'Data Store Object', 'Composite Provider', 'Data Mart']","[0.16317182779312134, 0.07382094860076904, 0.0728076621890068, 0.06937304884195328, 0.06917660683393478]"
..\Data\Rest Ungelabelt\ce6e5dd3b8374a86b6813fc618da553b.png,ABAP Dictionary,0.1413358598947525,"['ABAP Dictionary', 'BW4Cockpit (Stammdaten)', 'DTP', 'Data Source', 'Data Flow Object']","[0.1413358598947525, 0.09166895598173141, 0.07071970403194427, 0.06965377181768417, 0.06963368505239487]"
..\Data\Rest Ungelabelt\ce720f400f214d0486750ea9fbe60ca4.png,BW4Cockpit (Stammdaten),0.1831609010696411,"['BW4Cockpit (Stammdaten)', 'Data Store Object', 'DTP', 'Bewegungsdaten', 'Excel']","[0.1831609010696411, 0.06833680719137192, 0.06818041205406189, 0.06805546581745148, 0.06805280596017838]"
..\Data\Rest Ungelabelt\ce72f859540e4ddbacdcf52c9b958bbf.png,Datenvorschau,0.17576964199543,"['Datenvorschau', 'Bewegungsdaten', 'BW4Cockpit (Stammdaten)', 'Data Source', 'Excel']","[0.17576964199543, 0.07038276642560959, 0.06913373619318008, 0.06861798465251923, 0.06860830634832382]"
..\Data\Rest Ungelabelt\ce7555b9fdbf426298a046a0cf458018.png,Bewegungsdaten,0.1789005547761917,"['Bewegungsdaten', 'ABAP Dictionary', 'BW4Cockpit (Stammdaten)', 'Datenvorschau', 'Data Source']","[0.1789005547761917, 0.07053330540657043, 0.06829726696014404, 0.0682869702577591, 0.06822627037763596]"
..\Data\Rest Ungelabelt\ce758feab7c34066afaf748ed9918817.jpeg,Bewegungsdaten,0.16985705494880676,"['Bewegungsdaten', 'ABAP Dictionary', 'Datenvorschau', 'BW4Cockpit (Stammdaten)', 'Transformationen']","[0.16985705494880676, 0.07532951980829239, 0.06862757354974747, 0.06862090528011322, 0.06862032413482666]"
..\Data\Rest Ungelabelt\cec7b384816f48479b198ff4b72353ac.jpeg,Excel,0.16189682483673096,"['Excel', 'DTP', 'BW4Cockpit (Stammdaten)', 'Bewegungsdaten', 'Composite Provider']","[0.16189682483673096, 0.07676222175359726, 0.06990453600883484, 0.0695006474852562, 0.06931330263614655]"
..\Data\Rest Ungelabelt\cee6d44e87504518b292d87aa842b06d.png,Datenvorschau,0.1722966730594635,"['Datenvorschau', 'Data Store Object', 'Data Source', 'Data Mart', 'Data Flow Object']","[0.1722966730594635, 0.07328896969556808, 0.06874196231365204, 0.06868460774421692, 0.06861251592636108]"
..\Data\Rest Ungelabelt\cee8bdf9888d4eada4c9d5b4da45baf7.png,Data Store Object,0.1125861182808876,"['Data Store Object', 'Data Source', 'Datenvorschau', 'Query', 'Data Mart']","[0.1125861182808876, 0.11086004227399826, 0.07168702036142349, 0.07156302779912949, 0.07115688920021057]"
..\Data\Rest Ungelabelt\cee8e549e3c64d06a9173959b4fb31fa.jpeg,Query,0.18468376994132996,"['Query', 'Data Flow Object', 'Composite Provider', 'Datenvorschau', 'BW4Cockpit (Stammdaten)']","[0.18468376994132996, 0.0679432824254036, 0.06794325262308121, 0.06794310361146927, 0.0679430291056633]"
..\Data\Rest Ungelabelt\ceeb6bb8c345409c93e9d12860189411.png,Data Store Object,0.13098299503326416,"['Data Store Object', 'Data Source', 'Data Mart', 'Datenvorschau', 'Query']","[0.13098299503326416, 0.08952132612466812, 0.0772499293088913, 0.07185624539852142, 0.07012546807527542]"
..\Data\Rest Ungelabelt\cefedfe1b2fe4642b2a84b6d008fb0bf.png,ABAP Dictionary,0.14217565953731537,"['ABAP Dictionary', 'Datenvorschau', 'Data Source', 'Data Store Object', 'Transformationen']","[0.14217565953731537, 0.08175384998321533, 0.07312789559364319, 0.07149742543697357, 0.07111619412899017]"
..\Data\Rest Ungelabelt\cf1f45dd1e0741b29fa366fdfb278d22.png,Data Store Object,0.18466787040233612,"['Data Store Object', 'DTP', 'BW4Cockpit (Stammdaten)', 'Data Mart', 'Composite Provider']","[0.18466787040233612, 0.06794922798871994, 0.06794586777687073, 0.06794389337301254, 0.06794369965791702]"
..\Data\Rest Ungelabelt\cf24a4b8df8d48eb81ef294613b9295c.png,Data Store Object,0.17370577156543732,"['Data Store Object', 'Query', 'Data Source', 'DTP', 'BW4Cockpit (Stammdaten)']","[0.17370577156543732, 0.07231524586677551, 0.068866066634655, 0.06864237040281296, 0.06862886995077133]"
..\Data\Rest Ungelabelt\cf73716f8089472c8341a7c9dcb42144.png,Excel,0.18468019366264343,"['Excel', 'BW4Cockpit (Stammdaten)', 'Bewegungsdaten', 'Datenvorschau', 'Data Store Object']","[0.18468019366264343, 0.06794412434101105, 0.06794342398643494, 0.06794338673353195, 0.06794335693120956]"
..\Data\Rest Ungelabelt\cf787d6333bc47f1aa22021019625c64.png,Transformationen,0.18449607491493225,"['Transformationen', 'Composite Provider', 'Data Source', 'Datenvorschau', 'Data Store Object']","[0.18449607491493225, 0.06802847981452942, 0.06795449554920197, 0.06795232743024826, 0.0679522231221199]"
..\Data\Rest Ungelabelt\cf9ee2c3856c4b8e897321346a5bf43e.jpeg,Excel,0.18468071520328522,"['Excel', 'Bewegungsdaten', 'DTP', 'Data Flow Object', 'Composite Provider']","[0.18468071520328522, 0.06794358044862747, 0.06794343888759613, 0.06794342398643494, 0.06794340163469315]"
..\Data\Rest Ungelabelt\cfb35ea685d84fa58859adac90942e26.png,BW4Cockpit (Stammdaten),0.0961393192410469,"['BW4Cockpit (Stammdaten)', 'DTP', 'Data Store Object', 'Excel', 'Composite Provider']","[0.0961393192410469, 0.08290906995534897, 0.08104410767555237, 0.07944709807634354, 0.0773138776421547]"
..\Data\Rest Ungelabelt\cfc25372b1304b92b03b884a56edd8bf.png,Composite Provider,0.11659393459558487,"['Composite Provider', 'Datenvorschau', 'Data Store Object', 'Query', 'Transformationen']","[0.11659393459558487, 0.08358892798423767, 0.0756545290350914, 0.07469604909420013, 0.07424706965684891]"
..\Data\Rest Ungelabelt\cfc2cd4a04a944908ecdffb25d01bd48.png,Transformationen,0.10755175352096558,"['Transformationen', 'Datenvorschau', 'Data Source', 'Composite Provider', 'Excel']","[0.10755175352096558, 0.08422362804412842, 0.08152659237384796, 0.08047004044055939, 0.07649348676204681]"
..\Data\Rest Ungelabelt\cfe2f908eece4f929f912a4e7c294d60.jpeg,Composite Provider,0.10316527634859085,"['Composite Provider', 'Transformationen', 'Data Store Object', 'Datenvorschau', 'Data Mart']","[0.10316527634859085, 0.09053550660610199, 0.08296923339366913, 0.0797276496887207, 0.07329550385475159]"
..\Data\Rest Ungelabelt\d001dc58c8d248979ec1d48d534bac7f.jpeg,Datenvorschau,0.113154835999012,"['Datenvorschau', 'Data Source', 'Composite Provider', 'Query', 'Data Mart']","[0.113154835999012, 0.10164240002632141, 0.07720506936311722, 0.07163818925619125, 0.07131469994783401]"
..\Data\Rest Ungelabelt\d0244ff65dc44f13a5a2653d47489b36.png,Data Flow Object,0.17912639677524567,"['Data Flow Object', 'Composite Provider', 'Transformationen', 'Datenvorschau', 'Excel']","[0.17912639677524567, 0.07058145850896835, 0.06821901351213455, 0.06820803880691528, 0.06820782274007797]"
..\Data\Rest Ungelabelt\d02ddbe626404446bfeda70c03588a78.png,Data Store Object,0.18291790783405304,"['Data Store Object', 'Composite Provider', 'Data Flow Object', 'Data Mart', 'Datenvorschau']","[0.18291790783405304, 0.06821435689926147, 0.06812462955713272, 0.06811455637216568, 0.06810072809457779]"
..\Data\Rest Ungelabelt\d02f088399c54f96ba8a8e3ed016459e.png,Excel,0.184687077999115,"['Excel', 'Bewegungsdaten', 'BW4Cockpit (Stammdaten)', 'Transformationen', 'Composite Provider']","[0.184687077999115, 0.06794281303882599, 0.06794274598360062, 0.06794274598360062, 0.06794273853302002]"
..\Data\Rest Ungelabelt\d03f7a35249c4885a9b1c7c9c9ec67f0.png,Data Source,0.1676686406135559,"['Data Source', 'Data Store Object', 'Datenvorschau', 'Data Mart', 'Query']","[0.1676686406135559, 0.07108005881309509, 0.07096641510725021, 0.07003340125083923, 0.06987088173627853]"
..\Data\Rest Ungelabelt\d0436f98f8754637a0468e4431cc5b2f.png,Query,0.18442317843437195,"['Query', 'Data Store Object', 'BW4Cockpit (Stammdaten)', 'Data Mart', 'Data Source']","[0.18442317843437195, 0.0680125430226326, 0.06797682493925095, 0.06797028332948685, 0.06796131283044815]"
..\Data\Rest Ungelabelt\d05c8cc6eea841be927dacec389c224a.png,Query,0.0912761390209198,"['Query', 'DTP', 'Data Store Object', 'Data Source', 'Composite Provider']","[0.0912761390209198, 0.08817265182733536, 0.08495469391345978, 0.0802684798836708, 0.07534657418727875]"
..\Data\Rest Ungelabelt\d09b71ce4111423eaf96c4fe312ee9f2.jpeg,Data Source,0.1438952386379242,"['Data Source', 'Query', 'Datenvorschau', 'Data Mart', 'Transformationen']","[0.1438952386379242, 0.07668612897396088, 0.07582896202802658, 0.0721721425652504, 0.07116194069385529]"
..\Data\Rest Ungelabelt\d09c6f33294a49c1af86e7265427c285.png,Data Store Object,0.11129362136125565,"['Data Store Object', 'Composite Provider', 'Datenvorschau', 'Data Mart', 'Query']","[0.11129362136125565, 0.10422961413860321, 0.0734078586101532, 0.07289677113294601, 0.07165581732988358]"
..\Data\Rest Ungelabelt\d09c8a8c60ea4ff3b5c98edfacde92b8.png,Datenvorschau,0.12606219947338104,"['Datenvorschau', 'Bewegungsdaten', 'ABAP Dictionary', 'DTP', 'Excel']","[0.12606219947338104, 0.0847114771604538, 0.08441907912492752, 0.07117516547441483, 0.07090609520673752]"
..\Data\Rest Ungelabelt\d0a996bbaf4444deb0004226ba8c4931.png,Data Source,0.1335243135690689,"['Data Source', 'Datenvorschau', 'Data Mart', 'Data Store Object', 'Transformationen']","[0.1335243135690689, 0.08165734261274338, 0.07524038106203079, 0.0750061646103859, 0.07175590097904205]"
..\Data\Rest Ungelabelt\d0d55f333e5b43208f95a0fd64005516.jpeg,BW4Cockpit (Stammdaten),0.09487424045801163,"['BW4Cockpit (Stammdaten)', 'Query', 'Data Store Object', 'Transformationen', 'DTP']","[0.09487424045801163, 0.09367898106575012, 0.0821392834186554, 0.07834868878126144, 0.0762336254119873]"
..\Data\Rest Ungelabelt\d0d72ec77ab145d987d56935a61cb895.jpeg,Composite Provider,0.1443139910697937,"['Composite Provider', 'Transformationen', 'Datenvorschau', 'Data Flow Object', 'Data Source']","[0.1443139910697937, 0.08092693239450455, 0.07350649684667587, 0.07066349685192108, 0.07054518163204193]"
..\Data\Rest Ungelabelt\d0d99dddc8284728a40fe67a0602ca07.png,Datenvorschau,0.17996588349342346,"['Datenvorschau', 'Bewegungsdaten', 'Composite Provider', 'DTP', 'Data Store Object']","[0.17996588349342346, 0.06917762011289597, 0.06864190101623535, 0.06851238757371902, 0.0682716891169548]"
..\Data\Rest Ungelabelt\d0e7c35cbcb04788b42d0662d40a864e.png,Query,0.13073712587356567,"['Query', 'Data Source', 'Data Store Object', 'Data Mart', 'Transformationen']","[0.13073712587356567, 0.08973345905542374, 0.07299915701150894, 0.07179759442806244, 0.071570985019207]"
..\Data\Rest Ungelabelt\d0e95fce3c264721b2dd6e0b60e1eae7.png,Data Mart,0.0897999033331871,"['Data Mart', 'Datenvorschau', 'Data Store Object', 'Composite Provider', 'Query']","[0.0897999033331871, 0.08925335109233856, 0.07914016395807266, 0.07880917936563492, 0.07835981994867325]"
..\Data\Rest Ungelabelt\d1059f091ffd43ffb1c83ed0632fc4ec.png,Data Store Object,0.18094731867313385,"['Data Store Object', 'Query', 'BW4Cockpit (Stammdaten)', 'Data Mart', 'DTP']","[0.18094731867313385, 0.06918556988239288, 0.0683947429060936, 0.06830849498510361, 0.06815878301858902]"
..\Data\Rest Ungelabelt\d110a865521d4eac9e895c41ce712313.png,BW4Cockpit (Stammdaten),0.10917891561985016,"['BW4Cockpit (Stammdaten)', 'Excel', 'Transformationen', 'Data Flow Object', 'ABAP Dictionary']","[0.10917891561985016, 0.10123497247695923, 0.07417251914739609, 0.07365848869085312, 0.07279349118471146]"
..\Data\Rest Ungelabelt\d118232d7f6c491988225e1d6f005473.jpeg,Query,0.1846742182970047,"['Query', 'Data Flow Object', 'Composite Provider', 'Datenvorschau', 'Data Source']","[0.1846742182970047, 0.06794589012861252, 0.06794460862874985, 0.06794407218694687, 0.06794354319572449]"
..\Data\Rest Ungelabelt\d13eee9c9cb744908febcec6f7ab82d2.png,Data Store Object,0.18398021161556244,"['Data Store Object', 'DTP', 'Data Mart', 'Data Source', 'BW4Cockpit (Stammdaten)']","[0.18398021161556244, 0.06807967275381088, 0.06803392618894577, 0.06803295761346817, 0.06802234798669815]"
..\Data\Rest Ungelabelt\d14dac348ce44437b5bbf9e3ed7c7867.png,Bewegungsdaten,0.0896182507276535,"['Bewegungsdaten', 'Excel', 'BW4Cockpit (Stammdaten)', 'Composite Provider', 'Data Flow Object']","[0.0896182507276535, 0.08101223409175873, 0.07847105711698532, 0.07712992280721664, 0.07702633738517761]"
..\Data\Rest Ungelabelt\d162c1bf45094c299e8fa5cf4b604e27.png,Datenvorschau,0.14021004736423492,"['Datenvorschau', 'Data Source', 'Data Store Object', 'Composite Provider', 'Data Mart']","[0.14021004736423492, 0.0829116627573967, 0.0727718323469162, 0.07274959981441498, 0.07083936780691147]"
..\Data\Rest Ungelabelt\d17af5f5057047a193e58bf740222fe6.jpeg,Data Flow Object,0.1842307448387146,"['Data Flow Object', 'Composite Provider', 'ABAP Dictionary', 'Excel', 'DTP']","[0.1842307448387146, 0.0681210458278656, 0.06798245012760162, 0.06797053664922714, 0.06796834617853165]"
..\Data\Rest Ungelabelt\d17d9dc80428437692c4e85336e89408.png,Data Source,0.1301598995923996,"['Data Source', 'Composite Provider', 'Datenvorschau', 'Transformationen', 'Query']","[0.1301598995923996, 0.07958196848630905, 0.07893016189336777, 0.07452728599309921, 0.07340728491544724]"
..\Data\Rest Ungelabelt\d1a70ee658b34691b610c1322278de42.png,Data Source,0.1845925897359848,"['Data Source', 'Data Store Object', 'DTP', 'Datenvorschau', 'Query']","[0.1845925897359848, 0.06796661019325256, 0.06795508414506912, 0.06795260310173035, 0.06795213371515274]"
..\Data\Rest Ungelabelt\d1ac1d7d6dde4d6a8088a2342a7416bb.png,Query,0.18423841893672943,"['Query', 'Data Source', 'Data Mart', 'Datenvorschau', 'Data Store Object']","[0.18423841893672943, 0.06812914460897446, 0.06797032803297043, 0.06796912848949432, 0.06796807795763016]"
..\Data\Rest Ungelabelt\d1b320a2426a4e39b5a493ac4d3c8817.png,Query,0.12159738689661026,"['Query', 'Data Source', 'Composite Provider', 'Data Mart', 'Data Store Object']","[0.12159738689661026, 0.09418144822120667, 0.0751279890537262, 0.07253031432628632, 0.07218179851770401]"
..\Data\Rest Ungelabelt\d1b401aa4a2e4e0a97d741813183aac9.png,Composite Provider,0.11255283653736115,"['Composite Provider', 'Transformationen', 'Data Source', 'Datenvorschau', 'Excel']","[0.11255283653736115, 0.10152190923690796, 0.07474856078624725, 0.0735473483800888, 0.07184984534978867]"
..\Data\Rest Ungelabelt\d1c414b239e045b6aa5066936bd1431e.png,BW4Cockpit (Stammdaten),0.18467821180820465,"['BW4Cockpit (Stammdaten)', 'Query', 'Data Store Object', 'DTP', 'Excel']","[0.18467821180820465, 0.0679444670677185, 0.06794427335262299, 0.06794378906488419, 0.0679435059428215]"
..\Data\Rest Ungelabelt\d1c5207c0a9b49dc932aaac701d145eb.png,Data Store Object,0.1409022957086563,"['Data Store Object', 'Composite Provider', 'Query', 'Data Source', 'Data Mart']","[0.1409022957086563, 0.08529962599277496, 0.07413727045059204, 0.07041798532009125, 0.07009479403495789]"
..\Data\Rest Ungelabelt\d1d5eb7cdee9412da388409c27305e92.png,Bewegungsdaten,0.0896182507276535,"['Bewegungsdaten', 'Excel', 'BW4Cockpit (Stammdaten)', 'Composite Provider', 'Data Flow Object']","[0.0896182507276535, 0.08101223409175873, 0.07847105711698532, 0.07712992280721664, 0.07702633738517761]"
..\Data\Rest Ungelabelt\d1f41f2312364e64b76b1b869292b170.png,Composite Provider,0.1536576747894287,"['Composite Provider', 'Query', 'Data Store Object', 'Transformationen', 'Datenvorschau']","[0.1536576747894287, 0.0773133635520935, 0.07334441691637039, 0.07012102752923965, 0.06985757499933243]"
..\Data\Rest Ungelabelt\d1f945f347c84461a632762118df8dc8.png,Data Store Object,0.18095991015434265,"['Data Store Object', 'Data Source', 'Data Mart', 'Query', 'Datenvorschau']","[0.18095991015434265, 0.06901443749666214, 0.06848049908876419, 0.06829337030649185, 0.06824442744255066]"
..\Data\Rest Ungelabelt\d20ddfa85e1141758cd8eb5bcf4487db.png,Data Store Object,0.17089030146598816,"['Data Store Object', 'Composite Provider', 'Query', 'DTP', 'Data Mart']","[0.17089030146598816, 0.07039431482553482, 0.07027864456176758, 0.06961105763912201, 0.06898785382509232]"
..\Data\Rest Ungelabelt\d216769d2aa646efa609c7eedd9bd3e1.png,Query,0.08822626620531082,"['Query', 'Transformationen', 'Data Source', 'Data Store Object', 'Composite Provider']","[0.08822626620531082, 0.08560522645711899, 0.08426667749881744, 0.08292209357023239, 0.07747197151184082]"
..\Data\Rest Ungelabelt\d21b0754488548c289839c18111913d9.png,Composite Provider,0.12303615361452103,"['Composite Provider', 'Data Store Object', 'Transformationen', 'DTP', 'ABAP Dictionary']","[0.12303615361452103, 0.08825954794883728, 0.07628770917654037, 0.07410767674446106, 0.07200786471366882]"
..\Data\Rest Ungelabelt\d289b2d3d43f480390ef1d371dad44ea.png,Transformationen,0.14185383915901184,"['Transformationen', 'Query', 'Composite Provider', 'Datenvorschau', 'Data Source']","[0.14185383915901184, 0.08133935928344727, 0.0739234983921051, 0.07176879793405533, 0.07107040286064148]"
..\Data\Rest Ungelabelt\d297836dba3941bfb810f6709337b5d3.jpeg,ABAP Dictionary,0.09277842938899994,"['ABAP Dictionary', 'Data Store Object', 'Datenvorschau', 'Data Source', 'Data Mart']","[0.09277842938899994, 0.08547915518283844, 0.08334793895483017, 0.07961425185203552, 0.07867991924285889]"
..\Data\Rest Ungelabelt\d2b2c9c1bd104e1ca87976e5291c2544.png,Bewegungsdaten,0.15093812346458435,"['Bewegungsdaten', 'DTP', 'ABAP Dictionary', 'BW4Cockpit (Stammdaten)', 'Data Source']","[0.15093812346458435, 0.07787885516881943, 0.07409174740314484, 0.07137764245271683, 0.06968977302312851]"
..\Data\Rest Ungelabelt\d2e0dca1c2fd4d488ff5dca8a9971478.png,DTP,0.18457716703414917,"['DTP', 'ABAP Dictionary', 'Bewegungsdaten', 'BW4Cockpit (Stammdaten)', 'Data Source']","[0.18457716703414917, 0.06797248125076294, 0.06796198338270187, 0.06794998794794083, 0.06794989854097366]"
..\Data\Rest Ungelabelt\d2f4ed533221419aa3f295473a5094c1.jpeg,Query,0.18142636120319366,"['Query', 'Data Store Object', 'BW4Cockpit (Stammdaten)', 'Data Mart', 'Composite Provider']","[0.18142636120319366, 0.0685751810669899, 0.0683625265955925, 0.06825944036245346, 0.06822645664215088]"
..\Data\Rest Ungelabelt\d2f9bd0e6e4642008e855980eb3a127c.png,DTP,0.09596133232116699,"['DTP', 'Data Source', 'Datenvorschau', 'Data Store Object', 'Composite Provider']","[0.09596133232116699, 0.08624786883592606, 0.08245433866977692, 0.07934953272342682, 0.07668838649988174]"
..\Data\Rest Ungelabelt\d306fd99f13f44929b33ad404c26d790.png,BW4Cockpit (Stammdaten),0.14376309514045715,"['BW4Cockpit (Stammdaten)', 'Data Store Object', 'Data Source', 'Bewegungsdaten', 'ABAP Dictionary']","[0.14376309514045715, 0.07465501129627228, 0.07385324686765671, 0.07340984046459198, 0.07316018640995026]"
..\Data\Rest Ungelabelt\d318a66cc283496cadb9e7b682a5c218.png,Query,0.18466496467590332,"['Query', 'Data Store Object', 'Data Mart', 'Data Flow Object', 'Datenvorschau']","[0.18466496467590332, 0.06794621050357819, 0.06794579327106476, 0.06794536858797073, 0.06794486939907074]"
..\Data\Rest Ungelabelt\d31ea829cec74b6e8927619dfcd09c12.png,Excel,0.18468375504016876,"['Excel', 'Bewegungsdaten', 'ABAP Dictionary', 'Data Flow Object', 'Transformationen']","[0.18468375504016876, 0.06794368475675583, 0.06794338673353195, 0.06794298440217972, 0.06794296205043793]"
..\Data\Rest Ungelabelt\d338b4f30ca64de6bc5e86914868acb7.png,Data Store Object,0.1630040556192398,"['Data Store Object', 'Data Mart', 'Data Source', 'Datenvorschau', 'Query']","[0.1630040556192398, 0.07500289380550385, 0.07271178811788559, 0.06896641105413437, 0.06894278526306152]"
..\Data\Rest Ungelabelt\d342a83148734bfd90b928efc854256c.png,ABAP Dictionary,0.1657775342464447,"['ABAP Dictionary', 'Bewegungsdaten', 'DTP', 'BW4Cockpit (Stammdaten)', 'Excel']","[0.1657775342464447, 0.0739351212978363, 0.07196599990129471, 0.06897549331188202, 0.06884404271841049]"
..\Data\Rest Ungelabelt\d37b4946174c4b27bb4000eb4c64e248.png,Data Source,0.18344752490520477,"['Data Source', 'Datenvorschau', 'Query', 'Data Store Object', 'Data Mart']","[0.18344752490520477, 0.06816510111093521, 0.06809858977794647, 0.06809539347887039, 0.06807023286819458]"
..\Data\Rest Ungelabelt\d37f710c55de48498bc72c65bad7920f.png,Query,0.15537121891975403,"['Query', 'Composite Provider', 'Transformationen', 'Data Flow Object', 'Excel']","[0.15537121891975403, 0.07936157286167145, 0.0711919441819191, 0.07069487869739532, 0.06938814371824265]"
..\Data\Rest Ungelabelt\d38b0de7d67f4a8d97ee7b0500891039.png,Bewegungsdaten,0.13355012238025665,"['Bewegungsdaten', 'Excel', 'DTP', 'Composite Provider', 'Datenvorschau']","[0.13355012238025665, 0.079569973051548, 0.07625173032283783, 0.07542804628610611, 0.07380375266075134]"
..\Data\Rest Ungelabelt\d393480821c34f38a660df8686beafe5.png,Data Flow Object,0.18441390991210938,"['Data Flow Object', 'Composite Provider', 'ABAP Dictionary', 'DTP', 'Datenvorschau']","[0.18441390991210938, 0.06805728375911713, 0.06796333193778992, 0.06795778125524521, 0.06795673072338104]"
..\Data\Rest Ungelabelt\d3938a6da69e4b639d8612902a611fb2.png,Data Store Object,0.12056297808885574,"['Data Store Object', 'Query', 'Data Source', 'Data Mart', 'BW4Cockpit (Stammdaten)']","[0.12056297808885574, 0.09808611869812012, 0.07786478847265244, 0.07068551331758499, 0.07062551379203796]"
..\Data\Rest Ungelabelt\d3a2a94d06314088871d40e69c7d00f6.png,Data Store Object,0.11538924276828766,"['Data Store Object', 'DTP', 'BW4Cockpit (Stammdaten)', 'Data Source', 'ABAP Dictionary']","[0.11538924276828766, 0.08471548557281494, 0.07994178682565689, 0.07613609731197357, 0.0729149803519249]"
..\Data\Rest Ungelabelt\d3a976dad0f54bbb8b4a8d936e8ff25a.png,Data Store Object,0.10902971774339676,"['Data Store Object', 'Datenvorschau', 'Composite Provider', 'Query', 'Data Mart']","[0.10902971774339676, 0.09884656220674515, 0.07797151803970337, 0.07365985959768295, 0.0726926326751709]"
..\Data\Rest Ungelabelt\d3aae26a20c34c44bcbce6512a218b1d.png,Data Source,0.11056243628263474,"['Data Source', 'Composite Provider', 'Query', 'Data Store Object', 'Data Mart']","[0.11056243628263474, 0.09210223704576492, 0.08089704811573029, 0.07459336519241333, 0.0739450678229332]"
..\Data\Rest Ungelabelt\d3b88c118efb4f22bd4fdcff5faca3de.png,Data Source,0.15586049854755402,"['Data Source', 'Data Store Object', 'Datenvorschau', 'Data Mart', 'Query']","[0.15586049854755402, 0.07804924994707108, 0.07226179540157318, 0.07035619765520096, 0.06948557496070862]"
..\Data\Rest Ungelabelt\d3c75a8cff4a4ce6a2ccfa16a2904529.jpeg,Data Store Object,0.11391546577215195,"['Data Store Object', 'Composite Provider', 'Data Flow Object', 'Transformationen', 'DTP']","[0.11391546577215195, 0.08608682453632355, 0.07756666839122772, 0.07743486762046814, 0.07461659610271454]"
..\Data\Rest Ungelabelt\d3d6c659199a4c739f44eae22b6c843f.jpeg,ABAP Dictionary,0.10973448306322098,"['ABAP Dictionary', 'Composite Provider', 'Transformationen', 'Data Store Object', 'DTP']","[0.10973448306322098, 0.0918097048997879, 0.09083959460258484, 0.07144615054130554, 0.07128221541643143]"
..\Data\Rest Ungelabelt\d4016989f2e046e9b1afc79d06beaece.jpeg,Data Store Object,0.1136118695139885,"['Data Store Object', 'Query', 'Composite Provider', 'Data Mart', 'BW4Cockpit (Stammdaten)']","[0.1136118695139885, 0.10736525058746338, 0.07280479371547699, 0.07266928255558014, 0.07123303413391113]"
..\Data\Rest Ungelabelt\d4068876f1da4674be8a82e67b6eec0f.jpeg,Query,0.1805032640695572,"['Query', 'Composite Provider', 'Datenvorschau', 'Data Store Object', 'Data Flow Object']","[0.1805032640695572, 0.0689929947257042, 0.06838507950305939, 0.06837216019630432, 0.06830009073019028]"
..\Data\Rest Ungelabelt\d41493e20e444f22b428be5b08561059.jpeg,Data Flow Object,0.11554980278015137,"['Data Flow Object', 'Composite Provider', 'Bewegungsdaten', 'Transformationen', 'DTP']","[0.11554980278015137, 0.08838025480508804, 0.07580213993787766, 0.07348774373531342, 0.07278241217136383]"
..\Data\Rest Ungelabelt\d416d265cca0457aa764ac8ff912eb7c.png,Excel,0.1846589893102646,"['Excel', 'Bewegungsdaten', 'Datenvorschau', 'Composite Provider', 'DTP']","[0.1846589893102646, 0.06794905662536621, 0.06794657558202744, 0.06794581562280655, 0.06794486939907074]"
..\Data\Rest Ungelabelt\d4186f94fc5a4313b944d0d129150c98.jpeg,Query,0.1406877338886261,"['Query', 'DTP', 'Composite Provider', 'Data Store Object', 'Datenvorschau']","[0.1406877338886261, 0.07568714767694473, 0.07476744800806046, 0.0727497935295105, 0.07258015125989914]"
..\Data\Rest Ungelabelt\d42d5e33487c4f51b071244af1c47983.png,Transformationen,0.18398579955101013,"['Transformationen', 'Excel', 'Composite Provider', 'Data Source', 'Query']","[0.18398579955101013, 0.06814924627542496, 0.06805289536714554, 0.06798681616783142, 0.06798455119132996]"
..\Data\Rest Ungelabelt\d44f9a72972b47e29d5d0c22bc5a6637.png,Data Store Object,0.1846659928560257,"['Data Store Object', 'Data Mart', 'DTP', 'BW4Cockpit (Stammdaten)', 'Composite Provider']","[0.1846659928560257, 0.06794805824756622, 0.0679454654455185, 0.06794513016939163, 0.06794462352991104]"
..\Data\Rest Ungelabelt\d4794b2952df46129d33c8401f1fcc6c.png,Data Source,0.13020828366279602,"['Data Source', 'Datenvorschau', 'Transformationen', 'Data Store Object', 'Data Mart']","[0.13020828366279602, 0.10144945979118347, 0.0699506476521492, 0.06987810879945755, 0.06985381990671158]"
..\Data\Rest Ungelabelt\d49838a353f54f7ca8b73fa877d2408c.jpeg,Composite Provider,0.13914093375205994,"['Composite Provider', 'Transformationen', 'ABAP Dictionary', 'Data Flow Object', 'DTP']","[0.13914093375205994, 0.07798531651496887, 0.07502275705337524, 0.07439452409744263, 0.07243403792381287]"
..\Data\Rest Ungelabelt\d49863b0e63c46b997bd2651b51caf05.png,Transformationen,0.18151527643203735,"['Transformationen', 'ABAP Dictionary', 'Composite Provider', 'Data Source', 'Data Flow Object']","[0.18151527643203735, 0.06854386627674103, 0.0684632882475853, 0.06834221631288528, 0.06818096339702606]"
..\Data\Rest Ungelabelt\d4a23db3ff2d4dd58a0b51e68e5a2c2b.png,ABAP Dictionary,0.18468379974365234,"['ABAP Dictionary', 'DTP', 'Bewegungsdaten', 'Data Flow Object', 'BW4Cockpit (Stammdaten)']","[0.18468379974365234, 0.06794402003288269, 0.06794299930334091, 0.06794299930334091, 0.06794296950101852]"
..\Data\Rest Ungelabelt\d4cdd578c4be481d8c349e4257817d79.png,Query,0.14384621381759644,"['Query', 'Composite Provider', 'Transformationen', 'Data Flow Object', 'Data Store Object']","[0.14384621381759644, 0.07684428989887238, 0.07378622144460678, 0.07229173183441162, 0.07149627059698105]"
..\Data\Rest Ungelabelt\d4ed94546dc84c549b34f08345da7e0f.png,Data Flow Object,0.17487220466136932,"['Data Flow Object', 'Composite Provider', 'Transformationen', 'ABAP Dictionary', 'Datenvorschau']","[0.17487220466136932, 0.07037406414747238, 0.06914427876472473, 0.06885452568531036, 0.06885091960430145]"
..\Data\Rest Ungelabelt\d5071488391847d098f57fe3576e4147.png,Bewegungsdaten,0.11525668203830719,"['Bewegungsdaten', 'ABAP Dictionary', 'Excel', 'DTP', 'Datenvorschau']","[0.11525668203830719, 0.10994880646467209, 0.07241806387901306, 0.07066047936677933, 0.07048492133617401]"
..\Data\Rest Ungelabelt\d5146a6c0715486ca9dfd1438cf793e2.png,ABAP Dictionary,0.10283869504928589,"['ABAP Dictionary', 'DTP', 'Bewegungsdaten', 'BW4Cockpit (Stammdaten)', 'Data Store Object']","[0.10283869504928589, 0.09649693220853806, 0.08645910769701004, 0.07688640058040619, 0.07136721163988113]"
..\Data\Rest Ungelabelt\d51f00de85214c99b0f93be0c3956f62.png,Data Source,0.17994916439056396,"['Data Source', 'Data Store Object', 'Datenvorschau', 'Data Mart', 'Query']","[0.17994916439056396, 0.06883633136749268, 0.06869767606258392, 0.06866754591464996, 0.06837974488735199]"
..\Data\Rest Ungelabelt\d52901911106469f8d1c5a01027f97e2.png,Datenvorschau,0.17084605991840363,"['Datenvorschau', 'Data Store Object', 'Data Source', 'Data Mart', 'Composite Provider']","[0.17084605991840363, 0.07366450130939484, 0.06943095475435257, 0.06867323815822601, 0.0686553418636322]"
..\Data\Rest Ungelabelt\d52a08d14ce64d90aa486cbdc249bd53.png,Datenvorschau,0.11747587472200394,"['Datenvorschau', 'Excel', 'Composite Provider', 'BW4Cockpit (Stammdaten)', 'Data Store Object']","[0.11747587472200394, 0.08357866108417511, 0.07808591425418854, 0.07647847384214401, 0.07351826131343842]"
..\Data\Rest Ungelabelt\d56502ebe697456a8fced0f351ba8879.png,Composite Provider,0.1317683905363083,"['Composite Provider', 'Query', 'Data Store Object', 'Datenvorschau', 'DTP']","[0.1317683905363083, 0.08287475258111954, 0.08048365265130997, 0.07131623476743698, 0.07115969806909561]"
..\Data\Rest Ungelabelt\d5907373b701481f85fe1ad9656d89a5.png,Data Store Object,0.18468156456947327,"['Data Store Object', 'DTP', 'Data Mart', 'BW4Cockpit (Stammdaten)', 'Data Source']","[0.18468156456947327, 0.06794462352991104, 0.06794344633817673, 0.0679432675242424, 0.06794305890798569]"
..\Data\Rest Ungelabelt\d5a80179dd564ca2a8eb0477a627a63e.png,Data Source,0.18432366847991943,"['Data Source', 'Data Store Object', 'Query', 'Datenvorschau', 'Transformationen']","[0.18432366847991943, 0.06801340728998184, 0.06799498945474625, 0.06798458099365234, 0.06797710806131363]"
..\Data\Rest Ungelabelt\d5c89a5ab42b403599a389eb290996c4.png,Data Source,0.11821546405553818,"['Data Source', 'Transformationen', 'BW4Cockpit (Stammdaten)', 'Datenvorschau', 'Query']","[0.11821546405553818, 0.07843754440546036, 0.07761193811893463, 0.07487379759550095, 0.07472611963748932]"
..\Data\Rest Ungelabelt\d620082161e1494f9474e7eea0c9817e.png,Data Store Object,0.18146982789039612,"['Data Store Object', 'BW4Cockpit (Stammdaten)', 'DTP', 'Composite Provider', 'Data Source']","[0.18146982789039612, 0.06865543872117996, 0.06860261410474777, 0.06820498406887054, 0.06815490871667862]"
..\Data\Rest Ungelabelt\d6666c908a09471d9ca51996d44a8788.png,Data Store Object,0.12447291612625122,"['Data Store Object', 'Data Source', 'Data Mart', 'Datenvorschau', 'Query']","[0.12447291612625122, 0.0951189175248146, 0.07681713998317719, 0.07209503650665283, 0.07025331258773804]"
..\Data\Rest Ungelabelt\d66f601ec7ae43c289e18c107918f8de.png,Data Source,0.10824943333864212,"['Data Source', 'Data Store Object', 'Bewegungsdaten', 'Datenvorschau', 'Data Mart']","[0.10824943333864212, 0.08512946218252182, 0.07978078722953796, 0.07494363188743591, 0.07394237816333771]"
..\Data\Rest Ungelabelt\d68efd7ba15d4e66ac7c0f7b11e2cc35.png,Query,0.14090028405189514,"['Query', 'Data Store Object', 'DTP', 'Data Source', 'Composite Provider']","[0.14090028405189514, 0.07677514106035233, 0.07551246881484985, 0.07365458458662033, 0.07107968628406525]"
..\Data\Rest Ungelabelt\d69d9b5fa353427dac32a5bc22e394d0.png,Bewegungsdaten,0.18467333912849426,"['Bewegungsdaten', 'BW4Cockpit (Stammdaten)', 'Excel', 'Datenvorschau', 'Data Source']","[0.18467333912849426, 0.06794625520706177, 0.06794453412294388, 0.06794427335262299, 0.06794372946023941]"
..\Data\Rest Ungelabelt\d6b074815f6a445ebf9f0723c9b24c88.png,ABAP Dictionary,0.18468496203422546,"['ABAP Dictionary', 'Data Flow Object', 'DTP', 'Excel', 'Bewegungsdaten']","[0.18468496203422546, 0.06794341653585434, 0.0679430291056633, 0.0679430142045021, 0.06794285029172897]"
..\Data\Rest Ungelabelt\d6b51efdd0db4446aaccfe32ea7f15a2.png,Data Flow Object,0.1840595006942749,"['Data Flow Object', 'Composite Provider', 'Transformationen', 'DTP', 'Excel']","[0.1840595006942749, 0.06823360919952393, 0.06797418743371964, 0.06797350943088531, 0.06797338277101517]"
..\Data\Rest Ungelabelt\d6c30dfd1b414d89af201d904098b1d7.png,Data Store Object,0.12540806829929352,"['Data Store Object', 'Composite Provider', 'Query', 'BW4Cockpit (Stammdaten)', 'DTP']","[0.12540806829929352, 0.0814756453037262, 0.07909993827342987, 0.07437723129987717, 0.07301126420497894]"
..\Data\Rest Ungelabelt\d6dbc55c2c0b4868adc3fec73a24c388.jpeg,Bewegungsdaten,0.17865614593029022,"['Bewegungsdaten', 'Datenvorschau', 'Composite Provider', 'Data Store Object', 'Excel']","[0.17865614593029022, 0.07080282270908356, 0.06824691593647003, 0.06823360174894333, 0.06822985410690308]"
..\Data\Rest Ungelabelt\d6df382f56d440fa9ca343d8328da420.png,Data Store Object,0.12439081072807312,"['Data Store Object', 'Datenvorschau', 'Composite Provider', 'Bewegungsdaten', 'Data Mart']","[0.12439081072807312, 0.09415899217128754, 0.07703596353530884, 0.0713839903473854, 0.07128068059682846]"
..\Data\Rest Ungelabelt\d6e8161a3aa44db8b16ead5695ca69f5.png,Query,0.1237899512052536,"['Query', 'Data Source', 'Data Store Object', 'Transformationen', 'Data Mart']","[0.1237899512052536, 0.08750797808170319, 0.07557003945112228, 0.07356289029121399, 0.07259490340948105]"
..\Data\Rest Ungelabelt\d6ec70f0262740b1bc0803190d6d936b.png,Data Store Object,0.11889875680208206,"['Data Store Object', 'Data Source', 'Data Mart', 'Datenvorschau', 'Transformationen']","[0.11889875680208206, 0.09146972745656967, 0.0854254812002182, 0.07068119198083878, 0.07058002054691315]"
..\Data\Rest Ungelabelt\d7121b22107248e5bf01f15cd494cac0.png,BW4Cockpit (Stammdaten),0.1845916211605072,"['BW4Cockpit (Stammdaten)', 'Data Store Object', 'DTP', 'Excel', 'Query']","[0.1845916211605072, 0.06797248870134354, 0.06795960664749146, 0.06794829666614532, 0.06794820725917816]"
..\Data\Rest Ungelabelt\d72b9d15d9634d75833e3b31e537e784.png,Composite Provider,0.10076786577701569,"['Composite Provider', 'Data Store Object', 'DTP', 'Query', 'Transformationen']","[0.10076786577701569, 0.09834026545286179, 0.07999562472105026, 0.07639176398515701, 0.07383611053228378]"
..\Data\Rest Ungelabelt\d74e268fed4845969d055dfe0b7c3efc.png,Data Store Object,0.1250046342611313,"['Data Store Object', 'Data Mart', 'Datenvorschau', 'Composite Provider', 'Data Source']","[0.1250046342611313, 0.1052263155579567, 0.07031338661909103, 0.07012178003787994, 0.06995560973882675]"
..\Data\Rest Ungelabelt\d769ec9205184fe2914e0f6b3e6f9a0d.png,Data Store Object,0.17148226499557495,"['Data Store Object', 'Data Source', 'Datenvorschau', 'Composite Provider', 'Data Mart']","[0.17148226499557495, 0.07085061818361282, 0.06977124512195587, 0.06958889961242676, 0.0688500627875328]"
..\Data\Rest Ungelabelt\d76e39e761e74dd7b5c4ae6ac2c8a451.png,Data Store Object,0.18348702788352966,"['Data Store Object', 'DTP', 'BW4Cockpit (Stammdaten)', 'Query', 'Data Mart']","[0.18348702788352966, 0.06824619323015213, 0.0681912899017334, 0.0680261179804802, 0.06801188737154007]"
..\Data\Rest Ungelabelt\d7895a391e4a4fb7af58fb37e122e776.jpeg,Data Store Object,0.16556958854198456,"['Data Store Object', 'Data Source', 'Datenvorschau', 'DTP', 'Bewegungsdaten']","[0.16556958854198456, 0.07227002084255219, 0.06980887800455093, 0.06963091343641281, 0.06946324557065964]"
..\Data\Rest Ungelabelt\d79246ce1f1b43e8b914318449258dc5.png,Query,0.11194911599159241,"['Query', 'DTP', 'Data Store Object', 'Datenvorschau', 'Composite Provider']","[0.11194911599159241, 0.08089463412761688, 0.0770394429564476, 0.0769416019320488, 0.07549881935119629]"
..\Data\Rest Ungelabelt\d7d3fd4822ec4102b79dee65a04b6af5.png,ABAP Dictionary,0.18468396365642548,"['ABAP Dictionary', 'DTP', 'Bewegungsdaten', 'Data Flow Object', 'BW4Cockpit (Stammdaten)']","[0.18468396365642548, 0.06794367730617523, 0.06794317066669464, 0.0679430291056633, 0.06794298440217972]"
..\Data\Rest Ungelabelt\d7d6c97fa8324df5836fc34cf76428dd.png,Data Store Object,0.1529771387577057,"['Data Store Object', 'Data Mart', 'Query', 'Composite Provider', 'Data Source']","[0.1529771387577057, 0.07647926360368729, 0.07273448258638382, 0.0708656832575798, 0.07004576921463013]"
..\Data\Rest Ungelabelt\d7d7da84f75d48e28132a843ffb5bd6c.png,Composite Provider,0.18410632014274597,"['Composite Provider', 'Data Store Object', 'DTP', 'Transformationen', 'Data Flow Object']","[0.18410632014274597, 0.06818138808012009, 0.06798216700553894, 0.06798066943883896, 0.06797738373279572]"
..\Data\Rest Ungelabelt\d7ddf93c5f244a18a63bde362c286788.png,Datenvorschau,0.17661887407302856,"['Datenvorschau', 'Data Source', 'Query', 'Data Store Object', 'Transformationen']","[0.17661887407302856, 0.07050714641809464, 0.06947772204875946, 0.06839569658041, 0.06834796816110611]"
..\Data\Rest Ungelabelt\d81afa5edd6942aba40f94387c94c24e.png,Transformationen,0.09457136690616608,"['Transformationen', 'Data Store Object', 'DTP', 'Composite Provider', 'Data Mart']","[0.09457136690616608, 0.08899902552366257, 0.08006924390792847, 0.07919296622276306, 0.07705838233232498]"
..\Data\Rest Ungelabelt\d82418ee55714b74ac548f35db7ef88d.jpeg,Composite Provider,0.1701875925064087,"['Composite Provider', 'Bewegungsdaten', 'Transformationen', 'Datenvorschau', 'Data Store Object']","[0.1701875925064087, 0.07062781602144241, 0.07005331665277481, 0.06979116052389145, 0.0692727267742157]"
..\Data\Rest Ungelabelt\d838262e244745498a5f492db2ced0d7.png,Excel,0.12789282202720642,"['Excel', 'ABAP Dictionary', 'DTP', 'Bewegungsdaten', 'BW4Cockpit (Stammdaten)']","[0.12789282202720642, 0.08591476082801819, 0.07749020308256149, 0.07434035837650299, 0.07153470069169998]"
..\Data\Rest Ungelabelt\d86e5b5790e84802b18eeb3ffa337a65.png,Data Store Object,0.1846751570701599,"['Data Store Object', 'Composite Provider', 'Data Mart', 'DTP', 'BW4Cockpit (Stammdaten)']","[0.1846751570701599, 0.06794510781764984, 0.06794488430023193, 0.06794415414333344, 0.06794388592243195]"
..\Data\Rest Ungelabelt\d87e11b5dda549098dd0f469963ac5be.png,Datenvorschau,0.11997447907924652,"['Datenvorschau', 'Bewegungsdaten', 'Excel', 'Composite Provider', 'Data Store Object']","[0.11997447907924652, 0.09825006127357483, 0.07579008489847183, 0.07292710244655609, 0.07081422209739685]"
..\Data\Rest Ungelabelt\d8916d39d97744458b9560a80b922358.png,Datenvorschau,0.18172524869441986,"['Datenvorschau', 'Excel', 'Bewegungsdaten', 'BW4Cockpit (Stammdaten)', 'ABAP Dictionary']","[0.18172524869441986, 0.06861627101898193, 0.06846405565738678, 0.0683324858546257, 0.06811614334583282]"
..\Data\Rest Ungelabelt\d898acd5888045efa9692a6ac8ee6fb0.jpeg,Bewegungsdaten,0.18431858718395233,"['Bewegungsdaten', 'ABAP Dictionary', 'Datenvorschau', 'BW4Cockpit (Stammdaten)', 'Composite Provider']","[0.18431858718395233, 0.06807772815227509, 0.06797511875629425, 0.06796581298112869, 0.06796563416719437]"
..\Data\Rest Ungelabelt\d899ad12193f43078b0d3e1977ce6815.jpeg,Data Source,0.09958076477050781,"['Data Source', 'Datenvorschau', 'Transformationen', 'Composite Provider', 'Data Store Object']","[0.09958076477050781, 0.09076451510190964, 0.0843273401260376, 0.07649374008178711, 0.07467791438102722]"
..\Data\Rest Ungelabelt\d8a4b63e61334b16b1beb17ba3fde53c.png,Data Source,0.10594054311513901,"['Data Source', 'Transformationen', 'Data Store Object', 'Composite Provider', 'Data Mart']","[0.10594054311513901, 0.08991806954145432, 0.08517786115407944, 0.07552020996809006, 0.07327725738286972]"
..\Data\Rest Ungelabelt\d8baa6badc4345978cb4a149b934a656.png,Query,0.18468397855758667,"['Query', 'Data Source', 'BW4Cockpit (Stammdaten)', 'Data Store Object', 'Data Mart']","[0.18468397855758667, 0.06794349104166031, 0.06794317811727524, 0.06794312596321106, 0.06794306635856628]"
..\Data\Rest Ungelabelt\d8bf4968bc14454faa8aa4e90e7c1e25.png,Data Store Object,0.1250649243593216,"['Data Store Object', 'Composite Provider', 'Datenvorschau', 'Data Source', 'Data Mart']","[0.1250649243593216, 0.09484908729791641, 0.07359009981155396, 0.0730196163058281, 0.07131980359554291]"
..\Data\Rest Ungelabelt\d8c57a207e674b82bf3639e5a4d7192c.jpeg,Data Store Object,0.13015498220920563,"['Data Store Object', 'Datenvorschau', 'Data Mart', 'Data Source', 'Query']","[0.13015498220920563, 0.09014773368835449, 0.07493337988853455, 0.0723048597574234, 0.0712176263332367]"
..\Data\Rest Ungelabelt\d8e5ed3456f448958c80218315fa059a.png,Excel,0.17478154599666595,"['Excel', 'Query', 'Composite Provider', 'Datenvorschau', 'Data Store Object']","[0.17478154599666595, 0.07014688104391098, 0.06957531720399857, 0.06884898245334625, 0.06872290372848511]"
..\Data\Rest Ungelabelt\d8e5fab873314bfd98fdbacf467ed26c.png,Bewegungsdaten,0.14817722141742706,"['Bewegungsdaten', 'Excel', 'DTP', 'Datenvorschau', 'Composite Provider']","[0.14817722141742706, 0.07764742523431778, 0.07344841957092285, 0.0724266767501831, 0.07153654098510742]"
..\Data\Rest Ungelabelt\d8e6365462c241ff98968a3944aa964d.png,Data Flow Object,0.1846228390932083,"['Data Flow Object', 'Composite Provider', 'Excel', 'Transformationen', 'DTP']","[0.1846228390932083, 0.06796841323375702, 0.06794679909944534, 0.06794657558202744, 0.06794655323028564]"
..\Data\Rest Ungelabelt\d8f74cdbc4a243baafb262e7e4154bef.png,Data Store Object,0.17233501374721527,"['Data Store Object', 'DTP', 'Data Source', 'ABAP Dictionary', 'BW4Cockpit (Stammdaten)']","[0.17233501374721527, 0.0708790048956871, 0.06920983642339706, 0.06915248185396194, 0.06902105361223221]"
..\Data\Rest Ungelabelt\d9043d5625cb48cab028bf69695b81db.png,Data Store Object,0.1777600795030594,"['Data Store Object', 'Data Source', 'Query', 'Data Mart', 'Datenvorschau']","[0.1777600795030594, 0.0699678361415863, 0.06891757249832153, 0.06873388588428497, 0.06838837265968323]"
..\Data\Rest Ungelabelt\d9098935e15546589a3e73a9f43e02fc.jpeg,BW4Cockpit (Stammdaten),0.11518707126379013,"['BW4Cockpit (Stammdaten)', 'Data Source', 'Transformationen', 'Data Store Object', 'Data Flow Object']","[0.11518707126379013, 0.07807990908622742, 0.07754211127758026, 0.07725737243890762, 0.07498326152563095]"
..\Data\Rest Ungelabelt\d9163d003e104be19925d8963bc405a7.png,Data Store Object,0.09443432092666626,"['Data Store Object', 'Transformationen', 'Data Source', 'Datenvorschau', 'Query']","[0.09443432092666626, 0.08620309829711914, 0.08081351220607758, 0.07771208882331848, 0.07583936303853989]"
..\Data\Rest Ungelabelt\d91f98af3df0416fb7cfa540051892f9.png,DTP,0.1707810014486313,"['DTP', 'Query', 'Transformationen', 'ABAP Dictionary', 'Data Store Object']","[0.1707810014486313, 0.07012127339839935, 0.0699552521109581, 0.06973622739315033, 0.06943915784358978]"
..\Data\Rest Ungelabelt\d922e385bd2d4fc7ab5b644a9ff1f717.png,Data Source,0.18354959785938263,"['Data Source', 'Data Mart', 'Datenvorschau', 'Data Store Object', 'Transformationen']","[0.18354959785938263, 0.06822658330202103, 0.06813033670186996, 0.06805308163166046, 0.06802882254123688]"
..\Data\Rest Ungelabelt\d939640e9c3d459db28d74c967bf8480.png,Excel,0.1846817284822464,"['Excel', 'Composite Provider', 'Datenvorschau', 'Bewegungsdaten', 'Data Store Object']","[0.1846817284822464, 0.06794372200965881, 0.06794365495443344, 0.06794328987598419, 0.06794322282075882]"
..\Data\Rest Ungelabelt\d9396ee30972433ca821ad557e9bafec.png,Data Store Object,0.1846121996641159,"['Data Store Object', 'DTP', 'BW4Cockpit (Stammdaten)', 'Composite Provider', 'Data Mart']","[0.1846121996641159, 0.06796614080667496, 0.06795477867126465, 0.06794869899749756, 0.06794686615467072]"
..\Data\Rest Ungelabelt\d946ce2c68704d25b94b37d765797c40.png,Data Store Object,0.17806243896484375,"['Data Store Object', 'Data Source', 'DTP', 'BW4Cockpit (Stammdaten)', 'Composite Provider']","[0.17806243896484375, 0.06886422634124756, 0.06885514408349991, 0.06867879629135132, 0.06855723261833191]"
..\Data\Rest Ungelabelt\d955a1365b9f44dc9fda9db228182dda.jpeg,Excel,0.18460480868816376,"['Excel', 'Query', 'BW4Cockpit (Stammdaten)', 'Datenvorschau', 'Bewegungsdaten']","[0.18460480868816376, 0.06795529276132584, 0.06795307248830795, 0.06795211881399155, 0.06795194745063782]"
..\Data\Rest Ungelabelt\d994759e27984aa796e9d2c490b2a292.jpeg,Composite Provider,0.10178567469120026,"['Composite Provider', 'Transformationen', 'Excel', 'Datenvorschau', 'ABAP Dictionary']","[0.10178567469120026, 0.08547326922416687, 0.08533267676830292, 0.0793972760438919, 0.07402146607637405]"
..\Data\Rest Ungelabelt\d9b5dca6e6504d62a1b5813c8ca7b507.png,DTP,0.18466268479824066,"['DTP', 'ABAP Dictionary', 'Data Source', 'BW4Cockpit (Stammdaten)', 'Bewegungsdaten']","[0.18466268479824066, 0.06794828176498413, 0.06794662028551102, 0.06794532388448715, 0.06794468313455582]"
..\Data\Rest Ungelabelt\d9c3495f9f3048839c1b38d890ab361a.png,Query,0.14829468727111816,"['Query', 'Data Store Object', 'Transformationen', 'DTP', 'Composite Provider']","[0.14829468727111816, 0.07750305533409119, 0.07352963835000992, 0.0706353485584259, 0.07062879204750061]"
..\Data\Rest Ungelabelt\d9ed91577bf34ddca507e06f358e6d41.png,Transformationen,0.18462872505187988,"['Transformationen', 'Composite Provider', 'Data Flow Object', 'Excel', 'Data Source']","[0.18462872505187988, 0.0679684430360794, 0.06794606894254684, 0.06794606149196625, 0.06794586777687073]"
..\Data\Rest Ungelabelt\da08dbd91c2f49deaca6f2ef7a6c795e.png,Data Flow Object,0.169252410531044,"['Data Flow Object', 'Composite Provider', 'Data Store Object', 'DTP', 'Query']","[0.169252410531044, 0.07428384572267532, 0.06912392377853394, 0.06888362020254135, 0.0687887892127037]"
..\Data\Rest Ungelabelt\da1b18e09f664b7c870f002bfec04991.jpeg,Data Source,0.162449449300766,"['Data Source', 'Datenvorschau', 'Query', 'Data Mart', 'Data Store Object']","[0.162449449300766, 0.07681159675121307, 0.06970430165529251, 0.06945730000734329, 0.06929604709148407]"
..\Data\Rest Ungelabelt\da2e30c60c7e449c894f50cb8101e645.png,Composite Provider,0.13198639452457428,"['Composite Provider', 'Data Flow Object', 'DTP', 'Excel', 'Data Store Object']","[0.13198639452457428, 0.09978467971086502, 0.07009240984916687, 0.06983894854784012, 0.06982552260160446]"
..\Data\Rest Ungelabelt\da35de2e9d9843699071d65c3239fad9.png,Transformationen,0.10540691763162613,"['Transformationen', 'Query', 'Composite Provider', 'ABAP Dictionary', 'Datenvorschau']","[0.10540691763162613, 0.10426843911409378, 0.07992168515920639, 0.07203362882137299, 0.07193086296319962]"
..\Data\Rest Ungelabelt\da37ca597b21493180a061e8a2ac68bc.png,Data Flow Object,0.18411380052566528,"['Data Flow Object', 'Composite Provider', 'ABAP Dictionary', 'Datenvorschau', 'DTP']","[0.18411380052566528, 0.06814416497945786, 0.06798923760652542, 0.06798047572374344, 0.06797849386930466]"
..\Data\Rest Ungelabelt\da42e65349db43b38f75d786a7a3a8f3.jpeg,Data Source,0.179245725274086,"['Data Source', 'Data Store Object', 'DTP', 'Datenvorschau', 'Transformationen']","[0.179245725274086, 0.06919588148593903, 0.06877513974905014, 0.06845606118440628, 0.0683431625366211]"
..\Data\Rest Ungelabelt\da436aa26ec745e29ab2d9fe8777d6a8.png,Query,0.1395348608493805,"['Query', 'Composite Provider', 'Data Store Object', 'Transformationen', 'Datenvorschau']","[0.1395348608493805, 0.07776828110218048, 0.0757337287068367, 0.07462316006422043, 0.0719873234629631]"
..\Data\Rest Ungelabelt\da4676fe77504c4896a28343f9c16ca8.jpeg,Bewegungsdaten,0.18390202522277832,"['Bewegungsdaten', 'Data Flow Object', 'Datenvorschau', 'ABAP Dictionary', 'BW4Cockpit (Stammdaten)']","[0.18390202522277832, 0.0680718645453453, 0.06806711107492447, 0.06804483383893967, 0.06802495568990707]"
..\Data\Rest Ungelabelt\da49f666284942a5b87e9f89f7fe62b4.jpeg,Data Store Object,0.12742303311824799,"['Data Store Object', 'Datenvorschau', 'ABAP Dictionary', 'Composite Provider', 'DTP']","[0.12742303311824799, 0.08299580961465836, 0.07638529688119888, 0.07391858845949173, 0.0730874240398407]"
..\Data\Rest Ungelabelt\da4c8a38e81e4f08979ca6e30bacdaec.png,Data Store Object,0.1834188848733902,"['Data Store Object', 'DTP', 'BW4Cockpit (Stammdaten)', 'Composite Provider', 'Data Source']","[0.1834188848733902, 0.06843594461679459, 0.06805825978517532, 0.0680387020111084, 0.06800846010446548]"
..\Data\Rest Ungelabelt\da4f535d41a741d9b29eb51f3ea868a7.png,Query,0.18420755863189697,"['Query', 'DTP', 'Data Source', 'Data Store Object', 'Data Mart']","[0.18420755863189697, 0.06805265694856644, 0.06802810728549957, 0.06797969341278076, 0.06797602027654648]"
..\Data\Rest Ungelabelt\da62659746bf4219a5643fa01121d118.jpeg,Query,0.18467074632644653,"['Query', 'Data Source', 'Data Store Object', 'Data Mart', 'BW4Cockpit (Stammdaten)']","[0.18467074632644653, 0.06794684380292892, 0.06794613599777222, 0.06794403493404388, 0.0679437518119812]"
..\Data\Rest Ungelabelt\da68190d16294dd693b745e795711edc.jpeg,Query,0.16435125470161438,"['Query', 'Transformationen', 'Data Source', 'DTP', 'Composite Provider']","[0.16435125470161438, 0.07192951440811157, 0.0716661661863327, 0.07057998329401016, 0.06958150863647461]"
..\Data\Rest Ungelabelt\daa5988753014469a911fedb02526c90.jpeg,Data Store Object,0.13319337368011475,"['Data Store Object', 'Datenvorschau', 'Composite Provider', 'DTP', 'Transformationen']","[0.13319337368011475, 0.08966543525457382, 0.07394004613161087, 0.07182115316390991, 0.0707063376903534]"
..\Data\Rest Ungelabelt\daa8a7aaf33c4184b0b9dafed1019577.jpeg,Data Source,0.17344531416893005,"['Data Source', 'BW4Cockpit (Stammdaten)', 'Query', 'Data Store Object', 'Datenvorschau']","[0.17344531416893005, 0.07037472724914551, 0.06946200132369995, 0.06931295245885849, 0.06905607134103775]"
..\Data\Rest Ungelabelt\daacc39d79264c76bb87be9ffa52b6cc.png,Datenvorschau,0.14660434424877167,"['Datenvorschau', 'Data Source', 'Data Store Object', 'Composite Provider', 'Data Mart']","[0.14660434424877167, 0.0803779661655426, 0.07445663958787918, 0.07108789682388306, 0.07073929160833359]"
..\Data\Rest Ungelabelt\dab3d6f68500474faaea0654aae2f815.png,Excel,0.18467500805854797,"['Excel', 'Bewegungsdaten', 'Datenvorschau', 'Data Store Object', 'Composite Provider']","[0.18467500805854797, 0.06794796884059906, 0.06794354319572449, 0.06794339418411255, 0.06794337183237076]"
..\Data\Rest Ungelabelt\dac73578fdc34c3585591ba311010254.png,Datenvorschau,0.1401253640651703,"['Datenvorschau', 'Bewegungsdaten', 'Composite Provider', 'Data Store Object', 'Excel']","[0.1401253640651703, 0.08597021549940109, 0.0727745071053505, 0.07224380970001221, 0.07023057341575623]"
..\Data\Rest Ungelabelt\dad1c8def76c42688c89e14e8e3dc9bb.png,BW4Cockpit (Stammdaten),0.11040244996547699,"['BW4Cockpit (Stammdaten)', 'Bewegungsdaten', 'Data Source', 'Data Store Object', 'Excel']","[0.11040244996547699, 0.0925883948802948, 0.07840972393751144, 0.07473395019769669, 0.0736687108874321]"
..\Data\Rest Ungelabelt\dad269b6bbdd429bb64a1f9e37fb91fc.png,Data Store Object,0.18195469677448273,"['Data Store Object', 'DTP', 'BW4Cockpit (Stammdaten)', 'Query', 'ABAP Dictionary']","[0.18195469677448273, 0.06890244036912918, 0.0682038962841034, 0.0681656077504158, 0.06812497228384018]"
..\Data\Rest Ungelabelt\daef07870da94f32a54213459a1507d0.png,Data Flow Object,0.1846219003200531,"['Data Flow Object', 'Composite Provider', 'ABAP Dictionary', 'Excel', 'DTP']","[0.1846219003200531, 0.06795990467071533, 0.06795001775026321, 0.06794840842485428, 0.06794805079698563]"
..\Data\Rest Ungelabelt\db5312ad28454f52a7f50492b9d21d12.png,Datenvorschau,0.14546160399913788,"['Datenvorschau', 'Data Store Object', 'Data Source', 'Composite Provider', 'Data Mart']","[0.14546160399913788, 0.08386841416358948, 0.07221966236829758, 0.07091711461544037, 0.07074543833732605]"
..\Data\Rest Ungelabelt\db63fa385760494ea4f78fc0cb5c0169.jpeg,Datenvorschau,0.11905866861343384,"['Datenvorschau', 'Data Store Object', 'DTP', 'Data Mart', 'Data Source']","[0.11905866861343384, 0.10253789275884628, 0.07389766722917557, 0.07120546698570251, 0.07061616331338882]"
..\Data\Rest Ungelabelt\db8dc75edff54e3f8bff5f70aeda510d.png,Query,0.14920882880687714,"['Query', 'Data Source', 'Datenvorschau', 'Transformationen', 'ABAP Dictionary']","[0.14920882880687714, 0.07624419778585434, 0.07268505543470383, 0.07195829600095749, 0.0715138390660286]"
..\Data\Rest Ungelabelt\dbf5920b3aea4b2e8f3673bdfc99e2ec.png,Composite Provider,0.11430899798870087,"['Composite Provider', 'Transformationen', 'Query', 'Data Store Object', 'Data Flow Object']","[0.11430899798870087, 0.10243139415979385, 0.07390224188566208, 0.07338293641805649, 0.07115888595581055]"
..\Data\Rest Ungelabelt\dc1b83f425e149699bdb4bf45cc301b2.png,Transformationen,0.12213683873414993,"['Transformationen', 'Composite Provider', 'Data Source', 'Data Store Object', 'Data Mart']","[0.12213683873414993, 0.0799177959561348, 0.07483034580945969, 0.07451554387807846, 0.07451245933771133]"
..\Data\Rest Ungelabelt\dc4d50ea6e3f4b6b882ccaebed82e3a1.png,Data Flow Object,0.18355102837085724,"['Data Flow Object', 'Composite Provider', 'Query', 'ABAP Dictionary', 'DTP']","[0.18355102837085724, 0.06846325099468231, 0.06800074130296707, 0.06799983233213425, 0.06799951195716858]"
..\Data\Rest Ungelabelt\dc7d29dd5108456c8bd8a5af1bf2a591.png,Query,0.18464875221252441,"['Query', 'Data Source', 'Data Mart', 'Composite Provider', 'DTP']","[0.18464875221252441, 0.06795055419206619, 0.06794697791337967, 0.06794661283493042, 0.06794621050357819]"
..\Data\Rest Ungelabelt\dc9728191d2c4469ba1bf41c4e4a1005.jpeg,Query,0.1593664437532425,"['Query', 'Data Source', 'Data Store Object', 'Data Mart', 'Transformationen']","[0.1593664437532425, 0.07276388257741928, 0.0717390850186348, 0.07067268341779709, 0.07050260156393051]"
..\Data\Rest Ungelabelt\dc9a3a29c886461b94252f83b5604c03.png,Data Store Object,0.18452423810958862,"['Data Store Object', 'DTP', 'Data Mart', 'BW4Cockpit (Stammdaten)', 'Composite Provider']","[0.18452423810958862, 0.06798384338617325, 0.06796298176050186, 0.06796063482761383, 0.06795434653759003]"
..\Data\Rest Ungelabelt\dca90b324ba441be834cce43ecc58c70.png,Excel,0.17871080338954926,"['Excel', 'Bewegungsdaten', 'ABAP Dictionary', 'Data Flow Object', 'Transformationen']","[0.17871080338954926, 0.07080106437206268, 0.0682263970375061, 0.06822635978460312, 0.06822626292705536]"
..\Data\Rest Ungelabelt\dccd7fdb376048eeb23dcf0248e5fa4b.png,Data Flow Object,0.15660569071769714,"['Data Flow Object', 'Composite Provider', 'Transformationen', 'DTP', 'ABAP Dictionary']","[0.15660569071769714, 0.08158768713474274, 0.06950565427541733, 0.06949988007545471, 0.06942619383335114]"
..\Data\Rest Ungelabelt\dcd76e496a89487688349f4c00ccdce9.png,Data Store Object,0.16420915722846985,"['Data Store Object', 'Data Mart', 'Query', 'Data Source', 'ABAP Dictionary']","[0.16420915722846985, 0.0750797688961029, 0.06992197036743164, 0.06979191303253174, 0.0691942647099495]"
..\Data\Rest Ungelabelt\dceaf019b5d44aa3834790761514d8ea.png,Query,0.18154436349868774,"['Query', 'Data Source', 'Composite Provider', 'Data Store Object', 'Transformationen']","[0.18154436349868774, 0.06869947910308838, 0.06824111193418503, 0.06823792308568954, 0.06823555380105972]"
..\Data\Rest Ungelabelt\dcef5104bb6b49b8bcfbe41b1cef62b8.png,Transformationen,0.1846124678850174,"['Transformationen', 'Composite Provider', 'Data Source', 'Excel', 'Datenvorschau']","[0.1846124678850174, 0.0679737851023674, 0.06794758141040802, 0.06794757395982742, 0.06794695556163788]"
..\Data\Rest Ungelabelt\dcf1127b160a4822925f202f8098a29c.png,Data Flow Object,0.17738887667655945,"['Data Flow Object', 'Composite Provider', 'DTP', 'Data Store Object', 'Transformationen']","[0.17738887667655945, 0.07145501673221588, 0.0682874247431755, 0.06828697770833969, 0.0682869479060173]"
..\Data\Rest Ungelabelt\dd03d9767d0c44b5928665e446143f7b.png,Data Flow Object,0.18465426564216614,"['Data Flow Object', 'Composite Provider', 'Datenvorschau', 'DTP', 'Data Source']","[0.18465426564216614, 0.0679563581943512, 0.06794602423906326, 0.06794435530900955, 0.06794435530900955]"
..\Data\Rest Ungelabelt\dd644407e62246119b027781cda2d3f1.jpeg,DTP,0.1802312433719635,"['DTP', 'ABAP Dictionary', 'BW4Cockpit (Stammdaten)', 'Bewegungsdaten', 'Data Store Object']","[0.1802312433719635, 0.06991692632436752, 0.06820864230394363, 0.06818773597478867, 0.06818702816963196]"
..\Data\Rest Ungelabelt\dd67b16cd62e4a4c9eacfb640701f452.png,Data Store Object,0.1291339248418808,"['Data Store Object', 'Data Source', 'Query', 'DTP', 'Composite Provider']","[0.1291339248418808, 0.09306420385837555, 0.07296481728553772, 0.07138983905315399, 0.07108630985021591]"
..\Data\Rest Ungelabelt\dd83779dccd44f9d9d276c7ad09bae48.png,ABAP Dictionary,0.1833021640777588,"['ABAP Dictionary', 'Bewegungsdaten', 'Excel', 'Datenvorschau', 'BW4Cockpit (Stammdaten)']","[0.1833021640777588, 0.06850181519985199, 0.06805016100406647, 0.06802437454462051, 0.068018838763237]"
..\Data\Rest Ungelabelt\dd9dbaaa52694eb38edc35ec0867cfdc.png,Query,0.18465520441532135,"['Query', 'Data Store Object', 'Data Mart', 'Data Flow Object', 'Composite Provider']","[0.18465520441532135, 0.06794896721839905, 0.06794673204421997, 0.06794599443674088, 0.06794576346874237]"
..\Data\Rest Ungelabelt\dda09ff9024342b2948f48d6160b4e65.png,Data Source,0.11380477249622345,"['Data Source', 'Data Store Object', 'Query', 'DTP', 'Transformationen']","[0.11380477249622345, 0.1029047816991806, 0.07890056073665619, 0.07070347666740417, 0.0706360936164856]"
..\Data\Rest Ungelabelt\dda43adf73c54852ba2724d9623940a2.png,ABAP Dictionary,0.17557507753372192,"['ABAP Dictionary', 'BW4Cockpit (Stammdaten)', 'DTP', 'Data Source', 'Transformationen']","[0.17557507753372192, 0.07069999724626541, 0.06954748183488846, 0.06849633157253265, 0.06845070421695709]"
..\Data\Rest Ungelabelt\ddc253653eed47f488b91a1372ddfd93.png,Data Flow Object,0.124331034719944,"['Data Flow Object', 'Composite Provider', 'DTP', 'Transformationen', 'ABAP Dictionary']","[0.124331034719944, 0.09474074095487595, 0.07357694208621979, 0.07343502342700958, 0.07149481773376465]"
..\Data\Rest Ungelabelt\dddd030cdae74af7b7379761483780b6.png,Data Store Object,0.12224876880645752,"['Data Store Object', 'Data Mart', 'Query', 'Data Source', 'Transformationen']","[0.12224876880645752, 0.10859157890081406, 0.06995680183172226, 0.06992705166339874, 0.0699245035648346]"
..\Data\Rest Ungelabelt\dde093e0784e41719eb7144748f504e1.png,Bewegungsdaten,0.0896182507276535,"['Bewegungsdaten', 'Excel', 'BW4Cockpit (Stammdaten)', 'Composite Provider', 'Data Flow Object']","[0.0896182507276535, 0.08101223409175873, 0.07847105711698532, 0.07712992280721664, 0.07702633738517761]"
..\Data\Rest Ungelabelt\dde62aff15674d579b1c8d8c9741b89d.png,Composite Provider,0.1201084554195404,"['Composite Provider', 'Query', 'Data Store Object', 'Datenvorschau', 'Data Flow Object']","[0.1201084554195404, 0.09058508276939392, 0.0805143266916275, 0.07218919694423676, 0.07181296497583389]"
..\Data\Rest Ungelabelt\ddebafb467734072b407f5e23537f197.png,Composite Provider,0.12687987089157104,"['Composite Provider', 'Data Store Object', 'Data Source', 'Data Mart', 'DTP']","[0.12687987089157104, 0.08669424802064896, 0.07485227286815643, 0.07448780536651611, 0.0744856521487236]"
..\Data\Rest Ungelabelt\de095b2387b7401b9830f6ff3ae64639.png,Data Source,0.13242840766906738,"['Data Source', 'Query', 'Data Store Object', 'DTP', 'Datenvorschau']","[0.13242840766906738, 0.08973890542984009, 0.0763418972492218, 0.07044495642185211, 0.07029783725738525]"
..\Data\Rest Ungelabelt\de0dddaaaca242d6b2420f913a074f67.png,Transformationen,0.11002420634031296,"['Transformationen', 'Composite Provider', 'Datenvorschau', 'Excel', 'Data Source']","[0.11002420634031296, 0.09823745489120483, 0.07551746070384979, 0.07425157725811005, 0.0735076516866684]"
..\Data\Rest Ungelabelt\de296ca820704d36a0e7cab2bbe7f988.png,BW4Cockpit (Stammdaten),0.12785354256629944,"['BW4Cockpit (Stammdaten)', 'Data Store Object', 'Data Source', 'ABAP Dictionary', 'DTP']","[0.12785354256629944, 0.08139724284410477, 0.07713555544614792, 0.07470054924488068, 0.0739007517695427]"
..\Data\Rest Ungelabelt\de2a5e4db3e543b4807feb23c5d0d6d8.png,Data Flow Object,0.1842198371887207,"['Data Flow Object', 'Composite Provider', 'Excel', 'ABAP Dictionary', 'Datenvorschau']","[0.1842198371887207, 0.06815528124570847, 0.06796707212924957, 0.06796674430370331, 0.06796614080667496]"
..\Data\Rest Ungelabelt\de35fe6d7e424c2c8d9a77b0fd408036.png,Excel,0.18455243110656738,"['Excel', 'BW4Cockpit (Stammdaten)', 'DTP', 'Datenvorschau', 'Bewegungsdaten']","[0.18455243110656738, 0.06797956675291061, 0.06795807927846909, 0.06795423477888107, 0.06795413792133331]"
..\Data\Rest Ungelabelt\de7f961131174546874d14e358109617.jpeg,Data Source,0.14170892536640167,"['Data Source', 'Datenvorschau', 'Data Mart', 'Query', 'Data Store Object']","[0.14170892536640167, 0.08742298185825348, 0.07111331820487976, 0.0706816092133522, 0.07065630704164505]"
..\Data\Rest Ungelabelt\de8203c7fdbe44ccab25966519bea933.jpeg,Data Store Object,0.18457961082458496,"['Data Store Object', 'DTP', 'BW4Cockpit (Stammdaten)', 'ABAP Dictionary', 'Data Mart']","[0.18457961082458496, 0.06798037141561508, 0.06795445084571838, 0.06795039772987366, 0.06794945150613785]"
..\Data\Rest Ungelabelt\debdbc7dde104771b6d87aee5a2b5153.png,Bewegungsdaten,0.1841149777173996,"['Bewegungsdaten', 'ABAP Dictionary', 'Excel', 'Datenvorschau', 'Composite Provider']","[0.1841149777173996, 0.06811355799436569, 0.06803551316261292, 0.06798367947340012, 0.06797783076763153]"
..\Data\Rest Ungelabelt\dec574cabcd741639508c1e6604282a4.png,Transformationen,0.13597729802131653,"['Transformationen', 'Composite Provider', 'Excel', 'Data Flow Object', 'Data Source']","[0.13597729802131653, 0.08353690803050995, 0.07791146636009216, 0.0707651823759079, 0.07070181518793106]"
..\Data\Rest Ungelabelt\ded6ca8565d345acb92cba1697e0823c.jpeg,Data Store Object,0.12465410679578781,"['Data Store Object', 'Datenvorschau', 'Composite Provider', 'Bewegungsdaten', 'Transformationen']","[0.12465410679578781, 0.07761175185441971, 0.0774017870426178, 0.07674473524093628, 0.07275707274675369]"
..\Data\Rest Ungelabelt\dee8e94943c04aecbdb222684fa3aed7.png,Query,0.1140018105506897,"['Query', 'Transformationen', 'Composite Provider', 'Data Store Object', 'Data Mart']","[0.1140018105506897, 0.08938933908939362, 0.08475316315889359, 0.07295730710029602, 0.07152415066957474]"
..\Data\Rest Ungelabelt\deeff286e81944279b266313c41877d2.png,Data Store Object,0.10103579610586166,"['Data Store Object', 'Composite Provider', 'DTP', 'Query', 'Data Source']","[0.10103579610586166, 0.09500453621149063, 0.08352779597043991, 0.07592789828777313, 0.07361992448568344]"
..\Data\Rest Ungelabelt\df1269674f444629a68afeeb07cb0b23.png,Query,0.18465527892112732,"['Query', 'Data Store Object', 'Data Mart', 'Datenvorschau', 'Data Source']","[0.18465527892112732, 0.06794777512550354, 0.06794663518667221, 0.06794647872447968, 0.06794636696577072]"
..\Data\Rest Ungelabelt\df23d997ed1e4931b2d27e5bd7d0356d.png,Data Flow Object,0.12150518596172333,"['Data Flow Object', 'Composite Provider', 'Transformationen', 'Query', 'Data Store Object']","[0.12150518596172333, 0.10919494181871414, 0.06998804211616516, 0.06995954364538193, 0.06993470340967178]"
..\Data\Rest Ungelabelt\df25d9b9f5e946b9976a0d4ddaee22f2.png,ABAP Dictionary,0.1846747249364853,"['ABAP Dictionary', 'Bewegungsdaten', 'DTP', 'Data Flow Object', 'BW4Cockpit (Stammdaten)']","[0.1846747249364853, 0.0679449588060379, 0.06794470548629761, 0.06794423609972, 0.0679439902305603]"
..\Data\Rest Ungelabelt\df2a221e4f5341dabbda2632af3f4e26.jpeg,Bewegungsdaten,0.1641375571489334,"['Bewegungsdaten', 'ABAP Dictionary', 'Datenvorschau', 'BW4Cockpit (Stammdaten)', 'Data Source']","[0.1641375571489334, 0.07555610686540604, 0.0705031082034111, 0.0693182572722435, 0.06924591213464737]"
..\Data\Rest Ungelabelt\df3044dab498457d8023f0206883c586.jpeg,Query,0.18468372523784637,"['Query', 'Data Flow Object', 'Composite Provider', 'Datenvorschau', 'BW4Cockpit (Stammdaten)']","[0.18468372523784637, 0.06794379651546478, 0.06794331967830658, 0.06794294714927673, 0.06794291734695435]"
..\Data\Rest Ungelabelt\df47abd476c14f6898c46ffcb5fa29d4.png,Datenvorschau,0.18462762236595154,"['Datenvorschau', 'Data Source', 'Excel', 'BW4Cockpit (Stammdaten)', 'Query']","[0.18462762236595154, 0.06795889884233475, 0.06795042753219604, 0.06794947385787964, 0.06794716417789459]"
..\Data\Rest Ungelabelt\df666cae5ec0491bab6d346d45b2a85c.png,Query,0.1846819967031479,"['Query', 'Data Source', 'BW4Cockpit (Stammdaten)', 'Data Store Object', 'DTP']","[0.1846819967031479, 0.06794419884681702, 0.06794337928295135, 0.06794316321611404, 0.06794312596321106]"
..\Data\Rest Ungelabelt\df809471fab64707b94a8c7df0f9a1bd.jpeg,ABAP Dictionary,0.14279773831367493,"['ABAP Dictionary', 'BW4Cockpit (Stammdaten)', 'DTP', 'Data Flow Object', 'Data Store Object']","[0.14279773831367493, 0.07536716759204865, 0.07489235699176788, 0.07313119620084763, 0.07212776690721512]"
..\Data\Rest Ungelabelt\dfadde12b648443c94694458b3571dda.jpeg,Composite Provider,0.12499251961708069,"['Composite Provider', 'Bewegungsdaten', 'Datenvorschau', 'Transformationen', 'Data Source']","[0.12499251961708069, 0.09037131071090698, 0.07716724276542664, 0.07236089557409286, 0.0716915875673294]"
..\Data\Rest Ungelabelt\dfd080e55c8b45b0a2f4b348e172035f.png,Excel,0.1845504641532898,"['Excel', 'Bewegungsdaten', 'Transformationen', 'Data Flow Object', 'Composite Provider']","[0.1845504641532898, 0.06796977669000626, 0.06796380132436752, 0.06795873492956161, 0.06795428693294525]"
..\Data\Rest Ungelabelt\e01b518ad2a94ded8ae3f85f179af571.png,Data Source,0.18431557714939117,"['Data Source', 'Datenvorschau', 'Data Store Object', 'Query', 'BW4Cockpit (Stammdaten)']","[0.18431557714939117, 0.06809412688016891, 0.06797341257333755, 0.06796486675739288, 0.0679628774523735]"
..\Data\Rest Ungelabelt\e0301cd4fae2453aac19620bd68403e5.png,ABAP Dictionary,0.18351925909519196,"['ABAP Dictionary', 'Datenvorschau', 'Composite Provider', 'Transformationen', 'Data Source']","[0.18351925909519196, 0.06823252886533737, 0.0681416466832161, 0.06805258989334106, 0.06801990419626236]"
..\Data\Rest Ungelabelt\e049adaf5dce42c784227a915d29cf59.png,ABAP Dictionary,0.18452312052249908,"['ABAP Dictionary', 'Excel', 'Bewegungsdaten', 'DTP', 'BW4Cockpit (Stammdaten)']","[0.18452312052249908, 0.06797970086336136, 0.06796685606241226, 0.0679631233215332, 0.06795510649681091]"
..\Data\Rest Ungelabelt\e0583c3bdc554b30ad58ed2a78c29ca5.png,Bewegungsdaten,0.18449033796787262,"['Bewegungsdaten', 'ABAP Dictionary', 'Datenvorschau', 'BW4Cockpit (Stammdaten)', 'Excel']","[0.18449033796787262, 0.06803010404109955, 0.0679553896188736, 0.06795280426740646, 0.06795258074998856]"
..\Data\Rest Ungelabelt\e05d8b51eaad4c06b62a8a1c14d920cd.png,Transformationen,0.10781160742044449,"['Transformationen', 'ABAP Dictionary', 'Data Source', 'Excel', 'Data Flow Object']","[0.10781160742044449, 0.09777583926916122, 0.08247317373752594, 0.07344751805067062, 0.0716341957449913]"
..\Data\Rest Ungelabelt\e07aff19eadc44579d2f6189984a5f16.jpeg,Excel,0.18438909947872162,"['Excel', 'Datenvorschau', 'Bewegungsdaten', 'BW4Cockpit (Stammdaten)', 'Composite Provider']","[0.18438909947872162, 0.0679934099316597, 0.06798391044139862, 0.06797964125871658, 0.06797034293413162]"
..\Data\Rest Ungelabelt\e09b339967fb4f07bdbf24112cdc5e5a.png,Datenvorschau,0.14075717329978943,"['Datenvorschau', 'BW4Cockpit (Stammdaten)', 'Excel', 'Query', 'Data Source']","[0.14075717329978943, 0.0844440907239914, 0.07314050942659378, 0.07251285016536713, 0.07074533402919769]"
..\Data\Rest Ungelabelt\e0b4f8c3d06a496c9e4a19328b6a3fca.png,Query,0.1299249827861786,"['Query', 'Data Store Object', 'Data Source', 'BW4Cockpit (Stammdaten)', 'DTP']","[0.1299249827861786, 0.09717448055744171, 0.07181791961193085, 0.07045873999595642, 0.07041646540164948]"
..\Data\Rest Ungelabelt\e0f63a235b6942cf91ab951148efd29f.jpeg,Data Store Object,0.1703723520040512,"['Data Store Object', 'Query', 'Data Source', 'Composite Provider', 'ABAP Dictionary']","[0.1703723520040512, 0.07196541130542755, 0.06952862441539764, 0.06914705783128738, 0.06899891793727875]"
..\Data\Rest Ungelabelt\e1053024eca741a8a62000aad08084cc.png,Data Store Object,0.11294173449277878,"['Data Store Object', 'Datenvorschau', 'DTP', 'Data Mart', 'Composite Provider']","[0.11294173449277878, 0.09720280766487122, 0.07532532513141632, 0.07244657725095749, 0.07236186414957047]"
..\Data\Rest Ungelabelt\e1294c842f5c402caca62a5e15aa6164.png,Datenvorschau,0.11028176546096802,"['Datenvorschau', 'Data Source', 'Transformationen', 'Data Flow Object', 'Composite Provider']","[0.11028176546096802, 0.09624695777893066, 0.07666751742362976, 0.0748017281293869, 0.0728369653224945]"
..\Data\Rest Ungelabelt\e1348526dd5c459294d2f0ef0d93e10c.png,Data Store Object,0.18361838161945343,"['Data Store Object', 'Query', 'Data Source', 'DTP', 'BW4Cockpit (Stammdaten)']","[0.18361838161945343, 0.06816475838422775, 0.06813617795705795, 0.06804817914962769, 0.06804145127534866]"
..\Data\Rest Ungelabelt\e15204812c7840babef3a18b9c6685de.jpeg,Composite Provider,0.12270987778902054,"['Composite Provider', 'Data Flow Object', 'DTP', 'Transformationen', 'Datenvorschau']","[0.12270987778902054, 0.10798490792512894, 0.0700017511844635, 0.0699826329946518, 0.06993166357278824]"
..\Data\Rest Ungelabelt\e1a47f220608471795a51a5cc5c8b7b6.jpeg,Query,0.12232572585344315,"['Query', 'Transformationen', 'Data Mart', 'Data Source', 'Data Store Object']","[0.12232572585344315, 0.08223994821310043, 0.07805632799863815, 0.07725482434034348, 0.07262561470270157]"
..\Data\Rest Ungelabelt\e1c4b62575b747c8b391852091a21d27.png,Composite Provider,0.12922565639019012,"['Composite Provider', 'Data Flow Object', 'Transformationen', 'Query', 'Excel']","[0.12922565639019012, 0.09071136265993118, 0.07328446954488754, 0.07305316627025604, 0.0710488110780716]"
..\Data\Rest Ungelabelt\e1ef650915ad44a9a8ad681e070581e6.png,Query,0.15889261662960052,"['Query', 'Data Store Object', 'Data Source', 'BW4Cockpit (Stammdaten)', 'ABAP Dictionary']","[0.15889261662960052, 0.07874870300292969, 0.07062985002994537, 0.06929987668991089, 0.06929599493741989]"
..\Data\Rest Ungelabelt\e1fdaf197c2e446c8a3384e9ec48f662.png,Excel,0.18467001616954803,"['Excel', 'Datenvorschau', 'Composite Provider', 'Bewegungsdaten', 'BW4Cockpit (Stammdaten)']","[0.18467001616954803, 0.06794703751802444, 0.06794490665197372, 0.0679444670677185, 0.06794433295726776]"
..\Data\Rest Ungelabelt\e20fba8a716547af81fc8ee8d3e45d26.png,Data Store Object,0.1679128259420395,"['Data Store Object', 'Composite Provider', 'DTP', 'Data Mart', 'Query']","[0.1679128259420395, 0.07606688886880875, 0.06880933046340942, 0.06878779083490372, 0.06878747045993805]"
..\Data\Rest Ungelabelt\e2148220a1ae464c882d0ed5062ec4bd.jpeg,Data Store Object,0.17957429587841034,"['Data Store Object', 'Composite Provider', 'Data Mart', 'Datenvorschau', 'Data Source']","[0.17957429587841034, 0.06955283880233765, 0.06853334605693817, 0.06836899369955063, 0.06833475083112717]"
..\Data\Rest Ungelabelt\e21999946d574955b8bab8aa12116cf2.png,Bewegungsdaten,0.14417661726474762,"['Bewegungsdaten', 'Excel', 'DTP', 'Composite Provider', 'Datenvorschau']","[0.14417661726474762, 0.07726190239191055, 0.07429845631122589, 0.07389166951179504, 0.0720256119966507]"
..\Data\Rest Ungelabelt\e2355858f99c4008bbfaa0b8d5dff6f1.png,Data Store Object,0.11946753412485123,"['Data Store Object', 'Transformationen', 'Composite Provider', 'Datenvorschau', 'Data Source']","[0.11946753412485123, 0.07956643402576447, 0.07724394649267197, 0.07554268091917038, 0.07415053993463516]"
..\Data\Rest Ungelabelt\e24cde3b7b664d16847558d9c73b2405.png,Excel,0.18463578820228577,"['Excel', 'Bewegungsdaten', 'Data Flow Object', 'Composite Provider', 'Transformationen']","[0.18463578820228577, 0.06795249879360199, 0.0679481029510498, 0.06794793903827667, 0.06794781982898712]"
..\Data\Rest Ungelabelt\e2762a67cc9a4ef8b2a8b2f7e469f39f.jpeg,DTP,0.18464483320713043,"['DTP', 'ABAP Dictionary', 'BW4Cockpit (Stammdaten)', 'Bewegungsdaten', 'Data Source']","[0.18464483320713043, 0.06795525550842285, 0.06794794648885727, 0.06794611364603043, 0.06794606894254684]"
..\Data\Rest Ungelabelt\e294b26b8d534923beabdf311cd0f8ee.png,ABAP Dictionary,0.10151589661836624,"['ABAP Dictionary', 'BW4Cockpit (Stammdaten)', 'DTP', 'Data Store Object', 'Data Source']","[0.10151589661836624, 0.08718448877334595, 0.0824962630867958, 0.08042881637811661, 0.07565765082836151]"
..\Data\Rest Ungelabelt\e294f907f6b34f38a7dfc09925b67f3a.png,Data Store Object,0.18266379833221436,"['Data Store Object', 'Composite Provider', 'DTP', 'Data Mart', 'Datenvorschau']","[0.18266379833221436, 0.06871815025806427, 0.06818445771932602, 0.06805742532014847, 0.06804408133029938]"
..\Data\Rest Ungelabelt\e2bcd112e06e417c94544865278c646a.png,Data Source,0.18415839970111847,"['Data Source', 'Datenvorschau', 'Query', 'Data Store Object', 'Transformationen']","[0.18415839970111847, 0.06811360269784927, 0.06800109893083572, 0.06799954175949097, 0.06797205656766891]"
..\Data\Rest Ungelabelt\e2ddb4a544ed4c4ca4d9be0f6b577764.jpeg,ABAP Dictionary,0.18459875881671906,"['ABAP Dictionary', 'DTP', 'Bewegungsdaten', 'Datenvorschau', 'Data Source']","[0.18459875881671906, 0.06796161085367203, 0.06796037405729294, 0.06795112043619156, 0.06794916093349457]"
..\Data\Rest Ungelabelt\e2e03b7db6ff4ea9914409c5b5b7a4a5.jpeg,Data Store Object,0.1342799961566925,"['Data Store Object', 'Data Source', 'Query', 'Data Mart', 'Datenvorschau']","[0.1342799961566925, 0.08689982444047928, 0.07837753742933273, 0.0706930086016655, 0.07016777247190475]"
..\Data\Rest Ungelabelt\e2ee319b1cec423292d20dbc80608bf2.jpeg,Bewegungsdaten,0.1501784771680832,"['Bewegungsdaten', 'Data Source', 'ABAP Dictionary', 'Datenvorschau', 'BW4Cockpit (Stammdaten)']","[0.1501784771680832, 0.07549617439508438, 0.07471130043268204, 0.07212024927139282, 0.07135691493749619]"
..\Data\Rest Ungelabelt\e2ffe6fac330483aaedc4216b3144aeb.jpeg,BW4Cockpit (Stammdaten),0.18467827141284943,"['BW4Cockpit (Stammdaten)', 'Query', 'Excel', 'Data Store Object', 'Datenvorschau']","[0.18467827141284943, 0.06794474273920059, 0.06794419884681702, 0.0679437592625618, 0.0679435133934021]"
..\Data\Rest Ungelabelt\e306b00df3134acfad916d8265e79385.png,Data Source,0.18117158114910126,"['Data Source', 'Datenvorschau', 'Data Store Object', 'Query', 'Data Mart']","[0.18117158114910126, 0.06955315917730331, 0.06814714521169662, 0.0681210309267044, 0.06811270117759705]"
..\Data\Rest Ungelabelt\e313183db3ea497c85fe8555cde3609a.png,Datenvorschau,0.1794859766960144,"['Datenvorschau', 'Data Source', 'Query', 'Data Store Object', 'Excel']","[0.1794859766960144, 0.07026150077581406, 0.0682477280497551, 0.0682389885187149, 0.06820455938577652]"
..\Data\Rest Ungelabelt\e31a2ac80aa44d6084ac7acafde6606b.png,Data Source,0.119598388671875,"['Data Source', 'Data Store Object', 'Query', 'Datenvorschau', 'Data Mart']","[0.119598388671875, 0.0872669517993927, 0.07832415401935577, 0.0766114816069603, 0.07245223224163055]"
..\Data\Rest Ungelabelt\e31f1ec9f93346b89d6a6aa113f1043d.png,Transformationen,0.1124819740653038,"['Transformationen', 'Excel', 'Data Flow Object', 'Composite Provider', 'DTP']","[0.1124819740653038, 0.10372519493103027, 0.07417269796133041, 0.07369358837604523, 0.07122127711772919]"
..\Data\Rest Ungelabelt\e33f4cbe39b34eec885952ddc489fa20.jpeg,Data Source,0.15507245063781738,"['Data Source', 'Query', 'Data Mart', 'Data Store Object', 'DTP']","[0.15507245063781738, 0.0762530043721199, 0.0726822167634964, 0.07142246514558792, 0.07009001076221466]"
..\Data\Rest Ungelabelt\e34266ed64504cfb9c1df0df4c9b5e6d.jpeg,Query,0.18310590088367462,"['Query', 'Data Store Object', 'Composite Provider', 'Data Flow Object', 'Data Mart']","[0.18310590088367462, 0.06830334663391113, 0.0681924968957901, 0.06807448714971542, 0.06807009130716324]"
..\Data\Rest Ungelabelt\e365bfe2411e4e4bbd300038de2a9845.png,ABAP Dictionary,0.094414621591568,"['ABAP Dictionary', 'Composite Provider', 'Datenvorschau', 'Data Source', 'DTP']","[0.094414621591568, 0.0876273512840271, 0.07980271428823471, 0.07895787060260773, 0.07814837247133255]"
..\Data\Rest Ungelabelt\e38bc189c2ad43c8ac3c5be36412264e.png,Transformationen,0.18430715799331665,"['Transformationen', 'Composite Provider', 'ABAP Dictionary', 'Excel', 'Data Flow Object']","[0.18430715799331665, 0.06809663027524948, 0.06796985119581223, 0.0679672509431839, 0.06796664744615555]"
..\Data\Rest Ungelabelt\e3befdcb1a904c3689951bb05c2d9396.png,Excel,0.18206702172756195,"['Excel', 'Bewegungsdaten', 'Datenvorschau', 'Composite Provider', 'Data Store Object']","[0.18206702172756195, 0.06916853040456772, 0.06807086616754532, 0.06807038187980652, 0.06806990504264832]"
..\Data\Rest Ungelabelt\e3cd40f25d5042ef8512abe21f91f403.jpeg,Composite Provider,0.10482390969991684,"['Composite Provider', 'Datenvorschau', 'Data Store Object', 'Query', 'BW4Cockpit (Stammdaten)']","[0.10482390969991684, 0.08228873461484909, 0.08218064904212952, 0.07957486063241959, 0.07462838292121887]"
..\Data\Rest Ungelabelt\e3d60b89c8db4182a65dfa7052460631.png,BW4Cockpit (Stammdaten),0.1840217560529709,"['BW4Cockpit (Stammdaten)', 'Query', 'Excel', 'Data Store Object', 'Datenvorschau']","[0.1840217560529709, 0.06819336116313934, 0.0679931566119194, 0.06798722594976425, 0.06798353791236877]"
..\Data\Rest Ungelabelt\e3d9db2edf9948bf929c888a94f9fbe2.jpeg,Data Store Object,0.17889033257961273,"['Data Store Object', 'Query', 'Data Source', 'Data Mart', 'DTP']","[0.17889033257961273, 0.06941650807857513, 0.06857691705226898, 0.06846844404935837, 0.068459153175354]"
..\Data\Rest Ungelabelt\e3f19fb9a9a2439382747b355246a989.png,BW4Cockpit (Stammdaten),0.1626163125038147,"['BW4Cockpit (Stammdaten)', 'Data Store Object', 'Data Source', 'ABAP Dictionary', 'DTP']","[0.1626163125038147, 0.07736595720052719, 0.06946761906147003, 0.0692826434969902, 0.06924910843372345]"
..\Data\Rest Ungelabelt\e3fbc2cbad654223b2e89d36c1334472.png,Query,0.18456734716892242,"['Query', 'Data Source', 'Data Store Object', 'Transformationen', 'Composite Provider']","[0.18456734716892242, 0.06796261668205261, 0.06795475631952286, 0.06795421242713928, 0.06795308738946915]"
..\Data\Rest Ungelabelt\e41188d3512343ab82ec449cb5aebc3f.png,Query,0.18294329941272736,"['Query', 'Composite Provider', 'Transformationen', 'Data Flow Object', 'Data Mart']","[0.18294329941272736, 0.06840815395116806, 0.06822962313890457, 0.06807582825422287, 0.06805020570755005]"
..\Data\Rest Ungelabelt\e448f473d6e34d67b707a86d1e411a10.jpeg,Data Store Object,0.11141914874315262,"['Data Store Object', 'Datenvorschau', 'Data Source', 'Data Mart', 'Query']","[0.11141914874315262, 0.09047067910432816, 0.08659213036298752, 0.07573246210813522, 0.07101227343082428]"
..\Data\Rest Ungelabelt\e46c47aff64d4c28a97d697a61510a66.png,Transformationen,0.0943666398525238,"['Transformationen', 'Datenvorschau', 'Data Store Object', 'Data Source', 'Composite Provider']","[0.0943666398525238, 0.09274221956729889, 0.08631054311990738, 0.07805322110652924, 0.0752822607755661]"
..\Data\Rest Ungelabelt\e47758c75b814e259e279456e4a753d7.png,Data Source,0.17891813814640045,"['Data Source', 'Datenvorschau', 'DTP', 'Query', 'Data Store Object']","[0.17891813814640045, 0.06990484148263931, 0.06863666325807571, 0.06841371208429337, 0.06831347942352295]"
..\Data\Rest Ungelabelt\e47cfe1da7ca4e2aaee135d71487d487.png,Excel,0.18454916775226593,"['Excel', 'Bewegungsdaten', 'DTP', 'Transformationen', 'Datenvorschau']","[0.18454916775226593, 0.06797449290752411, 0.06796032935380936, 0.0679549127817154, 0.06795355677604675]"
..\Data\Rest Ungelabelt\e48927c13d454184851bc255f95b1767.jpeg,Query,0.1802702397108078,"['Query', 'Composite Provider', 'Data Store Object', 'Transformationen', 'Datenvorschau']","[0.1802702397108078, 0.06891752779483795, 0.06879434734582901, 0.06841244548559189, 0.06827887147665024]"
..\Data\Rest Ungelabelt\e5038c35f74f4ed88d4d4d2028e5d8d2.jpeg,Composite Provider,0.11205662041902542,"['Composite Provider', 'Datenvorschau', 'DTP', 'Query', 'Transformationen']","[0.11205662041902542, 0.08519208431243896, 0.07983411848545074, 0.07711714506149292, 0.07582428306341171]"
..\Data\Rest Ungelabelt\e52048a7d8c142b694cf65643c6376f2.png,Data Source,0.17444325983524323,"['Data Source', 'Data Store Object', 'Data Mart', 'Datenvorschau', 'Transformationen']","[0.17444325983524323, 0.0697551891207695, 0.06969758868217468, 0.06945427507162094, 0.06876815110445023]"
..\Data\Rest Ungelabelt\e5250aaee4ac45f28d425ab30405c873.png,Bewegungsdaten,0.1502358317375183,"['Bewegungsdaten', 'ABAP Dictionary', 'Datenvorschau', 'BW4Cockpit (Stammdaten)', 'Data Source']","[0.1502358317375183, 0.08646900206804276, 0.06967524439096451, 0.0694294199347496, 0.0693587139248848]"
..\Data\Rest Ungelabelt\e55775c524a14515a90d8d3ec817a50b.jpeg,Transformationen,0.13710914552211761,"['Transformationen', 'Data Source', 'Datenvorschau', 'Composite Provider', 'Query']","[0.13710914552211761, 0.08051110804080963, 0.07743962854146957, 0.07160520553588867, 0.07105734199285507]"
..\Data\Rest Ungelabelt\e58b5781ce4c4110b4c4c426df258df4.png,DTP,0.18464650213718414,"['DTP', 'Excel', 'Data Store Object', 'ABAP Dictionary', 'Transformationen']","[0.18464650213718414, 0.06795345991849899, 0.06794789433479309, 0.06794675439596176, 0.06794602423906326]"
..\Data\Rest Ungelabelt\e58d900b2c52476faf150cff7ed5d9c4.png,Bewegungsdaten,0.11557771265506744,"['Bewegungsdaten', 'Excel', 'BW4Cockpit (Stammdaten)', 'DTP', 'Composite Provider']","[0.11557771265506744, 0.10193753242492676, 0.07350879907608032, 0.07271470874547958, 0.07191938161849976]"
..\Data\Rest Ungelabelt\e590906f14d243a28d428795610f3c8e.png,Data Store Object,0.18468298017978668,"['Data Store Object', 'Data Mart', 'Data Source', 'Query', 'BW4Cockpit (Stammdaten)']","[0.18468298017978668, 0.06794346868991852, 0.06794345378875732, 0.06794328987598419, 0.06794325262308121]"
..\Data\Rest Ungelabelt\e5c4992643934db5878d71c1c4e94649.png,Query,0.1845507174730301,"['Query', 'Data Store Object', 'BW4Cockpit (Stammdaten)', 'Data Mart', 'Datenvorschau']","[0.1845507174730301, 0.0679786428809166, 0.06796136498451233, 0.0679544135928154, 0.06795309484004974]"
..\Data\Rest Ungelabelt\e5c59e0eca7d49ebaf50bd226a6eb595.jpeg,Data Source,0.1459229290485382,"['Data Source', 'Datenvorschau', 'Query', 'Data Store Object', 'Data Mart']","[0.1459229290485382, 0.07816954702138901, 0.0760873556137085, 0.07067415863275528, 0.07061037421226501]"
..\Data\Rest Ungelabelt\e5dcebb466c74672a278d3777c5d7dcb.png,Excel,0.18429023027420044,"['Excel', 'BW4Cockpit (Stammdaten)', 'Datenvorschau', 'Query', 'Composite Provider']","[0.18429023027420044, 0.06810533255338669, 0.0679757371544838, 0.06796590238809586, 0.06796316802501678]"
..\Data\Rest Ungelabelt\e6122bb09cab4f70ad8b9c631a90079d.jpeg,Bewegungsdaten,0.14852659404277802,"['Bewegungsdaten', 'ABAP Dictionary', 'Datenvorschau', 'Data Flow Object', 'BW4Cockpit (Stammdaten)']","[0.14852659404277802, 0.0844840407371521, 0.07150190323591232, 0.06985196471214294, 0.06959594041109085]"
..\Data\Rest Ungelabelt\e6141dcbbd60481aa14500ae9e82b4d8.png,Data Store Object,0.18468183279037476,"['Data Store Object', 'Composite Provider', 'Data Mart', 'BW4Cockpit (Stammdaten)', 'DTP']","[0.18468183279037476, 0.06794388592243195, 0.06794359534978867, 0.06794332712888718, 0.06794329732656479]"
..\Data\Rest Ungelabelt\e63b5ef1238a4ef0890b295adc75e8d3.jpeg,Data Store Object,0.15058374404907227,"['Data Store Object', 'Datenvorschau', 'DTP', 'Data Mart', 'Query']","[0.15058374404907227, 0.07608310133218765, 0.07582005858421326, 0.07080178707838058, 0.069846972823143]"
..\Data\Rest Ungelabelt\e6c4a8a2de4f4dfb84dc1d3ce1364599.png,Data Store Object,0.18228992819786072,"['Data Store Object', 'Data Source', 'Query', 'BW4Cockpit (Stammdaten)', 'DTP']","[0.18228992819786072, 0.06846220791339874, 0.0683123767375946, 0.06816978007555008, 0.0681556984782219]"
..\Data\Rest Ungelabelt\e6c88365849e4f0e8d63c8daf25e2749.png,Excel,0.1846851259469986,"['Excel', 'BW4Cockpit (Stammdaten)', 'Composite Provider', 'Datenvorschau', 'Query']","[0.1846851259469986, 0.06794320046901703, 0.06794296205043793, 0.06794294714927673, 0.06794290989637375]"
..\Data\Rest Ungelabelt\e6e859a2de43454fb93126b76e8175c9.png,Query,0.18464986979961395,"['Query', 'Data Store Object', 'BW4Cockpit (Stammdaten)', 'Data Mart', 'Datenvorschau']","[0.18464986979961395, 0.06795000284910202, 0.06794857233762741, 0.06794629991054535, 0.06794601678848267]"
..\Data\Rest Ungelabelt\e6ed35c8636249ba9a36cc6105bb85a6.jpeg,Data Store Object,0.11394024640321732,"['Data Store Object', 'Datenvorschau', 'Bewegungsdaten', 'Composite Provider', 'Data Mart']","[0.11394024640321732, 0.08133625984191895, 0.081003837287426, 0.08001139760017395, 0.07722906768321991]"
..\Data\Rest Ungelabelt\e6f6887232da4dec852e3efdedcc94cd.png,Data Store Object,0.10121950507164001,"['Data Store Object', 'Datenvorschau', 'Composite Provider', 'DTP', 'Query']","[0.10121950507164001, 0.09563913941383362, 0.08528048545122147, 0.07828578352928162, 0.07160817831754684]"
..\Data\Rest Ungelabelt\e7053ab0520c4a7ab6dca0f4d5f612d6.jpeg,ABAP Dictionary,0.18379029631614685,"['ABAP Dictionary', 'Composite Provider', 'Bewegungsdaten', 'Transformationen', 'DTP']","[0.18379029631614685, 0.0682099387049675, 0.0680500864982605, 0.06802012771368027, 0.06800685077905655]"
..\Data\Rest Ungelabelt\e708149362c941aa995aef6cc13594da.png,Data Source,0.17720001935958862,"['Data Source', 'Datenvorschau', 'Data Store Object', 'Data Mart', 'BW4Cockpit (Stammdaten)']","[0.17720001935958862, 0.07047048956155777, 0.06924433261156082, 0.0683271512389183, 0.06831452250480652]"
..\Data\Rest Ungelabelt\e72e6653eba94f2f8a38b367e48edd81.jpeg,Query,0.13194318115711212,"['Query', 'Datenvorschau', 'Data Store Object', 'BW4Cockpit (Stammdaten)', 'DTP']","[0.13194318115711212, 0.08282598853111267, 0.07561182975769043, 0.07497234642505646, 0.0717480406165123]"
..\Data\Rest Ungelabelt\e746629bf6d54e719702aeed911f54d6.jpeg,Data Store Object,0.18236501514911652,"['Data Store Object', 'Composite Provider', 'DTP', 'Data Mart', 'Query']","[0.18236501514911652, 0.06861808151006699, 0.06823045015335083, 0.06821563094854355, 0.06808899343013763]"
..\Data\Rest Ungelabelt\e74fa5dde1c0421e967a5cf48e73693b.png,Composite Provider,0.09609997272491455,"['Composite Provider', 'Datenvorschau', 'Data Flow Object', 'Data Store Object', 'DTP']","[0.09609997272491455, 0.09143128246068954, 0.08688043802976608, 0.07778066396713257, 0.07686915248632431]"
..\Data\Rest Ungelabelt\e751dd87ea6d4ac68fc1b18d0f1f982f.png,Query,0.10214267671108246,"['Query', 'Data Store Object', 'DTP', 'Data Source', 'Data Mart']","[0.10214267671108246, 0.10192263871431351, 0.0768079087138176, 0.07596016675233841, 0.07272835075855255]"
..\Data\Rest Ungelabelt\e75d994ae86341059d77ff733b64547b.png,Query,0.16711454093456268,"['Query', 'Composite Provider', 'DTP', 'Transformationen', 'Data Store Object']","[0.16711454093456268, 0.07102034240961075, 0.07025452703237534, 0.0698242112994194, 0.06949318945407867]"
..\Data\Rest Ungelabelt\e7743e73f55c4b59883f7ea51fd3dd2f.png,Excel,0.180145725607872,"['Excel', 'BW4Cockpit (Stammdaten)', 'Bewegungsdaten', 'Transformationen', 'Composite Provider']","[0.180145725607872, 0.06935500353574753, 0.06859004497528076, 0.06823626160621643, 0.06821094453334808]"
..\Data\Rest Ungelabelt\e784ef19c85249d3a699c171f7874825.jpeg,Query,0.182291641831398,"['Query', 'Data Store Object', 'Data Mart', 'Datenvorschau', 'Transformationen']","[0.182291641831398, 0.06891091167926788, 0.06811303645372391, 0.06809895485639572, 0.06808194518089294]"
..\Data\Rest Ungelabelt\e7887083b31e46ac9b9391847f2b41ec.jpeg,Transformationen,0.13400381803512573,"['Transformationen', 'DTP', 'Composite Provider', 'Datenvorschau', 'Data Store Object']","[0.13400381803512573, 0.0823902115225792, 0.08085840940475464, 0.07143041491508484, 0.07048042863607407]"
..\Data\Rest Ungelabelt\e78b710a9e1e4832864629cf0589ee86.png,Query,0.18429850041866302,"['Query', 'Data Store Object', 'BW4Cockpit (Stammdaten)', 'Data Source', 'Datenvorschau']","[0.18429850041866302, 0.06803172081708908, 0.06799974292516708, 0.06797540187835693, 0.06797301024198532]"
..\Data\Rest Ungelabelt\e7b27266aa3544b0b93e9422f133ccca.png,DTP,0.1802380234003067,"['DTP', 'Bewegungsdaten', 'BW4Cockpit (Stammdaten)', 'ABAP Dictionary', 'Data Source']","[0.1802380234003067, 0.06894724071025848, 0.06851305067539215, 0.06846592575311661, 0.06833984702825546]"
..\Data\Rest Ungelabelt\e7d6997f767b4db49cf7a8115b9215ad.png,Data Store Object,0.18462605774402618,"['Data Store Object', 'DTP', 'Data Mart', 'BW4Cockpit (Stammdaten)', 'Query']","[0.18462605774402618, 0.06796193867921829, 0.06795161962509155, 0.0679483711719513, 0.0679459273815155]"
..\Data\Rest Ungelabelt\e7e357b785854885a24b4ac59d9700da.png,ABAP Dictionary,0.18465380370616913,"['ABAP Dictionary', 'DTP', 'BW4Cockpit (Stammdaten)', 'Excel', 'Bewegungsdaten']","[0.18465380370616913, 0.06795621663331985, 0.06794514507055283, 0.06794498860836029, 0.06794469803571701]"
..\Data\Rest Ungelabelt\e84a2f7115134a9fa81609897434f268.png,Excel,0.1844833344221115,"['Excel', 'Bewegungsdaten', 'Datenvorschau', 'Transformationen', 'DTP']","[0.1844833344221115, 0.06797970086336136, 0.06796884536743164, 0.06796357780694962, 0.06796316802501678]"
..\Data\Rest Ungelabelt\e84c12cb77274194b1de820525cda399.png,Data Store Object,0.13589857518672943,"['Data Store Object', 'ABAP Dictionary', 'Query', 'DTP', 'Data Source']","[0.13589857518672943, 0.07855022698640823, 0.07582703977823257, 0.07530487328767776, 0.0724920928478241]"
..\Data\Rest Ungelabelt\e84da174cecc4c19a62193460d3e9b17.png,Transformationen,0.1839577555656433,"['Transformationen', 'Composite Provider', 'Excel', 'DTP', 'Data Source']","[0.1839577555656433, 0.06826630234718323, 0.06798858195543289, 0.06798055022954941, 0.06798011809587479]"
..\Data\Rest Ungelabelt\e853284a3dd24c01b1feaee2df9b4666.png,DTP,0.18163861334323883,"['DTP', 'BW4Cockpit (Stammdaten)', 'Excel', 'Data Store Object', 'Data Flow Object']","[0.18163861334323883, 0.06836862117052078, 0.06834251433610916, 0.06825701147317886, 0.06823880225419998]"
..\Data\Rest Ungelabelt\e861e4e92e69464fa8a921a62d2ec4a6.jpeg,Data Flow Object,0.1515461951494217,"['Data Flow Object', 'Composite Provider', 'Transformationen', 'DTP', 'ABAP Dictionary']","[0.1515461951494217, 0.08441735804080963, 0.07070622593164444, 0.06935539841651917, 0.0693461000919342]"
..\Data\Rest Ungelabelt\e863637f012045538484fc6aa86ec4be.jpeg,Data Flow Object,0.16707439720630646,"['Data Flow Object', 'Transformationen', 'Composite Provider', 'ABAP Dictionary', 'Data Source']","[0.16707439720630646, 0.07273951917886734, 0.07039958238601685, 0.0699242651462555, 0.0690900981426239]"
..\Data\Rest Ungelabelt\e8678481cd5641779b9c61271f5163da.png,Composite Provider,0.16665926575660706,"['Composite Provider', 'Transformationen', 'Data Store Object', 'Data Flow Object', 'Data Mart']","[0.16665926575660706, 0.07298272103071213, 0.07123922556638718, 0.06925030797719955, 0.06910202652215958]"
..\Data\Rest Ungelabelt\e8802128eab2407cb6af16087da8495f.png,BW4Cockpit (Stammdaten),0.18467526137828827,"['BW4Cockpit (Stammdaten)', 'Query', 'Data Store Object', 'DTP', 'Excel']","[0.18467526137828827, 0.06794476509094238, 0.06794473528862, 0.06794463843107224, 0.06794369220733643]"
..\Data\Rest Ungelabelt\e883a46fcb024af9b4960e9a73ee23df.png,Data Store Object,0.17472787201404572,"['Data Store Object', 'Composite Provider', 'DTP', 'BW4Cockpit (Stammdaten)', 'Query']","[0.17472787201404572, 0.07149089127779007, 0.06885407119989395, 0.06880797445774078, 0.06857195496559143]"
..\Data\Rest Ungelabelt\e883cc069e794c3c9933b5295ebecfb7.png,Datenvorschau,0.16374129056930542,"['Datenvorschau', 'BW4Cockpit (Stammdaten)', 'Excel', 'Query', 'Data Source']","[0.16374129056930542, 0.07551319897174835, 0.07059171050786972, 0.06943526118993759, 0.06937471032142639]"
..\Data\Rest Ungelabelt\e89747ee04ed4981ab1e8adb142bea5c.png,Data Store Object,0.18451759219169617,"['Data Store Object', 'DTP', 'BW4Cockpit (Stammdaten)', 'Query', 'Data Mart']","[0.18451759219169617, 0.06798914819955826, 0.06796038150787354, 0.06795734167098999, 0.0679561197757721]"
..\Data\Rest Ungelabelt\e89c04748e7a473795346cf18f9aeddb.jpeg,ABAP Dictionary,0.18468742072582245,"['ABAP Dictionary', 'BW4Cockpit (Stammdaten)', 'Bewegungsdaten', 'Composite Provider', 'DTP']","[0.18468742072582245, 0.06794272363185883, 0.06794272363185883, 0.06794272363185883, 0.06794272363185883]"
..\Data\Rest Ungelabelt\e8a8d2256d7c471e8612000120370abb.png,Data Source,0.17397335171699524,"['Data Source', 'DTP', 'Datenvorschau', 'Query', 'Data Store Object']","[0.17397335171699524, 0.07136772572994232, 0.06975962966680527, 0.06879894435405731, 0.06848987936973572]"
..\Data\Rest Ungelabelt\e8d23366a60148fe9667e9a4d770d5bf.jpeg,Data Flow Object,0.17181454598903656,"['Data Flow Object', 'Composite Provider', 'DTP', 'Datenvorschau', 'Transformationen']","[0.17181454598903656, 0.07388525456190109, 0.06869041919708252, 0.06861291080713272, 0.06859543919563293]"
..\Data\Rest Ungelabelt\e8db71b1c42546498b15797acd2794be.png,Query,0.0953674241900444,"['Query', 'Data Source', 'Datenvorschau', 'Data Mart', 'Transformationen']","[0.0953674241900444, 0.08682284504175186, 0.08448156714439392, 0.08095137029886246, 0.07836060225963593]"
..\Data\Rest Ungelabelt\e8dbada8a55e4f94a223570442c21c8a.png,Data Source,0.18399737775325775,"['Data Source', 'Data Store Object', 'Datenvorschau', 'Data Mart', 'BW4Cockpit (Stammdaten)']","[0.18399737775325775, 0.0681515634059906, 0.068068727850914, 0.06798551231622696, 0.06798406690359116]"
..\Data\Rest Ungelabelt\e9102ce32ad8413ca121c6df938c4fbc.jpeg,Data Flow Object,0.18451900780200958,"['Data Flow Object', 'Composite Provider', 'ABAP Dictionary', 'Data Store Object', 'Datenvorschau']","[0.18451900780200958, 0.06801851093769073, 0.06795191019773483, 0.06795134395360947, 0.0679512768983841]"
..\Data\Rest Ungelabelt\e92f802a93274cc5944b19851e1e0d52.png,Data Source,0.10394854098558426,"['Data Source', 'Query', 'Data Store Object', 'Datenvorschau', 'BW4Cockpit (Stammdaten)']","[0.10394854098558426, 0.10013660788536072, 0.0783720463514328, 0.07580123841762543, 0.07371234893798828]"
..\Data\Rest Ungelabelt\e985fcd77ec54c00accab36b1dacb699.png,Data Store Object,0.18434014916419983,"['Data Store Object', 'DTP', 'BW4Cockpit (Stammdaten)', 'Composite Provider', 'Query']","[0.18434014916419983, 0.06806547194719315, 0.06797967106103897, 0.06796539574861526, 0.06796491891145706]"
..\Data\Rest Ungelabelt\e9864d54039e4b59a37bf2ff9171c024.png,Excel,0.17931337654590607,"['Excel', 'BW4Cockpit (Stammdaten)', 'Transformationen', 'DTP', 'Data Flow Object']","[0.17931337654590607, 0.07021111994981766, 0.06826107949018478, 0.06824670732021332, 0.06824510544538498]"
..\Data\Rest Ungelabelt\e9a3aceb71b040f8a7c166f7d5c209e8.png,Data Store Object,0.177101731300354,"['Data Store Object', 'Data Mart', 'Datenvorschau', 'ABAP Dictionary', 'Data Source']","[0.177101731300354, 0.06927584856748581, 0.06904313713312149, 0.06892894953489304, 0.06880325824022293]"
..\Data\Rest Ungelabelt\e9e90558aa7948059e5d0ff43561e173.png,Query,0.1427871137857437,"['Query', 'Data Source', 'DTP', 'Datenvorschau', 'Composite Provider']","[0.1427871137857437, 0.07616455852985382, 0.0760122612118721, 0.07247769087553024, 0.07243701815605164]"
..\Data\Rest Ungelabelt\ea0b385bec1d4e7585f324693214ef62.png,Query,0.1842346340417862,"['Query', 'Data Store Object', 'BW4Cockpit (Stammdaten)', 'Data Mart', 'Data Source']","[0.1842346340417862, 0.06806577742099762, 0.06799478083848953, 0.06799066066741943, 0.06797486543655396]"
..\Data\Rest Ungelabelt\ea18570dbcc74da8a596e0fd8b1a5152.png,Data Flow Object,0.1846751868724823,"['Data Flow Object', 'Composite Provider', 'ABAP Dictionary', 'Bewegungsdaten', 'Excel']","[0.1846751868724823, 0.06794797629117966, 0.06794354319572449, 0.06794334948062897, 0.06794334948062897]"
..\Data\Rest Ungelabelt\ea37af2ab5474147986d8f3a936323ab.png,Data Source,0.1846833974123001,"['Data Source', 'Data Store Object', 'Datenvorschau', 'DTP', 'Query']","[0.1846833974123001, 0.06794364005327225, 0.06794342398643494, 0.06794307380914688, 0.0679430440068245]"
..\Data\Rest Ungelabelt\ea3df42cea4043a0bf5165f98acd4b17.png,Composite Provider,0.11834090203046799,"['Composite Provider', 'Data Store Object', 'DTP', 'Data Source', 'Data Mart']","[0.11834090203046799, 0.10025136172771454, 0.07231070101261139, 0.07222362607717514, 0.07114860415458679]"
..\Data\Rest Ungelabelt\ea77156a1c5e42a58f5a4457005933b1.png,Query,0.12779077887535095,"['Query', 'Data Store Object', 'Composite Provider', 'Data Mart', 'Datenvorschau']","[0.12779077887535095, 0.08707373589277267, 0.07615956664085388, 0.0723314955830574, 0.0720498263835907]"
..\Data\Rest Ungelabelt\ea8db92f400d4b0893cc4af1fa02389e.png,Data Store Object,0.15533144772052765,"['Data Store Object', 'Data Source', 'Data Mart', 'Datenvorschau', 'Query']","[0.15533144772052765, 0.07536936551332474, 0.07504164427518845, 0.07057169824838638, 0.0695197731256485]"
..\Data\Rest Ungelabelt\ea9927e70926493984a7c83b5f243b77.png,Data Store Object,0.13357634842395782,"['Data Store Object', 'Data Mart', 'Data Source', 'Datenvorschau', 'DTP']","[0.13357634842395782, 0.08837074786424637, 0.07719312608242035, 0.07077357918024063, 0.07016149908304214]"
..\Data\Rest Ungelabelt\eab3f3f3ed1f47a281d8892bd5c77097.png,Query,0.18389388918876648,"['Query', 'Data Store Object', 'Datenvorschau', 'Data Flow Object', 'Data Mart']","[0.18389388918876648, 0.06809447705745697, 0.06803563237190247, 0.06802403181791306, 0.06801901757717133]"
..\Data\Rest Ungelabelt\eac910b9d1b44d4d81fe4f0dd30fd5b9.png,Data Flow Object,0.18465739488601685,"['Data Flow Object', 'Composite Provider', 'Excel', 'Data Store Object', 'Transformationen']","[0.18465739488601685, 0.06795258074998856, 0.06794506311416626, 0.0679449811577797, 0.06794473528862]"
..\Data\Rest Ungelabelt\eace1502e7434c16b89a4c2164eca605.jpeg,Query,0.18405161798000336,"['Query', 'Data Source', 'Datenvorschau', 'Composite Provider', 'Data Flow Object']","[0.18405161798000336, 0.06803169846534729, 0.06802410632371902, 0.06801345944404602, 0.06799880415201187]"
..\Data\Rest Ungelabelt\ead1521b293b482f96d76cec69616ac5.jpeg,Bewegungsdaten,0.09854758530855179,"['Bewegungsdaten', 'Excel', 'BW4Cockpit (Stammdaten)', 'Datenvorschau', 'Composite Provider']","[0.09854758530855179, 0.08579688519239426, 0.08239693939685822, 0.07620470225811005, 0.07543113082647324]"
..\Data\Rest Ungelabelt\ead494e85f94421c8fb789dc9388e9f5.jpeg,Excel,0.18468347191810608,"['Excel', 'Composite Provider', 'Bewegungsdaten', 'Transformationen', 'Data Flow Object']","[0.18468347191810608, 0.06794381886720657, 0.06794330477714539, 0.0679430440068245, 0.0679430291056633]"
..\Data\Rest Ungelabelt\eadeeb32c7c14e34b7cfb0a9b57affa5.jpeg,Data Store Object,0.1127191036939621,"['Data Store Object', 'Query', 'Composite Provider', 'Data Mart', 'BW4Cockpit (Stammdaten)']","[0.1127191036939621, 0.10795415937900543, 0.07300642132759094, 0.07292043417692184, 0.07104133069515228]"
..\Data\Rest Ungelabelt\eaf4f44e670644c88a3fa175c868d24d.png,Excel,0.18468023836612701,"['Excel', 'Bewegungsdaten', 'DTP', 'Composite Provider', 'Transformationen']","[0.18468023836612701, 0.0679444894194603, 0.06794387847185135, 0.067943274974823, 0.0679432600736618]"
..\Data\Rest Ungelabelt\eaf9e71d43964e0bbba04d6b485da68c.png,Data Source,0.18467895686626434,"['Data Source', 'Datenvorschau', 'Data Store Object', 'Data Mart', 'ABAP Dictionary']","[0.18467895686626434, 0.06794647872447968, 0.06794331222772598, 0.06794316321611404, 0.06794314086437225]"
..\Data\Rest Ungelabelt\eb6bd645572f4335a2bc4e131304627b.jpeg,ABAP Dictionary,0.1367705762386322,"['ABAP Dictionary', 'Composite Provider', 'Data Flow Object', 'Data Source', 'DTP']","[0.1367705762386322, 0.08047479391098022, 0.07988432794809341, 0.071282297372818, 0.07061273604631424]"
..\Data\Rest Ungelabelt\eb6f1c65d12c4374806dd9ff707dd2e2.png,Query,0.1846863180398941,"['Query', 'Data Store Object', 'BW4Cockpit (Stammdaten)', 'Composite Provider', 'Data Flow Object']","[0.1846863180398941, 0.06794288009405136, 0.06794286519289017, 0.06794285774230957, 0.06794283539056778]"
..\Data\Rest Ungelabelt\eb943a6bbcc44601a07d8348ace96904.png,Data Store Object,0.10452664643526077,"['Data Store Object', 'Datenvorschau', 'Data Mart', 'Data Source', 'Composite Provider']","[0.10452664643526077, 0.09953373670578003, 0.0872720256447792, 0.07245422154664993, 0.07105772197246552]"
..\Data\Rest Ungelabelt\eb956799e21a4562a5bac6841b63d7d7.jpeg,Data Store Object,0.09966779500246048,"['Data Store Object', 'Composite Provider', 'DTP', 'Transformationen', 'ABAP Dictionary']","[0.09966779500246048, 0.09279516339302063, 0.0827474370598793, 0.07617715001106262, 0.07471610605716705]"
..\Data\Rest Ungelabelt\eb9a5b5446cd4dec9f16e72dadf52e0b.png,Data Store Object,0.13485728204250336,"['Data Store Object', 'Data Source', 'Data Mart', 'Datenvorschau', 'Query']","[0.13485728204250336, 0.0929909348487854, 0.07361054420471191, 0.06996661424636841, 0.06988529860973358]"
..\Data\Rest Ungelabelt\eb9bafdff68745bbb5f8fa0e5887604b.png,Data Store Object,0.18455567955970764,"['Data Store Object', 'BW4Cockpit (Stammdaten)', 'Query', 'DTP', 'Data Source']","[0.18455567955970764, 0.06798852980136871, 0.0679558739066124, 0.06795209646224976, 0.06795135140419006]"
..\Data\Rest Ungelabelt\eb9cadc03b7c4524ab56b475c06c7240.png,BW4Cockpit (Stammdaten),0.18466585874557495,"['BW4Cockpit (Stammdaten)', 'Data Store Object', 'Query', 'DTP', 'Excel']","[0.18466585874557495, 0.067947156727314, 0.06794638186693192, 0.06794553250074387, 0.06794427335262299]"
..\Data\Rest Ungelabelt\eba41b21e00e488499365a710963551c.png,Transformationen,0.10570927709341049,"['Transformationen', 'Composite Provider', 'Data Source', 'Datenvorschau', 'Query']","[0.10570927709341049, 0.1009342297911644, 0.08548550307750702, 0.07151596993207932, 0.07121392339468002]"
..\Data\Rest Ungelabelt\ebaf4ea220484156aec632f608a21370.png,Query,0.1806299090385437,"['Query', 'Data Source', 'Data Store Object', 'Composite Provider', 'Transformationen']","[0.1806299090385437, 0.06869735568761826, 0.0684724673628807, 0.06847058981657028, 0.06831902265548706]"
..\Data\Rest Ungelabelt\ebbc97320cc14182915af3770a588302.png,Data Flow Object,0.18462160229682922,"['Data Flow Object', 'Composite Provider', 'ABAP Dictionary', 'Excel', 'DTP']","[0.18462160229682922, 0.06797308474779129, 0.06794598698616028, 0.06794597208499908, 0.0679459497332573]"
..\Data\Rest Ungelabelt\ebc2d247b19b4c3896e8d29e13641511.png,DTP,0.1811462640762329,"['DTP', 'Data Store Object', 'ABAP Dictionary', 'BW4Cockpit (Stammdaten)', 'Bewegungsdaten']","[0.1811462640762329, 0.06893012672662735, 0.06849692761898041, 0.06826763600111008, 0.06818906962871552]"
..\Data\Rest Ungelabelt\ebd14d5e954046b08d2bb0a62cf9dda3.jpeg,Data Store Object,0.17658188939094543,"['Data Store Object', 'Query', 'Composite Provider', 'Data Mart', 'Data Source']","[0.17658188939094543, 0.06946748495101929, 0.06889952719211578, 0.0687834769487381, 0.06877948343753815]"
..\Data\Rest Ungelabelt\ebe9dc86860b42bb82caf4d273665bd8.png,Data Store Object,0.09727329015731812,"['Data Store Object', 'BW4Cockpit (Stammdaten)', 'ABAP Dictionary', 'Transformationen', 'DTP']","[0.09727329015731812, 0.09411962330341339, 0.0872209221124649, 0.07719134539365768, 0.07513954490423203]"
..\Data\Rest Ungelabelt\ebfbad612e07432c99f081c420d93a9a.jpeg,Data Store Object,0.12448273599147797,"['Data Store Object', 'Datenvorschau', 'Composite Provider', 'Data Mart', 'Data Source']","[0.12448273599147797, 0.08969799429178238, 0.07856658846139908, 0.0738963633775711, 0.07076045125722885]"
..\Data\Rest Ungelabelt\ebfddb34f1f04a6a96f3b7e4c6ad910a.png,DTP,0.18134087324142456,"['DTP', 'ABAP Dictionary', 'Bewegungsdaten', 'BW4Cockpit (Stammdaten)', 'Excel']","[0.18134087324142456, 0.06876294314861298, 0.06840086728334427, 0.06837031990289688, 0.06820502877235413]"
..\Data\Rest Ungelabelt\ec03a1409dab44799de43354b63ee0b2.jpeg,Bewegungsdaten,0.14642252027988434,"['Bewegungsdaten', 'Datenvorschau', 'ABAP Dictionary', 'Data Store Object', 'BW4Cockpit (Stammdaten)']","[0.14642252027988434, 0.07977946102619171, 0.07418753951787949, 0.07072410732507706, 0.07033845037221909]"
..\Data\Rest Ungelabelt\ec22333b324946228a820a8fbe4f73c7.png,ABAP Dictionary,0.18445830047130585,"['ABAP Dictionary', 'Bewegungsdaten', 'Excel', 'DTP', 'Data Flow Object']","[0.18445830047130585, 0.06798307597637177, 0.06798234581947327, 0.06797121465206146, 0.06796208769083023]"
..\Data\Rest Ungelabelt\ec2ee86969d94f158819beb6772cb84e.png,BW4Cockpit (Stammdaten),0.18404902517795563,"['BW4Cockpit (Stammdaten)', 'Query', 'Excel', 'Data Store Object', 'Datenvorschau']","[0.18404902517795563, 0.06814895570278168, 0.06802234798669815, 0.067987821996212, 0.06798414885997772]"
..\Data\Rest Ungelabelt\ec3c5c2229fe44b8a96c26c55a860ad2.jpeg,Query,0.18370644748210907,"['Query', 'Datenvorschau', 'Data Source', 'Composite Provider', 'Data Flow Object']","[0.18370644748210907, 0.06812011450529099, 0.06811544299125671, 0.06803470104932785, 0.06803394109010696]"
..\Data\Rest Ungelabelt\ec3f65c5c9c346f78c29440edc31e80b.png,Data Source,0.10313407331705093,"['Data Source', 'Datenvorschau', 'Transformationen', 'Composite Provider', 'Bewegungsdaten']","[0.10313407331705093, 0.08389207720756531, 0.0802026242017746, 0.07987568527460098, 0.07645851373672485]"
..\Data\Rest Ungelabelt\ec56e46633ce4c08acacdd1000d94e0b.png,Query,0.18442189693450928,"['Query', 'Composite Provider', 'Data Store Object', 'Data Mart', 'Transformationen']","[0.18442189693450928, 0.06800661981105804, 0.06798186898231506, 0.06796630471944809, 0.06796076893806458]"
..\Data\Rest Ungelabelt\ec7c47c4a20946f6b180a4ec31590cb7.png,Query,0.16903474926948547,"['Query', 'Data Store Object', 'Transformationen', 'Data Source', 'DTP']","[0.16903474926948547, 0.07234847545623779, 0.0696365088224411, 0.06930321455001831, 0.06908964365720749]"
..\Data\Rest Ungelabelt\ec8f47b42ef044fb8b67edd0ee299809.png,Data Source,0.14322932064533234,"['Data Source', 'Datenvorschau', 'Data Store Object', 'Data Mart', 'Bewegungsdaten']","[0.14322932064533234, 0.08531787991523743, 0.07275096327066422, 0.07051709294319153, 0.07004135847091675]"
..\Data\Rest Ungelabelt\eca655590f214be49065c01789b5f77a.png,Datenvorschau,0.14662213623523712,"['Datenvorschau', 'Data Store Object', 'Data Source', 'Data Mart', 'Composite Provider']","[0.14662213623523712, 0.08222124725580215, 0.07291384041309357, 0.07078814506530762, 0.07039523869752884]"
..\Data\Rest Ungelabelt\ecc5d7b0e5004c40858e0eee6b1b71e5.png,Bewegungsdaten,0.11266977339982986,"['Bewegungsdaten', 'Composite Provider', 'DTP', 'Excel', 'Datenvorschau']","[0.11266977339982986, 0.09407716244459152, 0.08570526540279388, 0.07272667437791824, 0.07108548283576965]"
..\Data\Rest Ungelabelt\ed108973c83b4ac4a03e4c86ccb2e713.jpeg,Bewegungsdaten,0.1841835379600525,"['Bewegungsdaten', 'ABAP Dictionary', 'Datenvorschau', 'Excel', 'Data Flow Object']","[0.1841835379600525, 0.06808827072381973, 0.0680089071393013, 0.06799957901239395, 0.0679735392332077]"
..\Data\Rest Ungelabelt\ed160e9eb3d34b829b9c9a6c3c6ab71e.png,Data Store Object,0.13909271359443665,"['Data Store Object', 'Data Mart', 'Data Source', 'Datenvorschau', 'Composite Provider']","[0.13909271359443665, 0.09455844014883041, 0.06977060437202454, 0.06968983262777328, 0.06966456770896912]"
..\Data\Rest Ungelabelt\ed2795a6752345d7a8d6bd13e3568622.jpeg,Datenvorschau,0.11018399149179459,"['Datenvorschau', 'ABAP Dictionary', 'Composite Provider', 'Data Flow Object', 'Data Store Object']","[0.11018399149179459, 0.09908226877450943, 0.0755273699760437, 0.07426182180643082, 0.07282275706529617]"
..\Data\Rest Ungelabelt\ed27dd1b23be44ebbd0c7b793c332e23.png,Data Store Object,0.09661036729812622,"['Data Store Object', 'Query', 'Data Source', 'Composite Provider', 'Data Mart']","[0.09661036729812622, 0.09558035433292389, 0.08004338294267654, 0.07569652050733566, 0.07413098216056824]"
..\Data\Rest Ungelabelt\ed6148805b034223aa165e634ab5b378.png,Data Store Object,0.16471101343631744,"['Data Store Object', 'Data Mart', 'Composite Provider', 'Query', 'Datenvorschau']","[0.16471101343631744, 0.0715101882815361, 0.07080540060997009, 0.07036367803812027, 0.07015427201986313]"
..\Data\Rest Ungelabelt\ed83a8bd3a7040c5b024729c3f28c6f6.png,Bewegungsdaten,0.16192686557769775,"['Bewegungsdaten', 'ABAP Dictionary', 'Datenvorschau', 'BW4Cockpit (Stammdaten)', 'Composite Provider']","[0.16192686557769775, 0.0757046565413475, 0.07020088285207748, 0.06994312256574631, 0.06990580260753632]"
..\Data\Rest Ungelabelt\ed8fa01ecaf74f5fa3137d21b71e1ec4.png,DTP,0.17174546420574188,"['DTP', 'Data Store Object', 'Bewegungsdaten', 'BW4Cockpit (Stammdaten)', 'ABAP Dictionary']","[0.17174546420574188, 0.07157301902770996, 0.06938815861940384, 0.0693121924996376, 0.06885357946157455]"
..\Data\Rest Ungelabelt\edac21c8920e486b92e7e4b5cecdaf64.png,DTP,0.1784498542547226,"['DTP', 'Transformationen', 'Query', 'Composite Provider', 'Excel']","[0.1784498542547226, 0.0694991871714592, 0.06893325597047806, 0.06870796531438828, 0.06835170835256577]"
..\Data\Rest Ungelabelt\edb40f58b90247018939fdbc7415ac22.png,Data Store Object,0.14849913120269775,"['Data Store Object', 'Query', 'Data Mart', 'Data Source', 'BW4Cockpit (Stammdaten)']","[0.14849913120269775, 0.0815982073545456, 0.07247359305620193, 0.07133112102746964, 0.06978882104158401]"
..\Data\Rest Ungelabelt\edc6f34dd4ce410b937aa9fc013dd988.jpeg,ABAP Dictionary,0.18430112302303314,"['ABAP Dictionary', 'Bewegungsdaten', 'DTP', 'Datenvorschau', 'Transformationen']","[0.18430112302303314, 0.06804216653108597, 0.06798702478408813, 0.06798330694437027, 0.06797078251838684]"
..\Data\Rest Ungelabelt\ede378f299874cf89bf739fdcda47459.png,Datenvorschau,0.1305578500032425,"['Datenvorschau', 'Data Source', 'Composite Provider', 'Data Store Object', 'Excel']","[0.1305578500032425, 0.08358697593212128, 0.07583136856555939, 0.07268602401018143, 0.07203895598649979]"
..\Data\Rest Ungelabelt\edeffbf665ed4450b6cd4082d64bfb76.png,Data Source,0.09310855716466904,"['Data Source', 'Data Flow Object', 'Composite Provider', 'Datenvorschau', 'DTP']","[0.09310855716466904, 0.09188082814216614, 0.08878099918365479, 0.07993417978286743, 0.0736280083656311]"
..\Data\Rest Ungelabelt\ee28a14a9243478e9f081c1175cef5e0.png,Data Store Object,0.17255176603794098,"['Data Store Object', 'Data Source', 'Composite Provider', 'BW4Cockpit (Stammdaten)', 'DTP']","[0.17255176603794098, 0.07061347365379333, 0.07007574290037155, 0.06920849531888962, 0.06898876279592514]"
..\Data\Rest Ungelabelt\ee72ea4d9d8b43df9ef418c1ec7df62c.jpeg,Query,0.1844927966594696,"['Query', 'Data Source', 'Data Mart', 'BW4Cockpit (Stammdaten)', 'Data Store Object']","[0.1844927966594696, 0.06797803938388824, 0.06796976923942566, 0.06796190142631531, 0.06796030700206757]"
..\Data\Rest Ungelabelt\ee8056b7dea84422b2fe3dedccae20eb.png,Data Store Object,0.12175275385379791,"['Data Store Object', 'Query', 'DTP', 'Datenvorschau', 'Transformationen']","[0.12175275385379791, 0.08088856935501099, 0.07578170299530029, 0.0755574181675911, 0.07538560032844543]"
..\Data\Rest Ungelabelt\ee873af32e6745efafa786250edf53e4.png,Composite Provider,0.10353291034698486,"['Composite Provider', 'Query', 'Datenvorschau', 'DTP', 'Transformationen']","[0.10353291034698486, 0.10148033499717712, 0.07641857862472534, 0.07551909238100052, 0.07321853935718536]"
..\Data\Rest Ungelabelt\ee8a85a1a4b44aaebbe154927ec390eb.png,Data Flow Object,0.18461643159389496,"['Data Flow Object', 'Composite Provider', 'DTP', 'BW4Cockpit (Stammdaten)', 'Excel']","[0.18461643159389496, 0.06797153502702713, 0.06794777512550354, 0.0679469108581543, 0.06794662028551102]"
..\Data\Rest Ungelabelt\ee8f8c1ad6674a7392861bd925a4a6aa.jpeg,BW4Cockpit (Stammdaten),0.1781797707080841,"['BW4Cockpit (Stammdaten)', 'Excel', 'DTP', 'Bewegungsdaten', 'Datenvorschau']","[0.1781797707080841, 0.07014370709657669, 0.06866618990898132, 0.06843072921037674, 0.06838016211986542]"
..\Data\Rest Ungelabelt\eea627353da84d0d860f9a3df8760241.png,ABAP Dictionary,0.18459400534629822,"['ABAP Dictionary', 'Datenvorschau', 'Data Source', 'BW4Cockpit (Stammdaten)', 'DTP']","[0.18459400534629822, 0.06796130537986755, 0.06795455515384674, 0.06795234233140945, 0.0679507851600647]"
..\Data\Rest Ungelabelt\eee579053b564b1d938c1870a8b18a2a.jpeg,Data Store Object,0.17957429587841034,"['Data Store Object', 'Composite Provider', 'Data Mart', 'Datenvorschau', 'Data Source']","[0.17957429587841034, 0.06955283880233765, 0.06853334605693817, 0.06836899369955063, 0.06833475083112717]"
..\Data\Rest Ungelabelt\eeecfe65e45040bda95692c39119f9b5.png,BW4Cockpit (Stammdaten),0.15262530744075775,"['BW4Cockpit (Stammdaten)', 'DTP', 'Data Store Object', 'Data Source', 'ABAP Dictionary']","[0.15262530744075775, 0.08079642802476883, 0.07031852006912231, 0.06997716426849365, 0.06995511054992676]"
..\Data\Rest Ungelabelt\ef012963df5e486ea6f27e18f5e0a98d.jpeg,ABAP Dictionary,0.18355406820774078,"['ABAP Dictionary', 'Data Store Object', 'Datenvorschau', 'Bewegungsdaten', 'DTP']","[0.18355406820774078, 0.06814607977867126, 0.06812185794115067, 0.06810078024864197, 0.06803738325834274]"
..\Data\Rest Ungelabelt\ef0a8d49adcb4702b144605cae0f4748.jpeg,Data Store Object,0.12067719548940659,"['Data Store Object', 'Datenvorschau', 'DTP', 'Composite Provider', 'Data Source']","[0.12067719548940659, 0.09511426836252213, 0.07643639296293259, 0.07166805118322372, 0.07115727663040161]"
..\Data\Rest Ungelabelt\ef0aaee5b91a4ff8a4a54c7c4ab2446f.png,Datenvorschau,0.18014295399188995,"['Datenvorschau', 'Data Store Object', 'Data Source', 'Transformationen', 'Data Mart']","[0.18014295399188995, 0.06920862197875977, 0.06872380524873734, 0.06825519353151321, 0.06821601092815399]"
..\Data\Rest Ungelabelt\ef31cd9ada4b4ed1a7d46e9c55b33c3f.png,Datenvorschau,0.14821597933769226,"['Datenvorschau', 'Data Store Object', 'Data Source', 'Excel', 'Query']","[0.14821597933769226, 0.07685498893260956, 0.07333075255155563, 0.07151352614164352, 0.07096432894468307]"
..\Data\Rest Ungelabelt\ef36e9d75caf4b8db8eec99d5193fce5.jpeg,Excel,0.11164329200983047,"['Excel', 'Bewegungsdaten', 'ABAP Dictionary', 'Transformationen', 'Data Flow Object']","[0.11164329200983047, 0.09302490949630737, 0.07770843803882599, 0.07361150532960892, 0.07298584282398224]"
..\Data\Rest Ungelabelt\ef72df2b8deb4b088382875ada798540.jpeg,Bewegungsdaten,0.1371249258518219,"['Bewegungsdaten', 'Excel', 'Datenvorschau', 'ABAP Dictionary', 'BW4Cockpit (Stammdaten)']","[0.1371249258518219, 0.09386717528104782, 0.07042314857244492, 0.0702018141746521, 0.07000219821929932]"
..\Data\Rest Ungelabelt\ef797a1f1c3e417bae7023c82fbbebd4.jpeg,DTP,0.09782419353723526,"['DTP', 'Data Source', 'Query', 'Datenvorschau', 'Composite Provider']","[0.09782419353723526, 0.09420766681432724, 0.07896452397108078, 0.07878010720014572, 0.07618556916713715]"
..\Data\Rest Ungelabelt\ef7c9fcf7ae7463a8f98fbf04a8379aa.png,Composite Provider,0.14687229692935944,"['Composite Provider', 'DTP', 'Transformationen', 'Data Store Object', 'Query']","[0.14687229692935944, 0.0739821046590805, 0.07381206005811691, 0.0736294537782669, 0.07219263911247253]"
..\Data\Rest Ungelabelt\ef9259e44660454ba805b1a7912a9ad6.png,Query,0.15638422966003418,"['Query', 'Data Source', 'Data Store Object', 'BW4Cockpit (Stammdaten)', 'Data Mart']","[0.15638422966003418, 0.07576584070920944, 0.07145382463932037, 0.07110228389501572, 0.07076839357614517]"
..\Data\Rest Ungelabelt\ef9ccbcdbf224e2a80198223bd595bda.png,Query,0.1339004635810852,"['Query', 'Data Store Object', 'Data Source', 'Data Mart', 'Excel']","[0.1339004635810852, 0.09263455867767334, 0.07259635627269745, 0.07098270952701569, 0.07009405642747879]"
..\Data\Rest Ungelabelt\efa6c6f4814149579898d0cd7bac8ed7.jpeg,ABAP Dictionary,0.158686101436615,"['ABAP Dictionary', 'DTP', 'BW4Cockpit (Stammdaten)', 'Bewegungsdaten', 'Excel']","[0.158686101436615, 0.08130218088626862, 0.06924127042293549, 0.0691271424293518, 0.06911040842533112]"
..\Data\Rest Ungelabelt\efbcb247b9ca4958924fd0ce27e74e92.png,Query,0.18468737602233887,"['Query', 'ABAP Dictionary', 'BW4Cockpit (Stammdaten)', 'Bewegungsdaten', 'Composite Provider']","[0.18468737602233887, 0.06794272363185883, 0.06794272363185883, 0.06794272363185883, 0.06794272363185883]"
..\Data\Rest Ungelabelt\efd5eb5d3b154454baffc4e5e5e23bec.png,Data Store Object,0.17922906577587128,"['Data Store Object', 'Query', 'Data Source', 'BW4Cockpit (Stammdaten)', 'DTP']","[0.17922906577587128, 0.06978203356266022, 0.06848924607038498, 0.06841682642698288, 0.06836041063070297]"
..\Data\Rest Ungelabelt\efe1453375094ef38a71942d35e9d41e.png,DTP,0.1846756488084793,"['DTP', 'Data Source', 'Bewegungsdaten', 'Excel', 'ABAP Dictionary']","[0.1846756488084793, 0.06794481724500656, 0.0679442435503006, 0.06794409453868866, 0.06794386357069016]"
..\Data\Rest Ungelabelt\f00107fe57384112a53c2ba9b9c92af9.jpeg,Query,0.1436004936695099,"['Query', 'Data Store Object', 'Data Source', 'ABAP Dictionary', 'DTP']","[0.1436004936695099, 0.08389951288700104, 0.07368636876344681, 0.0703333243727684, 0.07013921439647675]"
..\Data\Rest Ungelabelt\f00260600beb4dc99af5e91a4cc65f20.png,ABAP Dictionary,0.1582183837890625,"['ABAP Dictionary', 'Transformationen', 'Data Source', 'Datenvorschau', 'Excel']","[0.1582183837890625, 0.07392287999391556, 0.072239950299263, 0.07156822085380554, 0.06987109780311584]"
..\Data\Rest Ungelabelt\f00cfd4e23cf466a98378746cbfadc65.png,Datenvorschau,0.14919807016849518,"['Datenvorschau', 'Data Store Object', 'Data Source', 'Query', 'Transformationen']","[0.14919807016849518, 0.07750387489795685, 0.07249809801578522, 0.07144404947757721, 0.07136672735214233]"
..\Data\Rest Ungelabelt\f02ac32a39914a06a60cab74886b9a97.png,Data Source,0.12692572176456451,"['Data Source', 'Datenvorschau', 'Data Mart', 'Data Store Object', 'Transformationen']","[0.12692572176456451, 0.07939130812883377, 0.07897041738033295, 0.07561616599559784, 0.0741073489189148]"
..\Data\Rest Ungelabelt\f0347d7d945247fe98e684d0ad756487.png,DTP,0.18346375226974487,"['DTP', 'Bewegungsdaten', 'Excel', 'Data Store Object', 'BW4Cockpit (Stammdaten)']","[0.18346375226974487, 0.06819038838148117, 0.06809869408607483, 0.06808418035507202, 0.0680837407708168]"
..\Data\Rest Ungelabelt\f039a329d8b240f1b8147f50e186eba3.png,Data Store Object,0.09422577917575836,"['Data Store Object', 'Datenvorschau', 'Transformationen', 'Data Source', 'Composite Provider']","[0.09422577917575836, 0.08832838386297226, 0.0873013436794281, 0.07808315008878708, 0.07640716433525085]"
..\Data\Rest Ungelabelt\f074893454504bb99081fbd6df28cb18.png,Data Store Object,0.1815648227930069,"['Data Store Object', 'DTP', 'Data Source', 'BW4Cockpit (Stammdaten)', 'ABAP Dictionary']","[0.1815648227930069, 0.06858330965042114, 0.06845961511135101, 0.06826026737689972, 0.06816259771585464]"
..\Data\Rest Ungelabelt\f0ab97152fa74ac9b257ed99749aab56.png,Query,0.13025406002998352,"['Query', 'Data Store Object', 'ABAP Dictionary', 'BW4Cockpit (Stammdaten)', 'Data Source']","[0.13025406002998352, 0.09556571394205093, 0.07194320857524872, 0.07085371017456055, 0.07072629034519196]"
..\Data\Rest Ungelabelt\f0aff29464d546db953556068a9efdf9.png,Data Store Object,0.11536454409360886,"['Data Store Object', 'Query', 'Data Source', 'BW4Cockpit (Stammdaten)', 'Data Mart']","[0.11536454409360886, 0.09902406483888626, 0.07682135701179504, 0.07515861839056015, 0.07058212161064148]"
..\Data\Rest Ungelabelt\f0d3eacc64d040eba7a12149d9dc833d.jpeg,Datenvorschau,0.1794755756855011,"['Datenvorschau', 'Data Source', 'Data Store Object', 'Composite Provider', 'Excel']","[0.1794755756855011, 0.06968916952610016, 0.068539097905159, 0.06831388920545578, 0.06826242059469223]"
..\Data\Rest Ungelabelt\f0e7a50073144afa81ea504e2ffcac70.png,Transformationen,0.10644757747650146,"['Transformationen', 'Data Source', 'Query', 'Data Mart', 'Datenvorschau']","[0.10644757747650146, 0.09167956560850143, 0.08501843363046646, 0.07380247116088867, 0.07343083620071411]"
..\Data\Rest Ungelabelt\f0f7243d9ee145dea749dcbb669592ef.png,Datenvorschau,0.14208313822746277,"['Datenvorschau', 'Data Store Object', 'Data Source', 'Composite Provider', 'Data Mart']","[0.14208313822746277, 0.08608218282461166, 0.07369858771562576, 0.07026700675487518, 0.06999628990888596]"
..\Data\Rest Ungelabelt\f11b35dba25f4e2088ec1e6be4434e7c.png,Query,0.1574317216873169,"['Query', 'Data Store Object', 'DTP', 'Composite Provider', 'Data Flow Object']","[0.1574317216873169, 0.07989367097616196, 0.06966134905815125, 0.06965360045433044, 0.06959079951047897]"
..\Data\Rest Ungelabelt\f13f3a4b539d42e891f6873eed11d218.png,Composite Provider,0.11067860573530197,"['Composite Provider', 'Query', 'Datenvorschau', 'Data Mart', 'Data Store Object']","[0.11067860573530197, 0.09731902927160263, 0.07577258348464966, 0.07435587048530579, 0.07219662517309189]"
..\Data\Rest Ungelabelt\f147c8e022ff4898ba776216b91975df.png,DTP,0.1599889099597931,"['DTP', 'Data Flow Object', 'Data Store Object', 'BW4Cockpit (Stammdaten)', 'Bewegungsdaten']","[0.1599889099597931, 0.07487961649894714, 0.07138590514659882, 0.06993620097637177, 0.06978373229503632]"
..\Data\Rest Ungelabelt\f1490a26f3174b2ba7600513155b5e50.png,Excel,0.1846638023853302,"['Excel', 'Bewegungsdaten', 'Transformationen', 'Composite Provider', 'Datenvorschau']","[0.1846638023853302, 0.06795341521501541, 0.06794392317533493, 0.06794390082359314, 0.06794390082359314]"
..\Data\Rest Ungelabelt\f1500f30719946c9b389b019ee1f1ea3.png,BW4Cockpit (Stammdaten),0.18446046113967896,"['BW4Cockpit (Stammdaten)', 'Data Store Object', 'DTP', 'Query', 'Excel']","[0.18446046113967896, 0.06798949092626572, 0.06797057390213013, 0.0679694190621376, 0.06796829402446747]"
..\Data\Rest Ungelabelt\f1529073ee4b4ecea6f7434434cbb5f9.png,Datenvorschau,0.1832103282213211,"['Datenvorschau', 'Data Store Object', 'Data Source', 'Transformationen', 'Data Flow Object']","[0.1832103282213211, 0.06836125999689102, 0.0682290717959404, 0.06802626699209213, 0.06802565604448318]"
..\Data\Rest Ungelabelt\f15f4411fff3437ca39219600ba53f56.jpeg,BW4Cockpit (Stammdaten),0.18458545207977295,"['BW4Cockpit (Stammdaten)', 'Excel', 'Data Store Object', 'Query', 'DTP']","[0.18458545207977295, 0.06796436011791229, 0.06796294450759888, 0.0679512694478035, 0.0679512470960617]"
..\Data\Rest Ungelabelt\f1780094c7f84e66b353b88d2c88d5c4.jpeg,Data Source,0.154820516705513,"['Data Source', 'Transformationen', 'Datenvorschau', 'Composite Provider', 'Query']","[0.154820516705513, 0.07707321643829346, 0.0721062496304512, 0.07050897926092148, 0.06985748559236526]"
..\Data\Rest Ungelabelt\f1c555ae0a4b4480b7d4c349305768af.png,Data Source,0.11503098905086517,"['Data Source', 'Data Store Object', 'Datenvorschau', 'Data Mart', 'Query']","[0.11503098905086517, 0.0990917906165123, 0.07872150838375092, 0.07219328731298447, 0.07137347012758255]"
..\Data\Rest Ungelabelt\f1d7a69f90944dc6a127328b411d8c50.png,Excel,0.18466190993785858,"['Excel', 'Bewegungsdaten', 'Datenvorschau', 'Transformationen', 'Composite Provider']","[0.18466190993785858, 0.0679464116692543, 0.06794624775648117, 0.06794517487287521, 0.06794507056474686]"
..\Data\Rest Ungelabelt\f2035cae7daa438f9df1026d2de704fc.jpeg,Data Store Object,0.11067687720060349,"['Data Store Object', 'Composite Provider', 'Data Mart', 'Datenvorschau', 'Bewegungsdaten']","[0.11067687720060349, 0.08867251873016357, 0.08247695863246918, 0.08051414787769318, 0.07135976850986481]"
..\Data\Rest Ungelabelt\f2093e97b10848b9b8d79a9fe8f7bf64.png,Query,0.1846865862607956,"['Query', 'Data Store Object', 'BW4Cockpit (Stammdaten)', 'Data Mart', 'Data Source']","[0.1846865862607956, 0.06794292479753494, 0.06794283539056778, 0.0679427981376648, 0.0679427906870842]"
..\Data\Rest Ungelabelt\f23d2b4d3e21468c944d71d694d31a87.png,Query,0.173817977309227,"['Query', 'Transformationen', 'Data Source', 'Datenvorschau', 'Data Store Object']","[0.173817977309227, 0.07011386752128601, 0.06999624520540237, 0.0689893290400505, 0.06884955614805222]"
..\Data\Rest Ungelabelt\f23ef7e4e28e49ea92a289b3ce5fb8f8.jpeg,BW4Cockpit (Stammdaten),0.12639419734477997,"['BW4Cockpit (Stammdaten)', 'Composite Provider', 'Data Store Object', 'Transformationen', 'Data Source']","[0.12639419734477997, 0.07893360406160355, 0.07701654732227325, 0.07665546238422394, 0.07283498346805573]"
..\Data\Rest Ungelabelt\f258a77fed8546c69c3c688f51b7b33c.jpeg,Query,0.18413203954696655,"['Query', 'Data Store Object', 'Data Mart', 'Datenvorschau', 'Composite Provider']","[0.18413203954696655, 0.06813133507966995, 0.06803195923566818, 0.06797424703836441, 0.06797153502702713]"
..\Data\Rest Ungelabelt\f260179d06984f8cbba6f4b58394321b.jpeg,Data Flow Object,0.15417064726352692,"['Data Flow Object', 'ABAP Dictionary', 'Composite Provider', 'Bewegungsdaten', 'Datenvorschau']","[0.15417064726352692, 0.07728533446788788, 0.07352914661169052, 0.07093982398509979, 0.06947510689496994]"
..\Data\Rest Ungelabelt\f2723e3c555c4776b788753f834a182c.png,Query,0.18452556431293488,"['Query', 'Data Store Object', 'Data Mart', 'Data Source', 'Datenvorschau']","[0.18452556431293488, 0.06798361241817474, 0.0679587870836258, 0.06795686483383179, 0.06795606762170792]"
..\Data\Rest Ungelabelt\f28d768569954650b3ad900050c3afa0.jpeg,Data Store Object,0.17957429587841034,"['Data Store Object', 'Composite Provider', 'Data Mart', 'Datenvorschau', 'Data Source']","[0.17957429587841034, 0.06955283880233765, 0.06853334605693817, 0.06836899369955063, 0.06833475083112717]"
..\Data\Rest Ungelabelt\f2ae93c3198c4a7689c8efaf94c6b11e.jpeg,Query,0.17277154326438904,"['Query', 'Data Store Object', 'Datenvorschau', 'Data Mart', 'Composite Provider']","[0.17277154326438904, 0.07153400033712387, 0.0691889151930809, 0.06911735236644745, 0.06911581009626389]"
..\Data\Rest Ungelabelt\f2b07853b93441bb90d78bd6901b85b0.png,Data Store Object,0.17578282952308655,"['Data Store Object', 'DTP', 'Query', 'BW4Cockpit (Stammdaten)', 'Data Source']","[0.17578282952308655, 0.07033472508192062, 0.06942109018564224, 0.06874917447566986, 0.0685010701417923]"
..\Data\Rest Ungelabelt\f2cc80cfaea74d3ca9a22d6645ad4fb7.jpeg,Transformationen,0.15976421535015106,"['Transformationen', 'Composite Provider', 'Data Source', 'Data Store Object', 'Data Mart']","[0.15976421535015106, 0.07437360286712646, 0.07174522429704666, 0.06995632499456406, 0.06982950866222382]"
..\Data\Rest Ungelabelt\f2efdbfdc0ee4c3b9b909c670a5ad569.png,Transformationen,0.09819501638412476,"['Transformationen', 'Query', 'DTP', 'Datenvorschau', 'Data Source']","[0.09819501638412476, 0.087216317653656, 0.08606187999248505, 0.0756593644618988, 0.0746321752667427]"
..\Data\Rest Ungelabelt\f2f85e4e331544f58062f88ddd4a0cb0.png,Data Store Object,0.17140884697437286,"['Data Store Object', 'Query', 'Data Source', 'BW4Cockpit (Stammdaten)', 'Data Mart']","[0.17140884697437286, 0.07111158221960068, 0.07042800635099411, 0.06953112781047821, 0.06878433376550674]"
..\Data\Rest Ungelabelt\f3135c1c066c4a0dab1c09087c0a04ac.png,Query,0.1330273300409317,"['Query', 'Data Store Object', 'BW4Cockpit (Stammdaten)', 'Data Mart', 'Composite Provider']","[0.1330273300409317, 0.08971486240625381, 0.07350470870733261, 0.07139197736978531, 0.07095101475715637]"
..\Data\Rest Ungelabelt\f31e02832df241649867f7672f6eab9d.jpeg,Composite Provider,0.12812022864818573,"['Composite Provider', 'Data Store Object', 'Transformationen', 'Data Source', 'DTP']","[0.12812022864818573, 0.0949442982673645, 0.07396259903907776, 0.07113835960626602, 0.07043321430683136]"
..\Data\Rest Ungelabelt\f330d9ce29f24f9285a9d2fb577fe731.jpeg,BW4Cockpit (Stammdaten),0.18451307713985443,"['BW4Cockpit (Stammdaten)', 'Excel', 'Query', 'DTP', 'Data Store Object']","[0.18451307713985443, 0.06798629462718964, 0.06797008216381073, 0.06795770674943924, 0.0679558515548706]"
..\Data\Rest Ungelabelt\f33c5440390b47a1b4e7bbc5320cdf03.jpeg,Data Store Object,0.09763263911008835,"['Data Store Object', 'Data Source', 'BW4Cockpit (Stammdaten)', 'Transformationen', 'Data Flow Object']","[0.09763263911008835, 0.09690778702497482, 0.08290407806634903, 0.07421649247407913, 0.07342547178268433]"
..\Data\Rest Ungelabelt\f349e7c3758c4b64874e421c23447143.jpeg,Data Source,0.18379943072795868,"['Data Source', 'Datenvorschau', 'Data Store Object', 'Data Mart', 'Query']","[0.18379943072795868, 0.06822023540735245, 0.06811215728521347, 0.06799542158842087, 0.06798596680164337]"
..\Data\Rest Ungelabelt\f354cfaf78c4415eab64e65878aba33b.png,Query,0.18464893102645874,"['Query', 'Data Source', 'Data Store Object', 'DTP', 'Composite Provider']","[0.18464893102645874, 0.06794939190149307, 0.06794743984937668, 0.06794708222150803, 0.06794621050357819]"
..\Data\Rest Ungelabelt\f3560ec895b5461a87b095676dbf964e.png,Excel,0.16965113580226898,"['Excel', 'Datenvorschau', 'Composite Provider', 'Data Store Object', 'Query']","[0.16965113580226898, 0.07344988733530045, 0.06978289037942886, 0.06885486096143723, 0.06880615651607513]"
..\Data\Rest Ungelabelt\f35f4310d30e49d2ac785ce5b904d814.png,Data Flow Object,0.18427646160125732,"['Data Flow Object', 'Composite Provider', 'Excel', 'DTP', 'Transformationen']","[0.18427646160125732, 0.06813156604766846, 0.06796357780694962, 0.06796345859766006, 0.0679631158709526]"
..\Data\Rest Ungelabelt\f367cb6e213e49c4af99c6de50ccd26e.jpeg,Data Store Object,0.1845218688249588,"['Data Store Object', 'DTP', 'BW4Cockpit (Stammdaten)', 'Query', 'Composite Provider']","[0.1845218688249588, 0.06797885149717331, 0.06797312200069427, 0.06796161830425262, 0.06795509159564972]"
..\Data\Rest Ungelabelt\f3825b925dac446a81b13fe6ff677360.png,Composite Provider,0.12158858776092529,"['Composite Provider', 'Datenvorschau', 'DTP', 'Data Store Object', 'Excel']","[0.12158858776092529, 0.0921938419342041, 0.07643083482980728, 0.07373728603124619, 0.07214366644620895]"
..\Data\Rest Ungelabelt\f389d631468f4f8c8a26143a53892126.jpeg,Bewegungsdaten,0.10207422077655792,"['Bewegungsdaten', 'ABAP Dictionary', 'Datenvorschau', 'Data Source', 'DTP']","[0.10207422077655792, 0.0992216020822525, 0.08277294039726257, 0.07704205065965652, 0.07166267186403275]"
..\Data\Rest Ungelabelt\f39aa010a3af4e528cd9bfafdd50fdcf.png,Bewegungsdaten,0.0969681516289711,"['Bewegungsdaten', 'DTP', 'ABAP Dictionary', 'BW4Cockpit (Stammdaten)', 'Data Source']","[0.0969681516289711, 0.09432154893875122, 0.08838759362697601, 0.08123819530010223, 0.07201455533504486]"
..\Data\Rest Ungelabelt\f3c0996b40ff49da8ff54c8d6610e35a.png,Transformationen,0.18457885086536407,"['Transformationen', 'Composite Provider', 'Data Flow Object', 'Data Source', 'ABAP Dictionary']","[0.18457885086536407, 0.06798981875181198, 0.06795117259025574, 0.0679481253027916, 0.06794803589582443]"
..\Data\Rest Ungelabelt\f3ce7a4acaf344b69703ff300359c305.png,Data Store Object,0.17167773842811584,"['Data Store Object', 'Composite Provider', 'Data Mart', 'DTP', 'Datenvorschau']","[0.17167773842811584, 0.0723201259970665, 0.06923630088567734, 0.06908965855836868, 0.06905653327703476]"
..\Data\Rest Ungelabelt\f3dbbf8d5e2846879e1b41050dd8e473.png,Data Store Object,0.15982802212238312,"['Data Store Object', 'Data Source', 'BW4Cockpit (Stammdaten)', 'Query', 'DTP']","[0.15982802212238312, 0.07241980731487274, 0.07164589315652847, 0.07070350646972656, 0.0700569599866867]"
..\Data\Rest Ungelabelt\f3eb3d38279f4d6dba40bc5842cf2883.png,Data Source,0.11488627642393112,"['Data Source', 'Datenvorschau', 'Data Store Object', 'Composite Provider', 'Query']","[0.11488627642393112, 0.09383166581392288, 0.07984606176614761, 0.07263274490833282, 0.07168659567832947]"
..\Data\Rest Ungelabelt\f405c2bf0faa4a7493374b7f6e36f568.png,Composite Provider,0.09310220927000046,"['Composite Provider', 'Data Store Object', 'Data Source', 'DTP', 'Data Mart']","[0.09310220927000046, 0.08895713090896606, 0.08162277936935425, 0.07799790054559708, 0.07776358723640442]"
..\Data\Rest Ungelabelt\f4192ecf29a94f9d9d45504de0efc9f3.png,Data Source,0.1840440034866333,"['Data Source', 'Datenvorschau', 'Data Store Object', 'BW4Cockpit (Stammdaten)', 'Query']","[0.1840440034866333, 0.06810671836137772, 0.06808292865753174, 0.06798281520605087, 0.0679798424243927]"
..\Data\Rest Ungelabelt\f419826b085944f2ab5ce458b2239953.png,Data Flow Object,0.18465813994407654,"['Data Flow Object', 'Composite Provider', 'ABAP Dictionary', 'BW4Cockpit (Stammdaten)', 'Bewegungsdaten']","[0.18465813994407654, 0.06795632839202881, 0.06794412434101105, 0.06794412434101105, 0.06794412434101105]"
..\Data\Rest Ungelabelt\f436ebaaa9e242a1a8d40b4b81844273.png,ABAP Dictionary,0.17558138072490692,"['ABAP Dictionary', 'Bewegungsdaten', 'Datenvorschau', 'BW4Cockpit (Stammdaten)', 'Data Flow Object']","[0.17558138072490692, 0.07172443717718124, 0.06862541288137436, 0.06850264221429825, 0.06847931444644928]"
..\Data\Rest Ungelabelt\f4373c3d1baf431a98825c3b0a8e8d24.jpeg,Transformationen,0.11424442380666733,"['Transformationen', 'Composite Provider', 'Datenvorschau', 'Data Source', 'Excel']","[0.11424442380666733, 0.10209082067012787, 0.07382548600435257, 0.07357469201087952, 0.07111191749572754]"
..\Data\Rest Ungelabelt\f44982548a004b8aba0485302ea21f64.png,Datenvorschau,0.10652607679367065,"['Datenvorschau', 'Data Store Object', 'Transformationen', 'DTP', 'Data Source']","[0.10652607679367065, 0.08254287391901016, 0.08183227479457855, 0.076420858502388, 0.0762309730052948]"
..\Data\Rest Ungelabelt\f45337a182e54e84a386eba24d5363f7.png,Data Store Object,0.14990234375,"['Data Store Object', 'ABAP Dictionary', 'BW4Cockpit (Stammdaten)', 'DTP', 'Query']","[0.14990234375, 0.07829523831605911, 0.07074832171201706, 0.07073315232992172, 0.07070701569318771]"
..\Data\Rest Ungelabelt\f487dff26c3f4acb97a49c4e3ce60888.jpeg,Bewegungsdaten,0.14193867146968842,"['Bewegungsdaten', 'ABAP Dictionary', 'BW4Cockpit (Stammdaten)', 'DTP', 'Data Store Object']","[0.14193867146968842, 0.08514685183763504, 0.07238612323999405, 0.07113917917013168, 0.070999875664711]"
..\Data\Rest Ungelabelt\f48de8e18c4b492f9540ab7a233e4167.png,Query,0.17710936069488525,"['Query', 'Data Store Object', 'Datenvorschau', 'Data Mart', 'Data Source']","[0.17710936069488525, 0.06938523799180984, 0.06925030797719955, 0.06872113794088364, 0.06860599666833878]"
..\Data\Rest Ungelabelt\f4b5ace40e634a9e8cb83da7bf98af93.png,Transformationen,0.1473037451505661,"['Transformationen', 'Data Source', 'Composite Provider', 'Datenvorschau', 'Data Flow Object']","[0.1473037451505661, 0.07611867040395737, 0.07495582103729248, 0.07214675843715668, 0.07067650556564331]"
..\Data\Rest Ungelabelt\f4b7231f5aac475d804f093500532a16.png,Transformationen,0.11723162978887558,"['Transformationen', 'Composite Provider', 'Data Source', 'Datenvorschau', 'Data Mart']","[0.11723162978887558, 0.0805572122335434, 0.07966116070747375, 0.07754433155059814, 0.07552840560674667]"
..\Data\Rest Ungelabelt\f4cda5b9ffbf447f80e84bde387ceedf.png,Datenvorschau,0.10000421851873398,"['Datenvorschau', 'Data Source', 'Data Store Object', 'Data Mart', 'Transformationen']","[0.10000421851873398, 0.08827047049999237, 0.08607657253742218, 0.08194223046302795, 0.0730733647942543]"
..\Data\Rest Ungelabelt\f4ce0c94629f4b32ba8cd5aeb794d3aa.png,Data Store Object,0.10295642912387848,"['Data Store Object', 'Datenvorschau', 'Data Source', 'Composite Provider', 'Transformationen']","[0.10295642912387848, 0.10084040462970734, 0.07891649007797241, 0.07433248311281204, 0.07364264875650406]"
..\Data\Rest Ungelabelt\f4d0f94a2b36426ab6a0914cce7a95a2.jpeg,Composite Provider,0.14198660850524902,"['Composite Provider', 'Data Flow Object', 'ABAP Dictionary', 'Data Source', 'DTP']","[0.14198660850524902, 0.0903945341706276, 0.07099070399999619, 0.069852814078331, 0.06968160718679428]"
..\Data\Rest Ungelabelt\f4d7f238b3c64c6e8b18187c47658f16.png,Query,0.18446561694145203,"['Query', 'Composite Provider', 'Transformationen', 'Data Mart', 'Data Flow Object']","[0.18446561694145203, 0.06798762083053589, 0.06796815246343613, 0.06796415895223618, 0.06796231120824814]"
..\Data\Rest Ungelabelt\f4d806d67a4649d9ae9137458426b6bf.png,Datenvorschau,0.11395809054374695,"['Datenvorschau', 'Query', 'Data Source', 'ABAP Dictionary', 'Data Store Object']","[0.11395809054374695, 0.08982102572917938, 0.0774717852473259, 0.07634193450212479, 0.07325523346662521]"
..\Data\Rest Ungelabelt\f4e4848875c144298351783f10d12f02.jpeg,Data Source,0.11734255403280258,"['Data Source', 'Query', 'Transformationen', 'Datenvorschau', 'Data Mart']","[0.11734255403280258, 0.08451448380947113, 0.07831615209579468, 0.0766739621758461, 0.07518357038497925]"
..\Data\Rest Ungelabelt\f4eedc0e8fe04c3d9cbb17c01150a146.jpeg,Transformationen,0.17222066223621368,"['Transformationen', 'Composite Provider', 'Data Flow Object', 'Excel', 'DTP']","[0.17222066223621368, 0.07403459399938583, 0.06854047626256943, 0.06853184849023819, 0.06852399557828903]"
..\Data\Rest Ungelabelt\f4f7575d571546f8a09bb1b6a0621f40.png,Data Source,0.1410067230463028,"['Data Source', 'Datenvorschau', 'Query', 'Data Store Object', 'Transformationen']","[0.1410067230463028, 0.08363236486911774, 0.07173167914152145, 0.07168664038181305, 0.07099753618240356]"
..\Data\Rest Ungelabelt\f4fa4ed9416a44ab9cece8ac12ec674f.png,Transformationen,0.18452903628349304,"['Transformationen', 'Composite Provider', 'Excel', 'Data Flow Object', 'DTP']","[0.18452903628349304, 0.06801343709230423, 0.06795245409011841, 0.0679507926106453, 0.06795067340135574]"
..\Data\Rest Ungelabelt\f4fa6fbf5a094448ba8aadb9344910d9.png,Datenvorschau,0.118255615234375,"['Datenvorschau', 'Data Source', 'Query', 'Transformationen', 'Data Mart']","[0.118255615234375, 0.08079870045185089, 0.07715331017971039, 0.07612381130456924, 0.07523490488529205]"
..\Data\Rest Ungelabelt\f51420eed7b14350bab7d5dd62cb4815.png,Query,0.18464438617229462,"['Query', 'Data Source', 'Data Store Object', 'Data Mart', 'BW4Cockpit (Stammdaten)']","[0.18464438617229462, 0.06795938313007355, 0.06794591248035431, 0.06794557720422745, 0.06794528663158417]"
..\Data\Rest Ungelabelt\f51b62a211084d33b48deb20b172b988.png,ABAP Dictionary,0.18468733131885529,"['ABAP Dictionary', 'DTP', 'BW4Cockpit (Stammdaten)', 'Bewegungsdaten', 'Composite Provider']","[0.18468733131885529, 0.06794274598360062, 0.06794270873069763, 0.06794270873069763, 0.06794270873069763]"
..\Data\Rest Ungelabelt\f5216a294e6b49a3a73c1d0efb034ac6.png,Data Flow Object,0.17307330667972565,"['Data Flow Object', 'Composite Provider', 'DTP', 'Transformationen', 'Excel']","[0.17307330667972565, 0.07355533540248871, 0.06852524727582932, 0.06851102411746979, 0.06848520040512085]"
..\Data\Rest Ungelabelt\f54e7806e0054bd380be41e63df101d3.png,Data Store Object,0.13768984377384186,"['Data Store Object', 'Composite Provider', 'Transformationen', 'ABAP Dictionary', 'DTP']","[0.13768984377384186, 0.08765650540590286, 0.0719398632645607, 0.07098253071308136, 0.0708429366350174]"
..\Data\Rest Ungelabelt\f56b84d8fc2849fba9ea98e8abacf8c8.png,Query,0.18452925980091095,"['Query', 'Data Store Object', 'Data Mart', 'Datenvorschau', 'BW4Cockpit (Stammdaten)']","[0.18452925980091095, 0.06798838824033737, 0.06795873492956161, 0.06795783340930939, 0.06795462220907211]"
..\Data\Rest Ungelabelt\f56ce85cf86648a5a3c4dace67dc831e.jpeg,Data Store Object,0.11691271513700485,"['Data Store Object', 'Composite Provider', 'DTP', 'BW4Cockpit (Stammdaten)', 'Datenvorschau']","[0.11691271513700485, 0.09623711556196213, 0.07481884211301804, 0.071990467607975, 0.07193220406770706]"
..\Data\Rest Ungelabelt\f56f3dd0c38a43d4a9933654170dab70.png,DTP,0.18468205630779266,"['DTP', 'ABAP Dictionary', 'Data Store Object', 'BW4Cockpit (Stammdaten)', 'Composite Provider']","[0.18468205630779266, 0.06794378161430359, 0.06794361770153046, 0.06794319301843643, 0.06794312596321106]"
..\Data\Rest Ungelabelt\f598080900904c9985b61486ad1c83af.png,DTP,0.10142142325639725,"['DTP', 'Datenvorschau', 'Data Store Object', 'Data Source', 'Composite Provider']","[0.10142142325639725, 0.08560825139284134, 0.07923965901136398, 0.07791917026042938, 0.07692614197731018]"
..\Data\Rest Ungelabelt\f5a0f29a33104a71a767ebf02a85265d.png,BW4Cockpit (Stammdaten),0.1846163272857666,"['BW4Cockpit (Stammdaten)', 'Query', 'Data Store Object', 'DTP', 'Excel']","[0.1846163272857666, 0.0679670125246048, 0.06794925034046173, 0.06794792413711548, 0.0679478868842125]"
..\Data\Rest Ungelabelt\f5ddbd409f35428d8c7a8a147e487ee8.jpeg,Composite Provider,0.10734652727842331,"['Composite Provider', 'Data Source', 'Datenvorschau', 'Data Mart', 'Transformationen']","[0.10734652727842331, 0.08924781531095505, 0.08390789479017258, 0.07462668418884277, 0.07385993748903275]"
..\Data\Rest Ungelabelt\f60ad48b19ed44969390a1cacb0604e0.png,Excel,0.18366673588752747,"['Excel', 'Bewegungsdaten', 'ABAP Dictionary', 'Data Flow Object', 'Transformationen']","[0.18366673588752747, 0.06841284036636353, 0.06799454241991043, 0.06799422949552536, 0.06799393147230148]"
..\Data\Rest Ungelabelt\f6226aa778b04cf787040ed0007ba778.png,Query,0.14678865671157837,"['Query', 'Data Store Object', 'Transformationen', 'Data Source', 'DTP']","[0.14678865671157837, 0.0770888701081276, 0.0730980932712555, 0.07271018624305725, 0.07040583342313766]"
..\Data\Rest Ungelabelt\f6305ec052e7485296507a560053e1f2.png,Query,0.11329792439937592,"['Query', 'Data Store Object', 'Transformationen', 'Composite Provider', 'Datenvorschau']","[0.11329792439937592, 0.08173641562461853, 0.0795329287648201, 0.07922939211130142, 0.0737936794757843]"
..\Data\Rest Ungelabelt\f64c3dd412064d1fac34eca67852425f.png,Datenvorschau,0.18338710069656372,"['Datenvorschau', 'Data Store Object', 'Query', 'Data Source', 'Data Mart']","[0.18338710069656372, 0.06830534338951111, 0.06815001368522644, 0.06806527823209763, 0.0680229514837265]"
..\Data\Rest Ungelabelt\f65576514b2247f5b31705c5de6c2a8d.png,Data Flow Object,0.18420109152793884,"['Data Flow Object', 'Composite Provider', 'Transformationen', 'DTP', 'Excel']","[0.18420109152793884, 0.06816259026527405, 0.06796947121620178, 0.0679679661989212, 0.06796712428331375]"
..\Data\Rest Ungelabelt\f66bd599249549e785480bbec66ecc99.png,Data Flow Object,0.14602865278720856,"['Data Flow Object', 'ABAP Dictionary', 'Bewegungsdaten', 'Composite Provider', 'Datenvorschau']","[0.14602865278720856, 0.08732399344444275, 0.07066139578819275, 0.07000447064638138, 0.06966492533683777]"
..\Data\Rest Ungelabelt\f67de6b627b6455f9408b0463ca6d241.png,Query,0.1695818305015564,"['Query', 'Data Source', 'Data Store Object', 'BW4Cockpit (Stammdaten)', 'Data Mart']","[0.1695818305015564, 0.07073181122541428, 0.0705074593424797, 0.07022133469581604, 0.06928297132253647]"
..\Data\Rest Ungelabelt\f68bcd075eb84cc78e47d0ea65f30488.png,DTP,0.18225771188735962,"['DTP', 'ABAP Dictionary', 'Data Source', 'Datenvorschau', 'BW4Cockpit (Stammdaten)']","[0.18225771188735962, 0.06895177066326141, 0.06817017495632172, 0.0680704265832901, 0.06806550174951553]"
..\Data\Rest Ungelabelt\f68e5df2769d43f5a1f8deea6edf4e32.jpeg,Data Source,0.1844722181558609,"['Data Source', 'Datenvorschau', 'Data Store Object', 'Data Mart', 'Transformationen']","[0.1844722181558609, 0.06802903115749359, 0.06796611100435257, 0.06795359402894974, 0.06795331090688705]"
..\Data\Rest Ungelabelt\f69e644e030c474b831038b142cef69e.png,Bewegungsdaten,0.0896182507276535,"['Bewegungsdaten', 'Excel', 'BW4Cockpit (Stammdaten)', 'Composite Provider', 'Data Flow Object']","[0.0896182507276535, 0.08101223409175873, 0.07847105711698532, 0.07712992280721664, 0.07702633738517761]"
..\Data\Rest Ungelabelt\f6ad7ef550f54126ac5da7fb3702ea4e.png,Data Store Object,0.1217716708779335,"['Data Store Object', 'Bewegungsdaten', 'Datenvorschau', 'BW4Cockpit (Stammdaten)', 'ABAP Dictionary']","[0.1217716708779335, 0.09361787885427475, 0.07437631487846375, 0.0730460062623024, 0.0727454423904419]"
..\Data\Rest Ungelabelt\f6b1ab718b484b34977a85a74a1ff4c7.png,Data Source,0.18246574699878693,"['Data Source', 'Data Store Object', 'Datenvorschau', 'Data Mart', 'Transformationen']","[0.18246574699878693, 0.06880852580070496, 0.06819098442792892, 0.06807272136211395, 0.06805397570133209]"
..\Data\Rest Ungelabelt\f6ba7511c34f4f94b99716d9f9721e8a.jpeg,Query,0.1768433004617691,"['Query', 'Composite Provider', 'Data Store Object', 'Data Mart', 'Transformationen']","[0.1768433004617691, 0.07099523395299911, 0.06870787590742111, 0.06846973299980164, 0.0684269443154335]"
..\Data\Rest Ungelabelt\f6eaef9c03a14703acef38f8f4407945.png,Data Source,0.17367996275424957,"['Data Source', 'Datenvorschau', 'Data Store Object', 'BW4Cockpit (Stammdaten)', 'Data Flow Object']","[0.17367996275424957, 0.07315344363451004, 0.06860283762216568, 0.06845982372760773, 0.06845816224813461]"
..\Data\Rest Ungelabelt\f6ef2db2f30e41abb1fc4a3659b76776.png,Data Flow Object,0.18468725681304932,"['Data Flow Object', 'Composite Provider', 'ABAP Dictionary', 'BW4Cockpit (Stammdaten)', 'Bewegungsdaten']","[0.18468725681304932, 0.0679427981376648, 0.06794272363185883, 0.06794272363185883, 0.06794272363185883]"
..\Data\Rest Ungelabelt\f6fa8d68583a4a2f9b80f4a13ed3ed11.png,ABAP Dictionary,0.18466682732105255,"['ABAP Dictionary', 'DTP', 'Bewegungsdaten', 'Excel', 'BW4Cockpit (Stammdaten)']","[0.18466682732105255, 0.06795021891593933, 0.06794439256191254, 0.06794427335262299, 0.06794415414333344]"
..\Data\Rest Ungelabelt\f71d98b9992a4fcd981a7b0415da9b71.jpeg,Datenvorschau,0.11676778644323349,"['Datenvorschau', 'Bewegungsdaten', 'ABAP Dictionary', 'Excel', 'Data Source']","[0.11676778644323349, 0.09318134188652039, 0.07519219070672989, 0.07476166635751724, 0.0744694322347641]"
..\Data\Rest Ungelabelt\f72805103fcc4cbd84fc8e9eae175405.jpeg,Data Store Object,0.18142686784267426,"['Data Store Object', 'Data Mart', 'Datenvorschau', 'Data Source', 'Composite Provider']","[0.18142686784267426, 0.06897450238466263, 0.0683683454990387, 0.06823966652154922, 0.06813564896583557]"
..\Data\Rest Ungelabelt\f734256c8dc1404588afad076917b88e.png,Query,0.11025508493185043,"['Query', 'Composite Provider', 'Data Store Object', 'Data Flow Object', 'Transformationen']","[0.11025508493185043, 0.10676396638154984, 0.07524945586919785, 0.0721588134765625, 0.07119133323431015]"
..\Data\Rest Ungelabelt\f7577eda95b541d9aa9a6b33adb2d388.jpeg,Data Source,0.1029280498623848,"['Data Source', 'Query', 'Composite Provider', 'Data Store Object', 'Transformationen']","[0.1029280498623848, 0.09265708923339844, 0.07837218046188354, 0.07750947773456573, 0.07637354731559753]"
..\Data\Rest Ungelabelt\f7783b0cf0e34a9f93416f05c1de4506.png,Excel,0.1812143474817276,"['Excel', 'DTP', 'Composite Provider', 'Transformationen', 'ABAP Dictionary']","[0.1812143474817276, 0.06851799786090851, 0.06845520436763763, 0.06830818951129913, 0.06826769560575485]"
..\Data\Rest Ungelabelt\f79cc353a8124372aff0db6aaa8455c3.png,Data Store Object,0.18383894860744476,"['Data Store Object', 'DTP', 'BW4Cockpit (Stammdaten)', 'Query', 'Data Source']","[0.18383894860744476, 0.06824450939893723, 0.06805256009101868, 0.06799361109733582, 0.06798965483903885]"
..\Data\Rest Ungelabelt\f7b23bc9b1974cbf80ec0683ceab0e25.jpeg,Query,0.11855437606573105,"['Query', 'Data Store Object', 'Data Source', 'BW4Cockpit (Stammdaten)', 'Data Mart']","[0.11855437606573105, 0.10622617602348328, 0.07296743988990784, 0.0709158331155777, 0.07044568657875061]"
..\Data\Rest Ungelabelt\f7b6a7c74385433998b1a9102412d559.png,Data Flow Object,0.1840852051973343,"['Data Flow Object', 'Composite Provider', 'ABAP Dictionary', 'Datenvorschau', 'Excel']","[0.1840852051973343, 0.06820675730705261, 0.06798510253429413, 0.06797277182340622, 0.06797268986701965]"
..\Data\Rest Ungelabelt\f7c11fd50f0749a79304100db5ba7eea.png,Data Source,0.10884837061166763,"['Data Source', 'BW4Cockpit (Stammdaten)', 'Composite Provider', 'DTP', 'Transformationen']","[0.10884837061166763, 0.08410368859767914, 0.07673760503530502, 0.07614944875240326, 0.07588266581296921]"
..\Data\Rest Ungelabelt\f7c8abf9727945909796bbd34969ad04.png,Bewegungsdaten,0.14675360918045044,"['Bewegungsdaten', 'ABAP Dictionary', 'Datenvorschau', 'BW4Cockpit (Stammdaten)', 'DTP']","[0.14675360918045044, 0.07774021476507187, 0.07493004947900772, 0.07053806632757187, 0.0705147460103035]"
..\Data\Rest Ungelabelt\f7cba42791824b48b2137852fb3c77b8.png,Composite Provider,0.1255725920200348,"['Composite Provider', 'Query', 'Data Store Object', 'Transformationen', 'Data Source']","[0.1255725920200348, 0.08261393010616302, 0.07857106626033783, 0.07657963782548904, 0.07170158624649048]"
..\Data\Rest Ungelabelt\f7d91b611d3b44c5a049f979a3ce7de2.jpeg,Data Store Object,0.16898022592067719,"['Data Store Object', 'Data Mart', 'Composite Provider', 'Datenvorschau', 'DTP']","[0.16898022592067719, 0.0741955041885376, 0.06920093297958374, 0.06895599514245987, 0.06891171634197235]"
..\Data\Rest Ungelabelt\f7f5a01148684db1aff4e7424b892382.png,Datenvorschau,0.18279443681240082,"['Datenvorschau', 'Data Source', 'Data Store Object', 'Excel', 'Query']","[0.18279443681240082, 0.0687217265367508, 0.06811866164207458, 0.06804466992616653, 0.0680384486913681]"
..\Data\Rest Ungelabelt\f82432041c294f6a9f468f459e16c000.png,Query,0.17084643244743347,"['Query', 'Transformationen', 'Datenvorschau', 'Excel', 'Data Source']","[0.17084643244743347, 0.07128452509641647, 0.07011245936155319, 0.06900467723608017, 0.06896129995584488]"
..\Data\Rest Ungelabelt\f86d369a50144be8965c0504166a2d22.png,Data Store Object,0.11121439188718796,"['Data Store Object', 'DTP', 'BW4Cockpit (Stammdaten)', 'Composite Provider', 'Data Mart']","[0.11121439188718796, 0.08277926594018936, 0.07608582824468613, 0.07599864155054092, 0.07563678175210953]"
..\Data\Rest Ungelabelt\f885a29ce6984752937a9b523becda7f.png,Composite Provider,0.16364260017871857,"['Composite Provider', 'Data Flow Object', 'DTP', 'Bewegungsdaten', 'Datenvorschau']","[0.16364260017871857, 0.07830918580293655, 0.06901196390390396, 0.06899231672286987, 0.06895656883716583]"
..\Data\Rest Ungelabelt\f88fc801f4b3470195f91950276637b6.jpeg,Query,0.1803940385580063,"['Query', 'Composite Provider', 'Data Flow Object', 'Datenvorschau', 'Transformationen']","[0.1803940385580063, 0.0690668597817421, 0.06880885362625122, 0.06824245303869247, 0.06820114701986313]"
..\Data\Rest Ungelabelt\f89ad7735139428290229509d0e93a34.jpeg,Composite Provider,0.13032633066177368,"['Composite Provider', 'Data Store Object', 'Bewegungsdaten', 'Datenvorschau', 'Query']","[0.13032633066177368, 0.07933874428272247, 0.07570511102676392, 0.0745321661233902, 0.07218477874994278]"
..\Data\Rest Ungelabelt\f8c9bb2cc1a44ab88c0499a51e0469db.jpeg,Data Source,0.10766487568616867,"['Data Source', 'Data Mart', 'Query', 'Transformationen', 'Data Store Object']","[0.10766487568616867, 0.08218531310558319, 0.08081446588039398, 0.07862493395805359, 0.07588440179824829]"
..\Data\Rest Ungelabelt\f8ccb0f6a93343d9bc5aee5d0f7271f1.png,Data Source,0.10903625935316086,"['Data Source', 'Query', 'Data Store Object', 'Data Mart', 'Datenvorschau']","[0.10903625935316086, 0.10212909430265427, 0.08180433511734009, 0.07194996625185013, 0.07101039588451385]"
..\Data\Rest Ungelabelt\f8d980ce830544759b983248a4c7780a.png,Query,0.10412616282701492,"['Query', 'DTP', 'Data Source', 'Composite Provider', 'Transformationen']","[0.10412616282701492, 0.09397291392087936, 0.0834280326962471, 0.07513685524463654, 0.07373717427253723]"
..\Data\Rest Ungelabelt\f8f56a998a85487fac1ea0218509df1a.jpeg,Data Source,0.14730067551136017,"['Data Source', 'ABAP Dictionary', 'Data Store Object', 'Transformationen', 'DTP']","[0.14730067551136017, 0.07537832111120224, 0.07483368366956711, 0.0729147419333458, 0.0710550993680954]"
..\Data\Rest Ungelabelt\f906e19573b541b085aaceed9efda18a.png,Data Store Object,0.1421392410993576,"['Data Store Object', 'Data Source', 'Query', 'Transformationen', 'Datenvorschau']","[0.1421392410993576, 0.07614839822053909, 0.0753888189792633, 0.07223295420408249, 0.07117258012294769]"
..\Data\Rest Ungelabelt\f929c6290a4e4a53802754375ecd3527.png,Transformationen,0.18431544303894043,"['Transformationen', 'Composite Provider', 'Data Flow Object', 'Query', 'Datenvorschau']","[0.18431544303894043, 0.06810218095779419, 0.06797312945127487, 0.0679611936211586, 0.06796111911535263]"
..\Data\Rest Ungelabelt\f93fb6c04bac43ac8b86b8e875517d36.png,Data Store Object,0.17810167372226715,"['Data Store Object', 'Data Source', 'Query', 'BW4Cockpit (Stammdaten)', 'DTP']","[0.17810167372226715, 0.07005349546670914, 0.06900947540998459, 0.06835056841373444, 0.06832854449748993]"
..\Data\Rest Ungelabelt\f96f8b38e28e4b7d8c1ea142b2130150.png,Query,0.1810547113418579,"['Query', 'Composite Provider', 'Datenvorschau', 'Data Store Object', 'DTP']","[0.1810547113418579, 0.06874549388885498, 0.0683826431632042, 0.0683794841170311, 0.06829451024532318]"
..\Data\Rest Ungelabelt\f977eb23a3894caf93634f9b98ac0785.jpeg,Data Source,0.09493642300367355,"['Data Source', 'Datenvorschau', 'Data Flow Object', 'ABAP Dictionary', 'Data Store Object']","[0.09493642300367355, 0.08949831128120422, 0.07710111886262894, 0.07685671746730804, 0.07626740634441376]"
..\Data\Rest Ungelabelt\f9798844128241379d9a56798365dc92.png,BW4Cockpit (Stammdaten),0.18428152799606323,"['BW4Cockpit (Stammdaten)', 'Query', 'Excel', 'Datenvorschau', 'Data Store Object']","[0.18428152799606323, 0.06807801872491837, 0.06798994541168213, 0.06797009706497192, 0.0679699257016182]"
..\Data\Rest Ungelabelt\f981a7f583c84a3c889c36178e464668.png,Data Flow Object,0.10300283879041672,"['Data Flow Object', 'Composite Provider', 'Query', 'Transformationen', 'Data Store Object']","[0.10300283879041672, 0.09178464859724045, 0.08190356940031052, 0.08163690567016602, 0.07287780195474625]"
..\Data\Rest Ungelabelt\f99644accfd34c62b4c48da5a67d7365.png,DTP,0.18421751260757446,"['DTP', 'BW4Cockpit (Stammdaten)', 'Data Store Object', 'Bewegungsdaten', 'ABAP Dictionary']","[0.18421751260757446, 0.06801829487085342, 0.06800847500562668, 0.0680043175816536, 0.06799543648958206]"
..\Data\Rest Ungelabelt\f99d8c6fe8534d51885545f80b400e6d.png,Transformationen,0.11745660752058029,"['Transformationen', 'Composite Provider', 'Data Source', 'Datenvorschau', 'Excel']","[0.11745660752058029, 0.08937341719865799, 0.07849297672510147, 0.07460314780473709, 0.0719013661146164]"
..\Data\Rest Ungelabelt\f9addad187e54273a757a4c4e2cb5028.png,ABAP Dictionary,0.14028820395469666,"['ABAP Dictionary', 'Composite Provider', 'Data Flow Object', 'Datenvorschau', 'Data Source']","[0.14028820395469666, 0.08493973314762115, 0.07305106520652771, 0.0715763047337532, 0.07047313451766968]"
..\Data\Rest Ungelabelt\f9b91d15a46b4102a012c300ece42690.png,Data Store Object,0.16347186267375946,"['Data Store Object', 'Data Mart', 'Composite Provider', 'Datenvorschau', 'Data Source']","[0.16347186267375946, 0.07296620309352875, 0.07122743874788284, 0.07052647322416306, 0.06940217316150665]"
..\Data\Rest Ungelabelt\f9d072422232420887b379c41162aadb.png,Data Source,0.12610699236392975,"['Data Source', 'Data Store Object', 'Datenvorschau', 'Query', 'BW4Cockpit (Stammdaten)']","[0.12610699236392975, 0.08668417483568192, 0.07634661346673965, 0.07449503988027573, 0.07276259362697601]"
..\Data\Rest Ungelabelt\f9d626d737ba4779a9f5d34667a04b5b.png,ABAP Dictionary,0.18468700349330902,"['ABAP Dictionary', 'DTP', 'Data Flow Object', 'Excel', 'Bewegungsdaten']","[0.18468700349330902, 0.06794283539056778, 0.0679427832365036, 0.06794275343418121, 0.06794274598360062]"
..\Data\Rest Ungelabelt\fa1935653c394aaf9bcbc1b24562a4bf.png,Excel,0.18468593060970306,"['Excel', 'BW4Cockpit (Stammdaten)', 'Bewegungsdaten', 'Datenvorschau', 'Data Store Object']","[0.18468593060970306, 0.06794299930334091, 0.06794291734695435, 0.06794291734695435, 0.06794283539056778]"
..\Data\Rest Ungelabelt\fa445665790b4f19b56022e2fe999673.jpeg,Query,0.13737036287784576,"['Query', 'Data Store Object', 'Composite Provider', 'Data Source', 'Transformationen']","[0.13737036287784576, 0.08870655298233032, 0.07226080447435379, 0.07168154418468475, 0.07058630883693695]"
..\Data\Rest Ungelabelt\fa65f9fce7c148e584092fb411c4eebf.png,Data Store Object,0.18173173069953918,"['Data Store Object', 'DTP', 'Composite Provider', 'BW4Cockpit (Stammdaten)', 'Data Source']","[0.18173173069953918, 0.06860364973545074, 0.06850374490022659, 0.0681605413556099, 0.06813871115446091]"
..\Data\Rest Ungelabelt\fa9339d6e8b5418cb9d3132321ea6d22.png,Datenvorschau,0.119242824614048,"['Datenvorschau', 'Data Source', 'Query', 'ABAP Dictionary', 'DTP']","[0.119242824614048, 0.0900382399559021, 0.07533308863639832, 0.07331915944814682, 0.07255436480045319]"
..\Data\Rest Ungelabelt\fac8ce3445d74831945976d009297887.png,Data Source,0.17286010086536407,"['Data Source', 'DTP', 'Datenvorschau', 'Data Store Object', 'Query']","[0.17286010086536407, 0.07163794338703156, 0.07035898417234421, 0.06856696307659149, 0.06856579333543777]"
..\Data\Rest Ungelabelt\fad765fc5e3741238f2fe72bf6390b8d.png,BW4Cockpit (Stammdaten),0.17986884713172913,"['BW4Cockpit (Stammdaten)', 'Excel', 'Query', 'DTP', 'Datenvorschau']","[0.17986884713172913, 0.06941787153482437, 0.06837313622236252, 0.06831981986761093, 0.06831122934818268]"
..\Data\Rest Ungelabelt\fae6e2095c9e42ee97c42e3687108675.png,Query,0.16845782101154327,"['Query', 'Data Store Object', 'Data Source', 'ABAP Dictionary', 'BW4Cockpit (Stammdaten)']","[0.16845782101154327, 0.07251162081956863, 0.07081856578588486, 0.06907989829778671, 0.06896562874317169]"
..\Data\Rest Ungelabelt\faf0bd8414eb4ff98f0b45cef6d6a1c5.png,Data Store Object,0.1761484146118164,"['Data Store Object', 'Datenvorschau', 'Composite Provider', 'ABAP Dictionary', 'BW4Cockpit (Stammdaten)']","[0.1761484146118164, 0.0702647864818573, 0.06888771057128906, 0.06862084567546844, 0.0685553327202797]"
..\Data\Rest Ungelabelt\fafbaab1163e442580d3bb8a34a64b6c.png,Data Store Object,0.16697187721729279,"['Data Store Object', 'Data Flow Object', 'Query', 'Composite Provider', 'Datenvorschau']","[0.16697187721729279, 0.07150642573833466, 0.07066801935434341, 0.07027736306190491, 0.0697503313422203]"
..\Data\Rest Ungelabelt\fb06b1fced3848089b0bdea0370c9347.png,Query,0.18464557826519012,"['Query', 'BW4Cockpit (Stammdaten)', 'Data Source', 'Data Store Object', 'Data Mart']","[0.18464557826519012, 0.06795132905244827, 0.06795103847980499, 0.06794577091932297, 0.06794571876525879]"
..\Data\Rest Ungelabelt\fb2ea21a0ceb4ad3afb22e27ea61db58.png,Data Store Object,0.09510574489831924,"['Data Store Object', 'Composite Provider', 'Query', 'Excel', 'Transformationen']","[0.09510574489831924, 0.09486071020364761, 0.08521006256341934, 0.07643095403909683, 0.07488419115543365]"
..\Data\Rest Ungelabelt\fb304c28254243f0862584ecd4b0edf4.png,BW4Cockpit (Stammdaten),0.18317165970802307,"['BW4Cockpit (Stammdaten)', 'Query', 'Excel', 'Data Store Object', 'Datenvorschau']","[0.18317165970802307, 0.06849027425050735, 0.06808963418006897, 0.06803900748491287, 0.06803611665964127]"
..\Data\Rest Ungelabelt\fb31a6d623154452967d02d681359857.png,Composite Provider,0.10724443197250366,"['Composite Provider', 'Data Flow Object', 'Query', 'Transformationen', 'DTP']","[0.10724443197250366, 0.091523677110672, 0.0835740938782692, 0.07615884393453598, 0.07250567525625229]"
..\Data\Rest Ungelabelt\fb625b445bb1467ea26725a2725b76bf.png,Query,0.1846640706062317,"['Query', 'Data Source', 'BW4Cockpit (Stammdaten)', 'Data Mart', 'Transformationen']","[0.1846640706062317, 0.06794893741607666, 0.06794552505016327, 0.06794517487287521, 0.06794428080320358]"
..\Data\Rest Ungelabelt\fb8ccefccd9749cba0d79a253f5a7c40.jpeg,Bewegungsdaten,0.184647336602211,"['Bewegungsdaten', 'ABAP Dictionary', 'Datenvorschau', 'BW4Cockpit (Stammdaten)', 'Data Source']","[0.184647336602211, 0.06795214861631393, 0.06794983893632889, 0.06794784218072891, 0.06794493645429611]"
..\Data\Rest Ungelabelt\fb8f40124cf947e1a0a83d5c57ec35d7.png,Query,0.09592384099960327,"['Query', 'BW4Cockpit (Stammdaten)', 'Datenvorschau', 'Data Store Object', 'Transformationen']","[0.09592384099960327, 0.09457044303417206, 0.08891291916370392, 0.07578933984041214, 0.07384661585092545]"
..\Data\Rest Ungelabelt\fbee17980dec4fdca87cd0408ca6cd2b.png,Datenvorschau,0.1320386677980423,"['Datenvorschau', 'Data Source', 'Query', 'Transformationen', 'Data Store Object']","[0.1320386677980423, 0.09435231983661652, 0.07156175374984741, 0.07101098448038101, 0.07052114605903625]"
..\Data\Rest Ungelabelt\fbfa6f2676b3417991c78a750a5fbefa.jpeg,Query,0.18468183279037476,"['Query', 'Data Store Object', 'BW4Cockpit (Stammdaten)', 'Data Flow Object', 'Data Mart']","[0.18468183279037476, 0.06794365495443344, 0.06794337928295135, 0.067943274974823, 0.06794323772192001]"
..\Data\Rest Ungelabelt\fc32af7b2cb0464dbaa9764487ba2e9d.png,Data Store Object,0.18407005071640015,"['Data Store Object', 'Composite Provider', 'BW4Cockpit (Stammdaten)', 'DTP', 'Data Mart']","[0.18407005071640015, 0.06817425787448883, 0.06799527257680893, 0.06799418479204178, 0.06797861307859421]"
..\Data\Rest Ungelabelt\fc365648ed4342d89b2cff5d86de20e1.jpeg,Data Store Object,0.10598323494195938,"['Data Store Object', 'DTP', 'Query', 'Data Source', 'Composite Provider']","[0.10598323494195938, 0.09829583019018173, 0.07689270377159119, 0.07398495823144913, 0.07250050455331802]"
..\Data\Rest Ungelabelt\fc5778e538d74a6aa003855c87490067.jpeg,Composite Provider,0.12872254848480225,"['Composite Provider', 'Excel', 'Transformationen', 'Data Flow Object', 'Data Source']","[0.12872254848480225, 0.08286713808774948, 0.0798627957701683, 0.0720338448882103, 0.07133599370718002]"
..\Data\Rest Ungelabelt\fc59f56aedfe4496855f84f464fa6f85.png,Query,0.17353424429893494,"['Query', 'Transformationen', 'Composite Provider', 'Data Mart', 'Data Flow Object']","[0.17353424429893494, 0.0709921345114708, 0.06960280239582062, 0.06880156695842743, 0.06873369961977005]"
..\Data\Rest Ungelabelt\fc91ae318f7b4627a506a976dcc66812.png,Data Store Object,0.1590498834848404,"['Data Store Object', 'Data Source', 'Query', 'Data Mart', 'Datenvorschau']","[0.1590498834848404, 0.07472988963127136, 0.07396455854177475, 0.06976989656686783, 0.06962563842535019]"
..\Data\Rest Ungelabelt\fcc12bd9f20d49fbb3ebeb743a0bb38f.png,Excel,0.18455924093723297,"['Excel', 'Bewegungsdaten', 'Transformationen', 'BW4Cockpit (Stammdaten)', 'Data Flow Object']","[0.18455924093723297, 0.06800151616334915, 0.06794924288988113, 0.06794920563697815, 0.0679490864276886]"
..\Data\Rest Ungelabelt\fcc2acaa07d34c4c8062573b90c32f06.png,Excel,0.17760825157165527,"['Excel', 'Bewegungsdaten', 'ABAP Dictionary', 'Transformationen', 'Data Flow Object']","[0.17760825157165527, 0.07131298631429672, 0.0682925432920456, 0.0682845190167427, 0.0682833194732666]"
..\Data\Rest Ungelabelt\fce36381f76146418bc1016886d423cb.png,Data Flow Object,0.17281422019004822,"['Data Flow Object', 'Composite Provider', 'DTP', 'Datenvorschau', 'Excel']","[0.17281422019004822, 0.07358944416046143, 0.06858493387699127, 0.06852539628744125, 0.06851644814014435]"
..\Data\Rest Ungelabelt\fcee3165266d4e329c9189800029238e.jpeg,Query,0.14326874911785126,"['Query', 'Composite Provider', 'Transformationen', 'Data Store Object', 'DTP']","[0.14326874911785126, 0.07963846623897552, 0.07581522315740585, 0.07303546369075775, 0.07022708654403687]"
..\Data\Rest Ungelabelt\fcf2c295e1de4e2f9289a11a46f8cc44.png,Data Source,0.12638306617736816,"['Data Source', 'Datenvorschau', 'Data Store Object', 'Composite Provider', 'Data Mart']","[0.12638306617736816, 0.09753355383872986, 0.07288379222154617, 0.07154658436775208, 0.07064267992973328]"
..\Data\Rest Ungelabelt\fd073cad31bf423b805f6b56b383bd8c.png,Data Source,0.13243243098258972,"['Data Source', 'Transformationen', 'Datenvorschau', 'Query', 'Data Mart']","[0.13243243098258972, 0.08172230422496796, 0.08033978193998337, 0.07430872321128845, 0.07032113522291183]"
..\Data\Rest Ungelabelt\fd0bbb8b4e484ce6b2949af2136b1ed2.png,Query,0.18468737602233887,"['Query', 'ABAP Dictionary', 'BW4Cockpit (Stammdaten)', 'Bewegungsdaten', 'Composite Provider']","[0.18468737602233887, 0.06794272363185883, 0.06794272363185883, 0.06794272363185883, 0.06794272363185883]"
..\Data\Rest Ungelabelt\fd1598a9556a4526b85010804ffa254d.png,Data Store Object,0.1525546908378601,"['Data Store Object', 'Data Source', 'Query', 'Data Mart', 'Datenvorschau']","[0.1525546908378601, 0.08119327574968338, 0.07050332427024841, 0.07040341943502426, 0.07023594528436661]"
..\Data\Rest Ungelabelt\fd16a90b7a0643a6b098bcb339007417.jpeg,Data Source,0.13633276522159576,"['Data Source', 'Datenvorschau', 'Data Store Object', 'Data Mart', 'Query']","[0.13633276522159576, 0.07810812443494797, 0.07552400976419449, 0.07516922056674957, 0.07203970849514008]"
..\Data\Rest Ungelabelt\fd3687465a314c1b95ffd0b49c9a897e.png,Data Store Object,0.1619170755147934,"['Data Store Object', 'Data Mart', 'Datenvorschau', 'Composite Provider', 'Data Source']","[0.1619170755147934, 0.07494090497493744, 0.0723651722073555, 0.0698920264840126, 0.06904075294733047]"
..\Data\Rest Ungelabelt\fd3f76617bb344cd9fba713b645bfb8b.png,Bewegungsdaten,0.17956851422786713,"['Bewegungsdaten', 'ABAP Dictionary', 'BW4Cockpit (Stammdaten)', 'Datenvorschau', 'Excel']","[0.17956851422786713, 0.06997670233249664, 0.06838375329971313, 0.06828002631664276, 0.06821674108505249]"
..\Data\Rest Ungelabelt\fd43ee46f3ec43eb9a6964396e549b96.jpeg,ABAP Dictionary,0.11829440295696259,"['ABAP Dictionary', 'Bewegungsdaten', 'Data Source', 'BW4Cockpit (Stammdaten)', 'Datenvorschau']","[0.11829440295696259, 0.08395329862833023, 0.0813712477684021, 0.07729426771402359, 0.07315882295370102]"
..\Data\Rest Ungelabelt\fd5d8cfba1714e0b813507cfb40b091e.png,Data Store Object,0.16111208498477936,"['Data Store Object', 'Transformationen', 'Datenvorschau', 'Query', 'Data Mart']","[0.16111208498477936, 0.07276501506567001, 0.07072243839502335, 0.07035225629806519, 0.07020614296197891]"
..\Data\Rest Ungelabelt\fd67b8785a5b4cdc8f2c223a4e36e364.jpeg,ABAP Dictionary,0.1202089861035347,"['ABAP Dictionary', 'DTP', 'Transformationen', 'BW4Cockpit (Stammdaten)', 'Data Store Object']","[0.1202089861035347, 0.08854983001947403, 0.07584647089242935, 0.07410772889852524, 0.0722629502415657]"
..\Data\Rest Ungelabelt\fd6c5df054de4bf4bbe477b97e98e3ce.png,Query,0.14291764795780182,"['Query', 'Data Store Object', 'Transformationen', 'Data Mart', 'Data Source']","[0.14291764795780182, 0.08578763902187347, 0.07107001543045044, 0.07083409279584885, 0.07065089046955109]"
..\Data\Rest Ungelabelt\fd894ad2b1ba4fbd87305cf2452a9869.png,Bewegungsdaten,0.0896182507276535,"['Bewegungsdaten', 'Excel', 'BW4Cockpit (Stammdaten)', 'Composite Provider', 'Data Flow Object']","[0.0896182507276535, 0.08101223409175873, 0.07847105711698532, 0.07712992280721664, 0.07702633738517761]"
..\Data\Rest Ungelabelt\fdc07a9fd6004ee692b7b74bd309f6c1.jpeg,Datenvorschau,0.1194387674331665,"['Datenvorschau', 'Data Source', 'Transformationen', 'BW4Cockpit (Stammdaten)', 'DTP']","[0.1194387674331665, 0.08066568523645401, 0.07787026464939117, 0.07402602583169937, 0.07276803255081177]"
..\Data\Rest Ungelabelt\fdea2b83571749fbba549b09474251da.png,Data Flow Object,0.183524951338768,"['Data Flow Object', 'Composite Provider', 'Data Store Object', 'Transformationen', 'DTP']","[0.183524951338768, 0.06844919919967651, 0.06800734251737595, 0.06800632178783417, 0.0680047795176506]"
..\Data\Rest Ungelabelt\fdfa3ad75d4b4cb5aa0ed0d184a36291.jpeg,Data Source,0.11073409020900726,"['Data Source', 'DTP', 'Datenvorschau', 'Query', 'Data Store Object']","[0.11073409020900726, 0.08708567172288895, 0.07868657261133194, 0.0776207447052002, 0.07590491324663162]"
..\Data\Rest Ungelabelt\fe0412160df442c5ab6e7a2aad8a6d12.jpeg,Data Store Object,0.10331152379512787,"['Data Store Object', 'Datenvorschau', 'Data Mart', 'Data Source', 'Composite Provider']","[0.10331152379512787, 0.09002888202667236, 0.08389642089605331, 0.08040492981672287, 0.0756397470831871]"
..\Data\Rest Ungelabelt\fe09c4da953347968aae9e98499852c3.jpeg,Composite Provider,0.11060844361782074,"['Composite Provider', 'Data Source', 'Transformationen', 'Data Store Object', 'Datenvorschau']","[0.11060844361782074, 0.10143724083900452, 0.07494693249464035, 0.07432933151721954, 0.07215729355812073]"
..\Data\Rest Ungelabelt\fe2d0da174534309ab61bad43e3532ba.png,ABAP Dictionary,0.18447241187095642,"['ABAP Dictionary', 'Bewegungsdaten', 'Excel', 'DTP', 'Data Flow Object']","[0.18447241187095642, 0.06798063963651657, 0.06797940284013748, 0.06797020137310028, 0.06796091794967651]"
..\Data\Rest Ungelabelt\fe37dc2f03b64442ab035d9268c37bf0.png,BW4Cockpit (Stammdaten),0.18454283475875854,"['BW4Cockpit (Stammdaten)', 'Data Store Object', 'Query', 'DTP', 'Excel']","[0.18454283475875854, 0.06798949092626572, 0.0679573193192482, 0.067957304418087, 0.06795220077037811]"
..\Data\Rest Ungelabelt\fe68ae9005af48a1a975e32dd6a7179f.png,Data Flow Object,0.18454279005527496,"['Data Flow Object', 'Composite Provider', 'Data Store Object', 'Datenvorschau', 'DTP']","[0.18454279005527496, 0.0680077001452446, 0.06795061379671097, 0.06795015931129456, 0.0679500475525856]"
..\Data\Rest Ungelabelt\fe68f0e827ce4791ab0ab0cf880919fc.png,Data Store Object,0.181766539812088,"['Data Store Object', 'DTP', 'BW4Cockpit (Stammdaten)', 'Data Source', 'Query']","[0.181766539812088, 0.06879806518554688, 0.06838829815387726, 0.06816520541906357, 0.06812940537929535]"
..\Data\Rest Ungelabelt\fe7045c450b6427da2bd0c306261f387.png,Data Flow Object,0.18457293510437012,"['Data Flow Object', 'Composite Provider', 'Datenvorschau', 'ABAP Dictionary', 'Excel']","[0.18457293510437012, 0.06799494475126266, 0.06794872134923935, 0.06794857233762741, 0.06794837862253189]"
..\Data\Rest Ungelabelt\fe74cc9c503a4c58b60c1699c0590538.png,Datenvorschau,0.14488793909549713,"['Datenvorschau', 'Data Store Object', 'Composite Provider', 'Data Source', 'Data Mart']","[0.14488793909549713, 0.07963705062866211, 0.07452589273452759, 0.0720767080783844, 0.07138679176568985]"
..\Data\Rest Ungelabelt\fe78598c386f42849075d9b7f174e69c.png,Data Source,0.09144356846809387,"['Data Source', 'Transformationen', 'Datenvorschau', 'Data Store Object', 'Composite Provider']","[0.09144356846809387, 0.08903080970048904, 0.08795217424631119, 0.07711881399154663, 0.07470564544200897]"
..\Data\Rest Ungelabelt\fe8e8a16d0ba478e94a4f7acc6d15385.png,Query,0.18378159403800964,"['Query', 'Composite Provider', 'Datenvorschau', 'Data Store Object', 'DTP']","[0.18378159403800964, 0.06810609996318817, 0.06805920600891113, 0.0680554136633873, 0.06802620738744736]"
..\Data\Rest Ungelabelt\fe99234a36ea4b42973a195b66fe8262.png,Transformationen,0.11921460181474686,"['Transformationen', 'Datenvorschau', 'Data Source', 'Composite Provider', 'DTP']","[0.11921460181474686, 0.08497174829244614, 0.0797489583492279, 0.07686472684144974, 0.07226473838090897]"
..\Data\Rest Ungelabelt\feb20c6c0c354965b33a4bd6234c39e3.png,Composite Provider,0.13734783232212067,"['Composite Provider', 'Query', 'DTP', 'Data Flow Object', 'Excel']","[0.13734783232212067, 0.08039543777704239, 0.0757746770977974, 0.07343852519989014, 0.07091377675533295]"
..\Data\Rest Ungelabelt\fedb988b406b43b4abdb6ba2e0cf55a7.png,Datenvorschau,0.1567855179309845,"['Datenvorschau', 'Bewegungsdaten', 'Excel', 'Data Store Object', 'Composite Provider']","[0.1567855179309845, 0.0783601924777031, 0.07187321037054062, 0.06976847350597382, 0.0697513073682785]"
..\Data\Rest Ungelabelt\fee64c93fae24ae2b637d9503d2f60bf.png,Composite Provider,0.09679589420557022,"['Composite Provider', 'Query', 'Data Source', 'Data Store Object', 'Data Mart']","[0.09679589420557022, 0.09561283886432648, 0.08635274320840836, 0.07858478277921677, 0.07261059433221817]"
..\Data\Rest Ungelabelt\ff25947a9bf045c3b4c878d1d4571dd0.jpeg,ABAP Dictionary,0.18039263784885406,"['ABAP Dictionary', 'BW4Cockpit (Stammdaten)', 'Bewegungsdaten', 'Data Source', 'Datenvorschau']","[0.18039263784885406, 0.0689719021320343, 0.06839197874069214, 0.06832364946603775, 0.06831427663564682]"
..\Data\Rest Ungelabelt\ff2717c9b42f41ebbf059c726a6e943f.jpeg,BW4Cockpit (Stammdaten),0.18461260199546814,"['BW4Cockpit (Stammdaten)', 'Excel', 'Data Store Object', 'Query', 'DTP']","[0.18461260199546814, 0.06795618683099747, 0.06795598566532135, 0.06795179843902588, 0.06794939935207367]"
..\Data\Rest Ungelabelt\ff2e2db0fc1543e6a9801f8fe36a5eef.png,Data Source,0.18466709554195404,"['Data Source', 'Datenvorschau', 'Data Store Object', 'Data Mart', 'Query']","[0.18466709554195404, 0.06795037537813187, 0.06794526427984238, 0.06794383376836777, 0.0679437592625618]"
..\Data\Rest Ungelabelt\ff4d42ee03db4a278702fc71c412120a.png,Data Store Object,0.10410042852163315,"['Data Store Object', 'Transformationen', 'Query', 'Datenvorschau', 'Composite Provider']","[0.10410042852163315, 0.08850926905870438, 0.07853526622056961, 0.07842458039522171, 0.07612186670303345]"
..\Data\Rest Ungelabelt\ff59f9750cc64b07a8761baf2720c7ad.jpeg,Data Store Object,0.17051029205322266,"['Data Store Object', 'Composite Provider', 'BW4Cockpit (Stammdaten)', 'Data Flow Object', 'Datenvorschau']","[0.17051029205322266, 0.07112660259008408, 0.07051900029182434, 0.06896773725748062, 0.06896773725748062]"
..\Data\Rest Ungelabelt\ff99501a44b544aea81c98677161cbba.png,Query,0.18332962691783905,"['Query', 'Data Source', 'DTP', 'Transformationen', 'Datenvorschau']","[0.18332962691783905, 0.06841782480478287, 0.06805223226547241, 0.06803824007511139, 0.06803510338068008]"
..\Data\Rest Ungelabelt\ff9e35063858465b84f84f3d4c2c5a22.png,Data Source,0.14479407668113708,"['Data Source', 'DTP', 'Datenvorschau', 'Data Store Object', 'Data Mart']","[0.14479407668113708, 0.0862913653254509, 0.07249194383621216, 0.0699792131781578, 0.06965088099241257]"
..\Data\Rest Ungelabelt\ffccee5c46e44f429d8e80a629392c9e.png,Data Store Object,0.12880352139472961,"['Data Store Object', 'Datenvorschau', 'BW4Cockpit (Stammdaten)', 'Query', 'Data Mart']","[0.12880352139472961, 0.09151986241340637, 0.07269444316625595, 0.07212452590465546, 0.07156605273485184]"
..\Data\Rest Ungelabelt\ffd5544b704b4212a0f0a8b7cdf2ab01.png,Excel,0.18430958688259125,"['Excel', 'Data Flow Object', 'Bewegungsdaten', 'Composite Provider', 'Transformationen']","[0.18430958688259125, 0.06800258904695511, 0.06798975169658661, 0.06798932701349258, 0.06798051297664642]"
..\Data\Rest Ungelabelt\ffe11c66d30746e29b46e5a8dbf7c831.jpeg,Data Store Object,0.13669344782829285,"['Data Store Object', 'Datenvorschau', 'Data Source', 'Data Mart', 'Composite Provider']","[0.13669344782829285, 0.08701733499765396, 0.07535053789615631, 0.07164384424686432, 0.07006270438432693]"
..\Data\Rest Ungelabelt\fffc579ea98d46528a52b6881ab0e2a9.png,Composite Provider,0.1843881756067276,"['Composite Provider', 'Data Store Object', 'Data Flow Object', 'DTP', 'Transformationen']","[0.1843881756067276, 0.06806275993585587, 0.06796769797801971, 0.0679607093334198, 0.06796053051948547]"
